# Blender 5.1.0
# www.blender.org
g Asteroid_1_Sphere.002
v 0.008035 1.101645 0.005970
v 0.002687 0.861142 -0.575044
v 0.002528 0.510102 -0.757321
v 0.006616 0.164585 -0.830242
v 0.009174 0.001715 -0.900937
v 0.009374 -0.176406 -0.902853
v 0.000530 -0.520937 -0.771607
v 0.010977 -0.943748 0.011254
v 0.047308 1.103563 -0.216416
v 0.086390 1.013646 -0.419629
v 0.114038 0.853012 -0.561352
v 0.147353 0.711514 -0.700738
v 0.148979 0.507633 -0.742316
v 0.158475 0.330622 -0.798744
v 0.166918 0.167290 -0.829887
v 0.171610 0.003723 -0.847640
v 0.164307 -0.162614 -0.812990
v 0.161891 -0.338520 -0.803883
v 0.148653 -0.511917 -0.744420
v 0.129413 -0.648962 -0.627944
v 0.105888 -0.762041 -0.497166
v 0.071400 -0.855136 -0.340940
v 0.046383 -0.949771 -0.180483
v 0.090668 1.099554 -0.202103
v 0.163871 1.019754 -0.394914
v 0.228154 0.876268 -0.553077
v 0.265982 0.696534 -0.643506
v 0.296062 0.520220 -0.719090
v 0.322382 0.351100 -0.790544
v 0.332559 0.175145 -0.816700
v 0.337939 0.000365 -0.825543
v 0.327271 -0.167806 -0.787234
v 0.297151 -0.317691 -0.712849
v 0.266258 -0.467734 -0.642013
v 0.236438 -0.622045 -0.565515
v 0.191450 -0.742236 -0.448965
v 0.137730 -0.853624 -0.317970
v 0.082159 -0.931348 -0.166835
v 0.128499 1.085067 -0.178399
v 0.230210 0.998661 -0.344086
v 0.313841 0.848337 -0.474713
v 0.370937 0.673716 -0.558878
v 0.432723 0.524215 -0.648397
v 0.475278 0.357253 -0.716650
v 0.476128 0.171159 -0.723564
v 0.493874 -0.006296 -0.748855
v 0.468833 -0.168052 -0.702295
v 0.427992 -0.318623 -0.643942
v 0.363567 -0.439761 -0.544452
v 0.341114 -0.621560 -0.505651
v 0.281278 -0.762280 -0.404438
v 0.206489 -0.880757 -0.288772
v 0.116846 -0.930400 -0.148137
v 0.162127 1.064641 -0.143240
v 0.284204 0.972139 -0.280914
v 0.396959 0.845438 -0.398840
v 0.490978 0.699062 -0.491368
v 0.591356 0.562110 -0.591015
v 0.630736 0.371965 -0.630736
v 0.639769 0.180398 -0.640981
v 0.624923 -0.006217 -0.632416
v 0.621256 -0.178410 -0.626726
v 0.585712 -0.345594 -0.592048
v 0.460987 -0.440702 -0.461436
v 0.436169 -0.629174 -0.429577
v 0.368396 -0.792830 -0.351714
v 0.260457 -0.884711 -0.246535
v 0.151508 -0.943057 -0.123757
v 0.186366 1.035181 -0.102877
v 0.327376 0.952896 -0.211759
v 0.468801 0.848986 -0.313170
v 0.617743 0.745805 -0.412860
v 0.766753 0.619245 -0.513021
v 0.782819 0.393479 -0.523170
v 0.793933 0.191191 -0.530489
v 0.778218 -0.001218 -0.522171
v 0.753688 -0.183650 -0.509870
v 0.699640 -0.351535 -0.472922
v 0.576079 -0.470128 -0.384198
v 0.524289 -0.647012 -0.344257
v 0.454378 -0.842689 -0.285678
v 0.282393 -0.828332 -0.193338
v 0.179854 -0.964743 -0.097770
v 0.212660 1.046231 -0.059963
v 0.355439 0.931980 -0.139138
v 0.512270 0.835367 -0.211638
v 0.677848 0.737156 -0.281599
v 0.841293 0.612435 -0.351471
v 0.921953 0.416066 -0.382248
v 0.949642 0.205288 -0.392506
v 0.904564 -0.000000 -0.374682
v 0.818978 -0.177678 -0.339249
v 0.765597 -0.345907 -0.317120
v 0.671937 -0.493094 -0.277510
v 0.592293 -0.658328 -0.241425
v 0.470771 -0.783152 -0.187718
v 0.308125 -0.811936 -0.135277
v 0.198756 -0.978348 -0.067835
v 0.213805 1.019201 -0.027998
v 0.370578 0.915511 -0.065671
v 0.551492 0.847206 -0.106853
v 0.714118 0.732462 -0.141871
v 0.827372 0.566734 -0.165297
v 0.989397 0.412841 -0.194886
v 0.999608 0.199299 -0.195085
v 0.950344 0.000337 -0.188725
v 0.877791 -0.179359 -0.174603
v 0.856600 -0.364305 -0.170388
v 0.720274 -0.498277 -0.142767
v 0.618819 -0.649291 -0.120855
v 0.500225 -0.791071 -0.094082
v 0.331716 -0.821421 -0.069009
v 0.209633 -0.981986 -0.032980
v 0.201549 0.979856 0.000693
v 0.377906 0.913570 0.010058
v 0.575756 0.866756 0.007721
v 0.719288 0.725177 0.004346
v 0.806546 0.540637 0.001648
v 0.973738 0.397658 0.003958
v 1.058346 0.207479 0.002458
v 1.028529 -0.002620 0.005753
v 0.966619 -0.194817 0.002108
v 0.889764 -0.370985 0.000412
v 0.776844 -0.527125 0.003237
v 0.624087 -0.639853 0.000489
v 0.519248 -0.810988 0.001625
v 0.344092 -0.837430 0.000237
v 0.207822 -0.960444 0.005124
v 0.186025 0.953438 0.031450
v 0.375048 0.918342 0.086322
v 0.575689 0.880826 0.129015
v 0.675228 0.697411 0.144994
v 0.783741 0.533888 0.161580
v 0.963686 0.402327 0.200026
v 1.037206 0.207703 0.224866
v 1.015754 -0.007588 0.209351
v 0.926523 -0.188943 0.191249
v 0.850410 -0.361605 0.173401
v 0.723717 -0.498113 0.146553
v 0.619963 -0.646311 0.122707
v 0.503595 -0.789863 0.098163
v 0.348647 -0.867903 0.067217
v 0.201146 -0.947017 0.044725
v 0.170880 0.945802 0.066263
v 0.354297 0.914967 0.155433
v 0.496229 0.810060 0.207763
v 0.631735 0.690621 0.268151
v 0.745028 0.536085 0.312953
v 0.889773 0.384101 0.381107
v 0.832522 0.183037 0.336980
v 0.939936 0.000438 0.399940
v 0.878660 -0.192327 0.370928
v 0.834229 -0.374262 0.353745
v 0.706052 -0.509800 0.296584
v 0.590348 -0.647700 0.244070
v 0.470963 -0.782648 0.192204
v 0.320335 -0.844829 0.126959
v 0.180904 -0.913929 0.081863
v 0.151927 0.940651 0.100738
v 0.312508 0.891897 0.210665
v 0.454968 0.814146 0.307415
v 0.587771 0.712557 0.395225
v 0.689657 0.552655 0.460897
v 0.794625 0.385414 0.530048
v 0.819094 0.190158 0.550363
v 0.806444 -0.001736 0.548051
v 0.777016 -0.187787 0.524918
v 0.709598 -0.356774 0.476018
v 0.641132 -0.510479 0.428674
v 0.552953 -0.677145 0.372061
v 0.409956 -0.762056 0.275773
v 0.275348 -0.806303 0.181194
v 0.159555 -0.899430 0.110828
v 0.134653 0.952645 0.136066
v 0.263412 0.882561 0.259241
v 0.373933 0.794269 0.374197
v 0.506638 0.721332 0.506426
v 0.593605 0.561016 0.592108
v 0.620712 0.357429 0.617999
v 0.669248 0.183176 0.673534
v 0.704135 -0.005764 0.721496
v 0.670333 -0.190902 0.678272
v 0.660376 -0.379729 0.654097
v 0.563975 -0.525787 0.558281
v 0.459601 -0.677508 0.471621
v 0.344111 -0.757613 0.352067
v 0.235122 -0.807077 0.232326
v 0.130214 -0.858561 0.118467
v 0.113128 0.971300 0.166744
v 0.208161 0.888150 0.304588
v 0.281888 0.771477 0.427286
v 0.381823 0.700056 0.576924
v 0.436122 0.532626 0.658193
v 0.468908 0.353285 0.716384
v 0.516001 0.176716 0.782794
v 0.515088 0.001991 0.760124
v 0.516646 -0.184589 0.774398
v 0.487416 -0.358608 0.727092
v 0.415418 -0.498669 0.619100
v 0.347514 -0.640303 0.525114
v 0.266093 -0.738410 0.404039
v 0.181758 -0.791241 0.268816
v 0.099294 -0.835653 0.131723
v 0.092136 1.004729 0.195241
v 0.140995 0.863431 0.328781
v 0.195285 0.782956 0.483315
v 0.259004 0.702763 0.637500
v 0.277749 0.500178 0.682600
v 0.305115 0.323097 0.725082
v 0.336049 0.173743 0.818659
v 0.355197 -0.003394 0.852696
v 0.361727 -0.185475 0.871380
v 0.329186 -0.358373 0.802107
v 0.282883 -0.499150 0.686826
v 0.228593 -0.605753 0.553620
v 0.175439 -0.701757 0.428428
v 0.121793 -0.770433 0.292865
v 0.068496 -0.837060 0.149029
v 0.061822 1.033474 0.214199
v 0.076720 0.869880 0.351333
v 0.099598 0.761155 0.495931
v 0.128148 0.660481 0.643118
v 0.137928 0.482502 0.700930
v 0.151002 0.333160 0.778266
v 0.167784 0.170202 0.835918
v 0.182748 -0.001051 0.903832
v 0.180053 -0.186121 0.893933
v 0.164413 -0.334990 0.802148
v 0.136654 -0.477533 0.695400
v 0.110781 -0.583757 0.566827
v 0.087375 -0.698165 0.455130
v 0.061352 -0.766285 0.311497
v 0.040230 -0.867068 0.176548
v 0.014285 1.037766 0.216951
v 0.006436 0.889695 0.365721
v 0.003055 0.784413 0.522188
v 0.006058 0.678200 0.677166
v 0.005913 0.482909 0.721646
v 0.002799 0.343261 0.822089
v 0.003741 0.185097 0.920980
v 0.000318 0.000026 0.949345
v 0.000360 -0.187501 0.928382
v 0.000991 -0.361837 0.857737
v -0.000704 -0.462557 0.683416
v -0.002895 -0.568570 0.561445
v -0.003617 -0.656116 0.437581
v -0.001457 -0.752164 0.314842
v 0.008338 -0.877894 0.192224
v -0.031751 1.051806 0.214833
v -0.068464 0.913913 0.368295
v -0.100255 0.790649 0.516863
v -0.127527 0.700595 0.691692
v -0.152402 0.500162 0.723753
v -0.168702 0.372281 0.874349
v -0.181683 0.189883 0.925566
v -0.172883 0.000000 0.869140
v -0.177984 -0.182784 0.894783
v -0.150716 -0.325722 0.757713
v -0.125955 -0.441431 0.629003
v -0.104896 -0.540928 0.522284
v -0.085949 -0.644771 0.425494
v -0.061526 -0.747097 0.310120
v -0.027194 -0.878477 0.185885
v -0.075397 1.055416 0.203114
v -0.147732 0.945302 0.359959
v -0.206165 0.809106 0.499719
v -0.259165 0.693581 0.643537
v -0.307824 0.551204 0.771322
v -0.357432 0.391281 0.868572
v -0.364159 0.192992 0.878789
v -0.340567 -0.001544 0.824125
v -0.319195 -0.172259 0.777211
v -0.285790 -0.319764 0.693872
v -0.239298 -0.439958 0.587886
v -0.196403 -0.530968 0.483925
v -0.157681 -0.630224 0.395531
v -0.116949 -0.743189 0.293181
v -0.060616 -0.877128 0.173706
v -0.117232 1.062014 0.184364
v -0.216039 0.942641 0.324278
v -0.303613 0.823238 0.460080
v -0.380987 0.696876 0.579073
v -0.455134 0.552028 0.689863
v -0.522947 0.393876 0.788644
v -0.525582 0.193637 0.792529
v -0.530704 -0.005538 0.802467
v -0.496431 -0.177292 0.737303
v -0.453785 -0.352382 0.689813
v -0.376815 -0.479222 0.580303
v -0.273738 -0.487878 0.400070
v -0.223441 -0.616235 0.344330
v -0.172316 -0.766680 0.274297
v -0.092371 -0.888360 0.160164
v -0.151622 1.061818 0.156745
v -0.277674 0.945923 0.280444
v -0.393086 0.838488 0.396749
v -0.508584 0.727657 0.513807
v -0.616470 0.585863 0.617091
v -0.706742 0.416740 0.709806
v -0.748439 0.212924 0.769411
v -0.750579 -0.000366 0.761820
v -0.723037 -0.227769 0.748433
v -0.668714 -0.410177 0.689652
v -0.516585 -0.504976 0.528244
v -0.365966 -0.513071 0.356352
v -0.295852 -0.641948 0.306787
v -0.219097 -0.772822 0.235683
v -0.115670 -0.877834 0.138335
v -0.181436 1.076827 0.124600
v -0.329139 0.958420 0.223240
v -0.469663 0.850645 0.314129
v -0.623020 0.757827 0.421982
v -0.746710 0.604516 0.500087
v -0.881798 0.441319 0.589270
v -0.944508 0.227774 0.643588
v -0.984264 0.000210 0.663880
v -0.948730 -0.236011 0.643957
v -0.813336 -0.421878 0.566050
v -0.603025 -0.503173 0.416856
v -0.494618 -0.632258 0.362257
v -0.377276 -0.714239 0.285566
v -0.259563 -0.781558 0.187949
v -0.135858 -0.884728 0.114650
v -0.202861 1.085857 0.085248
v -0.376662 0.989295 0.157596
v -0.565909 0.921398 0.234407
v -0.744806 0.810230 0.308863
v -0.887287 0.644649 0.367526
v -0.947591 0.426588 0.391934
v -1.066317 0.228258 0.434580
v -1.102999 0.000008 0.450304
v -1.043068 -0.226303 0.432034
v -0.896121 -0.406650 0.375712
v -0.727227 -0.533663 0.304175
v -0.590588 -0.655613 0.255954
v -0.446937 -0.741787 0.197553
v -0.300472 -0.820189 0.139696
v -0.158001 -0.880367 0.077819
v -0.218635 1.099725 0.043455
v -0.420669 1.041558 0.083546
v -0.643566 0.985893 0.127726
v -0.851204 0.870439 0.168074
v -1.001906 0.684767 0.197068
v -1.036315 0.436920 0.202757
v -1.110549 0.215836 0.198257
v -1.137168 0.000033 0.206358
v -1.040092 -0.207876 0.197857
v -0.869714 -0.371251 0.169065
v -0.769577 -0.529461 0.147682
v -0.640269 -0.659545 0.128070
v -0.491333 -0.761962 0.103794
v -0.342676 -0.877732 0.083456
v -0.174814 -0.874156 0.034860
v -0.228190 1.132957 -0.002036
v -0.443239 1.077440 -0.000244
v -0.676386 1.013061 -0.001496
v -0.860788 0.857139 -0.008587
v -1.016135 0.680356 -0.003391
v -1.080560 0.448446 -0.007735
v -1.063375 0.202660 -0.019515
v -1.061305 -0.000136 -0.011066
v -0.997536 -0.198020 -0.003973
v -0.882152 -0.372553 -0.006217
v -0.804497 -0.540963 -0.015956
v -0.661310 -0.661466 -0.005658
v -0.518806 -0.780444 -0.001306
v -0.361666 -0.902599 0.006720
v -0.179519 -0.861879 -0.005130
v -0.222662 1.112136 -0.044337
v -0.437182 1.083995 -0.087162
v -0.655180 1.000956 -0.130733
v -0.824205 0.835746 -0.165893
v -0.991149 0.673103 -0.203196
v -1.045115 0.439233 -0.222622
v -1.030544 0.202428 -0.230682
v -1.029885 -0.000794 -0.218677
v -0.940753 -0.193134 -0.192287
v -0.852103 -0.370066 -0.173108
v -0.671011 -0.462715 -0.131952
v -0.664284 -0.666141 -0.144046
v -0.515684 -0.784168 -0.109685
v -0.361746 -0.912715 -0.071572
v -0.178346 -0.868704 -0.043166
v -0.206993 1.085874 -0.085137
v -0.406889 1.072730 -0.168684
v -0.596110 0.969586 -0.246849
v -0.728910 0.789716 -0.303690
v -0.856457 0.608926 -0.361227
v -0.936977 0.402523 -0.422012
v -0.895263 0.190566 -0.381587
v -0.899940 -0.001947 -0.396553
v -0.857181 -0.187809 -0.362041
v -0.802314 -0.368621 -0.331012
v -0.683283 -0.499606 -0.286453
v -0.604368 -0.651259 -0.260031
v -0.497261 -0.801506 -0.218695
v -0.353875 -0.934722 -0.149064
v -0.167701 -0.905017 -0.070481
v -0.185803 1.082995 -0.124268
v -0.358829 1.053212 -0.239693
v -0.508713 0.920340 -0.339912
v -0.626222 0.755055 -0.419540
v -0.733305 0.581008 -0.499444
v -0.741038 0.359855 -0.508292
v -0.720804 0.167168 -0.492015
v -0.731535 -0.006571 -0.500387
v -0.735496 -0.180074 -0.497395
v -0.699366 -0.355054 -0.466672
v -0.622482 -0.504694 -0.417459
v -0.564220 -0.679030 -0.395329
v -0.476514 -0.842920 -0.338185
v -0.323735 -0.939692 -0.219691
v -0.149749 -0.927149 -0.096333
v -0.157973 1.093043 -0.158415
v -0.299170 1.031259 -0.298821
v -0.420185 0.894180 -0.420185
v -0.529559 0.752461 -0.529683
v -0.602065 0.563385 -0.604674
v -0.614718 0.355685 -0.617866
v -0.594892 0.154850 -0.599755
v -0.628826 -0.013183 -0.627916
v -0.581472 -0.169128 -0.576832
v -0.565646 -0.333324 -0.555074
v -0.522196 -0.495352 -0.521841
v -0.458348 -0.650883 -0.454665
v -0.395360 -0.826497 -0.400483
v -0.276892 -0.934851 -0.278482
v -0.127178 -0.950064 -0.121022
v -0.127757 1.128999 -0.189360
v -0.230774 1.013221 -0.345999
v -0.335774 0.912500 -0.505244
v -0.410664 0.742666 -0.619140
v -0.450212 0.542779 -0.674318
v -0.464381 0.344930 -0.693973
v -0.479027 0.162461 -0.710045
v -0.536351 -0.005264 -0.783713
v -0.449113 -0.152132 -0.695640
v -0.465625 -0.342931 -0.668752
v -0.428110 -0.511083 -0.629174
v -0.345833 -0.627288 -0.517110
v -0.309736 -0.821226 -0.460970
v -0.214854 -0.913019 -0.318372
v -0.101843 -0.948204 -0.152645
v -0.088878 1.135742 -0.211019
v -0.157632 1.016570 -0.389412
v -0.234591 0.935711 -0.577656
v -0.303362 0.795266 -0.757341
v -0.312854 0.549075 -0.758490
v -0.324434 0.353741 -0.783224
v -0.342815 0.174496 -0.816462
v -0.356459 -0.000933 -0.840869
v -0.378956 -0.192837 -0.862852
v -0.330092 -0.349449 -0.764049
v -0.306794 -0.524919 -0.716065
v -0.273197 -0.688164 -0.635093
v -0.228211 -0.814701 -0.518266
v -0.152304 -0.912992 -0.355131
v -0.069220 -0.957704 -0.172340
v -0.043244 1.111181 -0.220105
v -0.076444 1.003948 -0.411646
v -0.106778 0.905995 -0.600223
v -0.142166 0.763501 -0.756824
v -0.147942 0.516255 -0.753159
v -0.158795 0.340176 -0.799417
v -0.167149 0.171258 -0.838105
v -0.184932 0.000072 -0.910167
v -0.182921 -0.184293 -0.893356
v -0.173167 -0.353878 -0.832020
v -0.159039 -0.534426 -0.776667
v -0.132335 -0.689999 -0.670762
v -0.108752 -0.805625 -0.533369
v -0.074566 -0.879146 -0.358527
v -0.032884 -0.963458 -0.185268
v 0.001953 1.100462 -0.221019
v 0.005430 0.988309 -0.416285
v 0.011036 0.725336 -0.725460
v 0.001885 0.318444 -0.767512
v 0.001287 -0.359090 -0.868130
v 0.007598 -0.664175 -0.654383
v -0.001748 -0.763300 -0.509490
v 0.000292 -0.872447 -0.358923
v 0.007227 -0.960259 -0.187150
vn 0.2437 0.9501 0.1946
vn 0.2072 0.7353 -0.6453
vn 0.0719 0.1380 -0.9878
vn 0.0580 0.3090 -0.9493
vn 0.1603 0.1314 -0.9783
vn 0.1937 -0.1323 -0.9721
vn 0.1399 -0.5136 -0.8466
vn -0.1003 -0.9621 0.2536
vn -0.0203 0.9751 -0.2210
vn -0.0256 0.8165 -0.5768
vn 0.0935 0.6914 -0.7164
vn 0.2040 0.4552 -0.8667
vn 0.1027 0.2527 -0.9621
vn -0.0146 0.2430 -0.9699
vn 0.0522 0.1982 -0.9788
vn 0.2066 0.0088 -0.9784
vn 0.3413 -0.1768 -0.9232
vn 0.4424 -0.2923 -0.8478
vn 0.4375 -0.4921 -0.7526
vn 0.3720 -0.6724 -0.6400
vn 0.2922 -0.7900 -0.5391
vn 0.2831 -0.8384 -0.4657
vn 0.3320 -0.9254 -0.1828
vn 0.2374 0.9637 -0.1219
vn 0.2965 0.8414 -0.4517
vn 0.3772 0.6486 -0.6611
vn 0.4161 0.4779 -0.7736
vn 0.3114 0.4012 -0.8614
vn 0.2577 0.2646 -0.9293
vn 0.2903 0.1180 -0.9496
vn 0.3081 -0.0715 -0.9487
vn 0.3530 -0.3025 -0.8854
vn 0.4939 -0.4196 -0.7616
vn 0.5953 -0.4478 -0.6672
vn 0.5137 -0.5633 -0.6472
vn 0.3078 -0.7439 -0.5932
vn 0.1806 -0.8445 -0.5041
vn 0.1963 -0.9572 -0.2125
vn 0.4249 0.9051 -0.0122
vn 0.5364 0.7955 -0.2818
vn 0.5600 0.6277 -0.5408
vn 0.4425 0.5520 -0.7067
vn 0.3620 0.4726 -0.8035
vn 0.4287 0.2277 -0.8742
vn 0.5019 0.0766 -0.8615
vn 0.5199 -0.0740 -0.8510
vn 0.4457 -0.3081 -0.8405
vn 0.3839 -0.5560 -0.7372
vn 0.5039 -0.5153 -0.6932
vn 0.4933 -0.4622 -0.7369
vn 0.2470 -0.7015 -0.6685
vn 0.0837 -0.8580 -0.5068
vn -0.0264 -0.9645 -0.2628
vn 0.5042 0.8584 0.0941
vn 0.5467 0.8136 -0.1979
vn 0.4495 0.7350 -0.5076
vn 0.2659 0.6620 -0.7007
vn 0.2995 0.4578 -0.8371
vn 0.4656 0.1579 -0.8708
vn 0.5465 0.0173 -0.8372
vn 0.5795 -0.0759 -0.8114
vn 0.5447 -0.2331 -0.8056
vn 0.4010 -0.5883 -0.7022
vn 0.4438 -0.5728 -0.6891
vn 0.5164 -0.3890 -0.7629
vn 0.3410 -0.7315 -0.5904
vn 0.2873 -0.9099 -0.2992
vn 0.0694 -0.9626 -0.2621
vn 0.4466 0.8933 -0.0511
vn 0.5263 0.8417 -0.1205
vn 0.4631 0.8412 -0.2792
vn 0.3823 0.8139 -0.4376
vn 0.5513 0.5255 -0.6480
vn 0.6311 0.1420 -0.7626
vn 0.6425 -0.0208 -0.7660
vn 0.6942 -0.1639 -0.7009
vn 0.7592 -0.2710 -0.5917
vn 0.6453 -0.5663 -0.5128
vn 0.5521 -0.5799 -0.5992
vn 0.6534 -0.4387 -0.6169
vn 0.4987 -0.8419 -0.2063
vn 0.4496 -0.8930 -0.0206
vn 0.2401 -0.9232 -0.3002
vn 0.4538 0.8859 0.0965
vn 0.5197 0.8538 -0.0302
vn 0.4830 0.8676 -0.1179
vn 0.5753 0.8100 -0.1136
vn 0.7672 0.6031 -0.2184
vn 0.8628 0.2677 -0.4288
vn 0.8613 -0.0473 -0.5058
vn 0.8555 -0.2839 -0.4331
vn 0.8647 -0.3259 -0.3823
vn 0.7781 -0.4806 -0.4045
vn 0.7050 -0.5727 -0.4183
vn 0.7741 -0.5489 -0.3154
vn 0.5261 -0.8491 -0.0485
vn 0.4603 -0.8833 -0.0894
vn 0.2957 -0.9149 -0.2749
vn 0.4759 0.7239 0.4995
vn 0.4485 0.8909 0.0717
vn 0.4631 0.8764 -0.1319
vn 0.7033 0.7102 -0.0299
vn 0.7764 0.6267 0.0665
vn 0.9050 0.4176 -0.0815
vn 0.9692 -0.0298 -0.2443
vn 0.9049 -0.2931 -0.3084
vn 0.8820 -0.3050 -0.3591
vn 0.8182 -0.4434 -0.3660
vn 0.7290 -0.6247 -0.2798
vn 0.7612 -0.6206 -0.1880
vn 0.4950 -0.8494 -0.1830
vn 0.4463 -0.8704 -0.2077
vn 0.3665 -0.9304 0.0025
vn 0.3664 0.7618 0.5342
vn 0.2934 0.9527 0.0793
vn 0.5139 0.8570 -0.0380
vn 0.7983 0.5939 0.1003
vn 0.7579 0.6375 0.1386
vn 0.8332 0.5511 0.0446
vn 0.9943 0.0783 -0.0720
vn 0.9575 -0.2577 -0.1298
vn 0.9297 -0.3529 -0.1054
vn 0.8645 -0.5016 -0.0328
vn 0.7317 -0.6816 0.0052
vn 0.7598 -0.6501 -0.0039
vn 0.5617 -0.8242 -0.0725
vn 0.4484 -0.8867 -0.1129
vn 0.3589 -0.9167 0.1754
vn 0.3299 0.8662 0.3754
vn 0.1919 0.9591 0.2083
vn 0.5015 0.8080 0.3092
vn 0.7592 0.5722 0.3101
vn 0.7143 0.6716 0.1970
vn 0.7980 0.5292 0.2885
vn 0.9086 0.1317 0.3963
vn 0.9352 -0.1767 0.3070
vn 0.9053 -0.3764 0.1971
vn 0.8366 -0.5203 0.1714
vn 0.7344 -0.6602 0.1574
vn 0.7476 -0.6438 0.1632
vn 0.5800 -0.7989 0.1593
vn 0.3866 -0.9034 0.1857
vn 0.2022 -0.9118 0.3574
vn 0.3181 0.8891 0.3293
vn 0.1940 0.9182 0.3453
vn 0.4540 0.7925 0.4071
vn 0.6975 0.6570 0.2863
vn 0.7067 0.6628 0.2475
vn 0.8306 0.3560 0.4281
vn 0.8480 0.1082 0.5189
vn 0.8593 -0.0368 0.5102
vn 0.8401 -0.3398 0.4227
vn 0.7916 -0.5060 0.3426
vn 0.7348 -0.6418 0.2192
vn 0.7111 -0.6754 0.1955
vn 0.4462 -0.8412 0.3055
vn 0.2169 -0.8434 0.4915
vn 0.0875 -0.8091 0.5811
vn 0.3894 0.8815 0.2669
vn 0.2245 0.9192 0.3234
vn 0.3856 0.8710 0.3043
vn 0.6071 0.7401 0.2892
vn 0.6899 0.5785 0.4352
vn 0.7471 0.3320 0.5758
vn 0.8149 0.1540 0.5587
vn 0.8343 -0.0263 0.5507
vn 0.7990 -0.2786 0.5329
vn 0.7680 -0.4556 0.4502
vn 0.7163 -0.5951 0.3643
vn 0.5965 -0.7376 0.3165
vn 0.2982 -0.9066 0.2987
vn 0.1299 -0.8753 0.4658
vn -0.0369 -0.7669 0.6407
vn 0.5285 0.8380 0.1360
vn 0.2835 0.8981 0.3361
vn 0.1989 0.8804 0.4305
vn 0.3607 0.7634 0.5358
vn 0.5066 0.4594 0.7295
vn 0.5036 0.3301 0.7984
vn 0.5544 0.2275 0.8006
vn 0.6138 -0.0334 0.7888
vn 0.6582 -0.2183 0.7205
vn 0.6386 -0.4548 0.6208
vn 0.5002 -0.6393 0.5840
vn 0.3280 -0.7644 0.5551
vn 0.1510 -0.9171 0.3689
vn 0.0291 -0.9170 0.3977
vn -0.1766 -0.7308 0.6593
vn 0.5973 0.7815 0.1800
vn 0.3129 0.8519 0.4199
vn 0.1848 0.8778 0.4419
vn 0.2211 0.7123 0.6661
vn 0.2609 0.3595 0.8959
vn 0.2676 0.3594 0.8940
vn 0.3471 0.2539 0.9028
vn 0.4067 0.0342 0.9129
vn 0.4468 -0.1480 0.8823
vn 0.3657 -0.4802 0.7973
vn 0.2276 -0.6563 0.7194
vn 0.0904 -0.7275 0.6801
vn -0.0473 -0.8503 0.5241
vn -0.0849 -0.9040 0.4190
vn -0.0112 -0.8538 0.5205
vn 0.6310 0.7159 0.2988
vn 0.2671 0.7999 0.5374
vn 0.0673 0.8726 0.4838
vn 0.0967 0.6518 0.7522
vn 0.1260 0.3141 0.9410
vn 0.1319 0.3899 0.9114
vn 0.2039 0.3184 0.9258
vn 0.3211 0.1135 0.9402
vn 0.3183 -0.1765 0.9314
vn 0.1958 -0.5345 0.8222
vn 0.0940 -0.6950 0.7128
vn 0.0081 -0.7494 0.6620
vn -0.0390 -0.8263 0.5619
vn 0.0762 -0.9012 0.4266
vn 0.3834 -0.8452 0.3723
vn 0.4164 0.7917 0.4471
vn 0.2769 0.7509 0.5996
vn 0.1189 0.8305 0.5443
vn 0.0980 0.5629 0.8207
vn 0.1724 0.3562 0.9184
vn 0.2518 0.4401 0.8619
vn 0.2797 0.3595 0.8902
vn 0.2432 0.1244 0.9620
vn 0.1818 -0.2458 0.9521
vn 0.0882 -0.5719 0.8156
vn -0.0326 -0.7250 0.6880
vn -0.1117 -0.7502 0.6518
vn -0.1225 -0.8074 0.5771
vn 0.0645 -0.8537 0.5167
vn 0.4569 -0.7983 0.3924
vn 0.2141 0.8277 0.5187
vn 0.2292 0.7366 0.6363
vn 0.2177 0.8101 0.5443
vn 0.1894 0.5569 0.8087
vn 0.1879 0.4258 0.8851
vn 0.2494 0.5037 0.8271
vn 0.1781 0.2555 0.9502
vn 0.0140 0.0294 0.9995
vn -0.0558 -0.2769 0.9593
vn -0.1001 -0.6493 0.7539
vn -0.2216 -0.7610 0.6098
vn -0.2829 -0.7265 0.6262
vn -0.2733 -0.7513 0.6007
vn -0.1442 -0.7629 0.6303
vn 0.0829 -0.8334 0.5464
vn 0.1595 0.8622 0.4808
vn 0.1398 0.7406 0.6572
vn 0.0592 0.8107 0.5825
vn 0.0447 0.6062 0.7941
vn 0.1476 0.4793 0.8652
vn 0.1197 0.4646 0.8774
vn -0.1053 0.0494 0.9932
vn -0.3108 -0.1091 0.9442
vn -0.4177 -0.2968 0.8588
vn -0.4006 -0.6564 0.6393
vn -0.3493 -0.7313 0.5859
vn -0.3397 -0.7172 0.6084
vn -0.2997 -0.7255 0.6195
vn -0.2198 -0.7259 0.6517
vn -0.1477 -0.8362 0.5282
vn -0.0150 0.9023 0.4308
vn -0.0619 0.7830 0.6189
vn -0.1144 0.7876 0.6055
vn -0.1572 0.6988 0.6978
vn -0.1078 0.6006 0.7922
vn -0.2093 0.3710 0.9047
vn -0.2856 -0.0493 0.9571
vn -0.2879 -0.2095 0.9344
vn -0.3022 -0.3677 0.8795
vn -0.1798 -0.6046 0.7760
vn -0.1521 -0.7949 0.5874
vn -0.3727 -0.7746 0.5109
vn -0.4447 -0.6497 0.6166
vn -0.2564 -0.6777 0.6892
vn -0.0760 -0.8202 0.5670
vn -0.1655 0.9197 0.3559
vn -0.2576 0.8106 0.5259
vn -0.2257 0.7804 0.5831
vn -0.2413 0.7221 0.6484
vn -0.2897 0.6276 0.7226
vn -0.3322 0.3527 0.8748
vn -0.2796 0.0244 0.9598
vn -0.1549 -0.1603 0.9748
vn -0.0450 -0.2951 0.9544
vn 0.0503 -0.5194 0.8531
vn 0.0739 -0.8583 0.5078
vn -0.2465 -0.8334 0.4946
vn -0.4319 -0.5547 0.7112
vn -0.2898 -0.6620 0.6912
vn -0.2012 -0.8741 0.4420
vn -0.1703 0.9068 0.3856
vn -0.3007 0.8211 0.4852
vn -0.2595 0.8167 0.5155
vn -0.2612 0.7453 0.6135
vn -0.3172 0.6435 0.6966
vn -0.3611 0.4432 0.8205
vn -0.3401 0.1513 0.9282
vn -0.2738 -0.0592 0.9600
vn -0.2141 -0.2884 0.9333
vn -0.1603 -0.6619 0.7323
vn 0.0178 -0.8867 0.4621
vn 0.0631 -0.7386 0.6712
vn -0.0879 -0.5047 0.8588
vn -0.2876 -0.7093 0.6435
vn -0.3551 -0.8641 0.3567
vn -0.1286 0.9037 0.4083
vn -0.2449 0.8131 0.5280
vn -0.1992 0.8106 0.5507
vn -0.2968 0.7357 0.6088
vn -0.4867 0.6216 0.6138
vn -0.6378 0.4948 0.5902
vn -0.6900 0.2700 0.6716
vn -0.6988 -0.0225 0.7150
vn -0.6632 -0.3908 0.6383
vn -0.4644 -0.7730 0.4322
vn -0.2377 -0.8556 0.4598
vn -0.1100 -0.7168 0.6885
vn -0.0505 -0.6978 0.7146
vn -0.1903 -0.7909 0.5816
vn -0.2674 -0.8901 0.3692
vn -0.1073 0.9062 0.4090
vn -0.1531 0.8083 0.5685
vn -0.1430 0.7817 0.6070
vn -0.3519 0.6960 0.6259
vn -0.6543 0.4911 0.5751
vn -0.8200 0.4008 0.4086
vn -0.8963 0.3019 0.3248
vn -0.9538 -0.0588 0.2946
vn -0.8614 -0.4769 0.1749
vn -0.6575 -0.7469 0.0992
vn -0.5598 -0.7885 0.2546
vn -0.4739 -0.7821 0.4047
vn -0.3186 -0.8240 0.4685
vn -0.1879 -0.8291 0.5265
vn -0.2366 -0.9292 0.2839
vn -0.0626 0.8661 0.4959
vn -0.1583 0.8559 0.4923
vn -0.3013 0.8606 0.4105
vn -0.5767 0.7443 0.3368
vn -0.8360 0.4408 0.3267
vn -0.9398 0.2473 0.2357
vn -0.9822 0.1850 0.0327
vn -0.9890 -0.1254 -0.0784
vn -0.8574 -0.5028 -0.1098
vn -0.7828 -0.6217 -0.0286
vn -0.7396 -0.6631 0.1148
vn -0.5966 -0.7749 0.2089
vn -0.4990 -0.7954 0.3439
vn -0.2222 -0.8987 0.3781
vn -0.1376 -0.9868 0.0855
vn -0.0499 0.9890 0.1392
vn -0.2294 0.9595 0.1636
vn -0.4598 0.8873 0.0354
vn -0.6808 0.7293 -0.0682
vn -0.8878 0.4585 -0.0400
vn -0.9901 0.1335 -0.0427
vn -0.9883 0.0209 -0.1514
vn -0.9569 -0.1788 -0.2288
vn -0.8608 -0.4722 -0.1898
vn -0.7956 -0.5828 -0.1656
vn -0.7790 -0.5975 -0.1901
vn -0.7084 -0.7051 -0.0315
vn -0.6107 -0.7787 0.1439
vn -0.2560 -0.9521 0.1670
vn -0.0917 -0.9945 0.0508
vn 0.0164 0.9432 -0.3319
vn -0.2102 0.9557 -0.2058
vn -0.4794 0.8257 -0.2973
vn -0.6181 0.6796 -0.3952
vn -0.7768 0.4913 -0.3940
vn -0.9190 0.1095 -0.3787
vn -0.9191 -0.0547 -0.3903
vn -0.9067 -0.1838 -0.3797
vn -0.8550 -0.4080 -0.3201
vn -0.7500 -0.5997 -0.2789
vn -0.7785 -0.5532 -0.2964
vn -0.8093 -0.5409 -0.2291
vn -0.6573 -0.7532 -0.0259
vn -0.3139 -0.9261 0.2095
vn -0.1236 -0.9214 0.3684
vn 0.0249 0.9613 -0.2744
vn -0.1576 0.9200 -0.3589
vn -0.4136 0.7412 -0.5287
vn -0.5140 0.6052 -0.6079
vn -0.5930 0.4459 -0.6704
vn -0.6801 0.0607 -0.7306
vn -0.6692 -0.0685 -0.7399
vn -0.7014 -0.1055 -0.7049
vn -0.7645 -0.3036 -0.5687
vn -0.7531 -0.5471 -0.3653
vn -0.8083 -0.5470 -0.2177
vn -0.8579 -0.4789 -0.1862
vn -0.7159 -0.6963 -0.0518
vn -0.3749 -0.9039 0.2061
vn -0.2007 -0.8530 0.4819
vn -0.0809 0.9913 -0.1041
vn -0.1749 0.8969 -0.4062
vn -0.3785 0.7110 -0.5926
vn -0.5046 0.6032 -0.6176
vn -0.5731 0.3675 -0.7324
vn -0.5822 -0.0174 -0.8129
vn -0.6024 -0.0191 -0.7979
vn -0.6263 -0.0266 -0.7791
vn -0.6159 -0.2139 -0.7582
vn -0.6254 -0.3884 -0.6768
vn -0.6784 -0.4719 -0.5631
vn -0.7116 -0.4840 -0.5094
vn -0.5925 -0.7158 -0.3697
vn -0.2986 -0.9542 -0.0176
vn -0.2230 -0.9231 0.3132
vn -0.2972 0.9547 0.0156
vn -0.2849 0.8800 -0.3800
vn -0.4110 0.7434 -0.5276
vn -0.4931 0.5823 -0.6464
vn -0.5293 0.2818 -0.8003
vn -0.5764 0.0066 -0.8171
vn -0.6859 0.1086 -0.7196
vn -0.7199 -0.0696 -0.6906
vn -0.6208 -0.2613 -0.7392
vn -0.6211 -0.2559 -0.7408
vn -0.5817 -0.4441 -0.6814
vn -0.4705 -0.4667 -0.7489
vn -0.3489 -0.6533 -0.6719
vn -0.1334 -0.9500 -0.2824
vn -0.0897 -0.9923 0.0860
vn -0.3247 0.9451 -0.0372
vn -0.3451 0.8714 -0.3487
vn -0.4698 0.7773 -0.4183
vn -0.5893 0.4831 -0.6476
vn -0.5232 0.1971 -0.8291
vn -0.5308 0.0953 -0.8421
vn -0.5984 0.2182 -0.7709
vn -0.6842 -0.0185 -0.7291
vn -0.7044 -0.3089 -0.6391
vn -0.7031 -0.2443 -0.6678
vn -0.6279 -0.4662 -0.6233
vn -0.5956 -0.5330 -0.6009
vn -0.4234 -0.6805 -0.5980
vn -0.1303 -0.9356 -0.3280
vn -0.0551 -0.9964 -0.0646
vn 0.0274 0.9698 -0.2424
vn -0.1169 0.8920 -0.4366
vn -0.2158 0.8486 -0.4830
vn -0.3359 0.4647 -0.8193
vn -0.3224 0.1226 -0.9386
vn -0.3125 0.1784 -0.9330
vn -0.3512 0.2502 -0.9023
vn -0.4193 0.1048 -0.9018
vn -0.5078 -0.2578 -0.8220
vn -0.5087 -0.3441 -0.7892
vn -0.4977 -0.4381 -0.7486
vn -0.4726 -0.6046 -0.6411
vn -0.2842 -0.7724 -0.5680
vn -0.0295 -0.9287 -0.3696
vn -0.0724 -0.9946 -0.0746
vn 0.2463 0.9184 -0.3095
vn 0.1645 0.8468 -0.5058
vn 0.2155 0.7813 -0.5858
vn 0.1498 0.3985 -0.9048
vn 0.0526 0.1020 -0.9934
vn 0.0327 0.2107 -0.9770
vn -0.0374 0.2988 -0.9536
vn -0.1186 0.1641 -0.9793
vn -0.1584 -0.1866 -0.9696
vn -0.2046 -0.3610 -0.9098
vn -0.1601 -0.4629 -0.8719
vn 0.0078 -0.6686 -0.7436
vn 0.1538 -0.8062 -0.5713
vn 0.1717 -0.8723 -0.4578
vn 0.0576 -0.9806 -0.1875
vn 0.0348 0.9625 -0.2689
vn 0.0675 0.8213 -0.5665
vn 0.2007 0.4227 -0.8837
vn 0.0201 0.2288 -0.9733
vn 0.1365 -0.3116 -0.9403
vn 0.2008 -0.6939 -0.6915
vn 0.2320 -0.8002 -0.5531
vn 0.2092 -0.8497 -0.4840
vn 0.1835 -0.9608 -0.2080
vt 0.656250 0.187500
vt 0.656250 0.125000
vt 0.687500 0.125000
vt 0.687500 0.187500
vt 0.656250 0.500000
vt 0.687500 0.500000
vt 0.687500 0.562500
vt 0.656250 0.562500
vt 0.718750 0.562500
vt 0.718750 0.625000
vt 0.687500 0.625000
vt 0.562500 0.875000
vt 0.593750 0.875000
vt 0.593750 0.937500
vt 0.562500 0.937500
vt 0.718750 0.312500
vt 0.718750 0.250000
vt 0.750000 0.250000
vt 0.750000 0.312500
vt 0.656250 0.062500
vt 0.687500 0.062500
vt 0.625000 0.875000
vt 0.625000 0.812500
vt 0.656250 0.812500
vt 0.656250 0.875000
vt 0.718750 0.062500
vt 0.718750 0.125000
vt 0.687500 0.750000
vt 0.718750 0.750000
vt 0.718750 0.812500
vt 0.687500 0.812500
vt 0.718750 0.687500
vt 0.750000 0.687500
vt 0.750000 0.750000
vt 0.656250 0.625000
vt 0.718750 0.187500
vt 0.750000 0.187500
vt 0.781250 0.437500
vt 0.781250 0.500000
vt 0.750000 0.500000
vt 0.750000 0.437500
vt 0.750000 0.062500
vt 0.890625 0.000000
vt 0.781250 0.062500
vt 0.750000 0.625000
vt 0.718750 0.875000
vt 0.687500 0.875000
vt 0.718750 0.500000
vt 0.750000 0.125000
vt 0.687500 0.437500
vt 0.718750 0.437500
vt 0.625000 0.312500
vt 0.656250 0.312500
vt 0.656250 0.375000
vt 0.625000 0.375000
vt 0.750000 0.562500
vt 0.593750 0.625000
vt 0.625000 0.625000
vt 0.625000 0.687500
vt 0.593750 0.687500
vt 0.625000 0.750000
vt 0.656250 0.750000
vt 0.781250 0.562500
vt 0.687500 0.375000
vt 0.718750 0.375000
vt 0.625000 0.062500
vt 0.625000 0.125000
vt 0.578125 1.000000
vt 0.656250 0.937500
vt 0.687500 0.937500
vt 0.625000 0.562500
vt 0.671875 1.000000
vt 0.750000 0.937500
vt 0.781250 0.937500
vt 0.656250 0.250000
vt 0.687500 0.250000
vt 0.687500 0.312500
vt 0.625000 0.937500
vt 0.718750 0.937500
vt 0.750000 0.875000
vt 0.750000 0.375000
vt 0.750000 0.812500
vt 0.656250 0.687500
vt 0.687500 0.687500
vt 0.625000 0.437500
vt 0.656250 0.437500
vt 0.625000 0.187500
vt 0.625000 0.250000
vt 0.593750 0.312500
vt 0.593750 0.375000
vt 0.593750 0.500000
vt 0.625000 0.500000
vt 0.593750 0.562500
vt 0.562500 0.812500
vt 0.593750 0.812500
vt 0.531250 0.875000
vt 0.531250 0.937500
vt 0.593750 0.187500
vt 0.593750 0.125000
vt 0.828125 0.000000
vt 0.593750 0.750000
vt 0.593750 0.062500
vt 0.546875 1.000000
vt 0.375000 0.750000
vt 0.406250 0.750000
vt 0.406250 0.812500
vt 0.375000 0.812500
vt 0.562500 0.375000
vt 0.562500 0.312500
vt 0.000000 0.062500
vt 0.031250 0.062500
vt 0.031250 0.125000
vt 0.000000 0.125000
vt 0.562500 0.062500
vt 0.562500 0.125000
vt 0.562500 0.250000
vt 0.593750 0.250000
vt 0.562500 0.687500
vt 0.562500 0.750000
vt 0.796875 0.000000
vt 0.531250 0.812500
vt 0.562500 0.187500
vt 0.562500 0.625000
vt 0.437500 0.750000
vt 0.468750 0.750000
vt 0.468750 0.812500
vt 0.437500 0.812500
vt 0.531250 0.250000
vt 0.531250 0.312500
vt 0.531250 0.062500
vt 0.640625 0.000000
vt 0.484375 1.000000
vt 0.500000 0.812500
vt 0.500000 0.875000
vt 0.593750 0.437500
vt 0.515625 1.000000
vt 0.500000 0.312500
vt 0.500000 0.250000
vt 0.765625 0.000000
vt 0.531250 0.125000
vt 0.562500 0.500000
vt 0.562500 0.562500
vt 0.531250 0.562500
vt 0.531250 0.500000
vt 0.562500 0.437500
vt 0.531250 0.375000
vt 0.531250 0.437500
vt 0.468750 0.062500
vt 0.500000 0.062500
vt 0.500000 0.125000
vt 0.468750 0.125000
vt 0.453125 1.000000
vt 0.531250 0.187500
vt 0.843750 0.625000
vt 0.875000 0.625000
vt 0.875000 0.687500
vt 0.843750 0.687500
vt 0.468750 0.875000
vt 0.500000 0.937500
vt 0.468750 0.937500
vt 0.406250 0.875000
vt 0.437500 0.875000
vt 0.437500 0.937500
vt 0.406250 0.937500
vt 0.734375 0.000000
vt 0.500000 0.687500
vt 0.531250 0.687500
vt 0.531250 0.750000
vt 0.500000 0.750000
vt 0.500000 0.187500
vt 0.500000 0.625000
vt 0.531250 0.625000
vt 0.500000 0.375000
vt 0.500000 0.562500
vt 0.062500 0.062500
vt 0.093750 0.062500
vt 0.093750 0.125000
vt 0.062500 0.125000
vt 0.468750 0.687500
vt 0.468750 0.375000
vt 0.500000 0.437500
vt 0.468750 0.437500
vt 0.437500 0.312500
vt 0.437500 0.250000
vt 0.468750 0.250000
vt 0.468750 0.312500
vt 0.703125 0.000000
vt 0.468750 0.562500
vt 0.468750 0.500000
vt 0.500000 0.500000
vt 0.406250 0.625000
vt 0.437500 0.625000
vt 0.437500 0.687500
vt 0.406250 0.687500
vt 0.421875 1.000000
vt 0.437500 0.437500
vt 0.437500 0.500000
vt 0.468750 0.625000
vt 0.437500 0.125000
vt 0.468750 0.187500
vt 0.437500 0.187500
vt 0.609375 0.000000
vt 0.437500 0.375000
vt 0.437500 0.562500
vt 0.437500 0.062500
vt 0.390625 1.000000
vt 0.406250 0.375000
vt 0.406250 0.437500
vt 0.375000 0.875000
vt 0.375000 0.250000
vt 0.406250 0.250000
vt 0.406250 0.312500
vt 0.375000 0.312500
vt 0.406250 0.500000
vt 0.406250 0.562500
vt 0.359375 1.000000
vt 0.218750 0.375000
vt 0.250000 0.375000
vt 0.250000 0.437500
vt 0.218750 0.437500
vt 0.343750 0.937500
vt 0.343750 0.875000
vt 0.375000 0.937500
vt 0.406250 0.062500
vt 0.546875 0.000000
vt 0.375000 0.125000
vt 0.406250 0.125000
vt 0.406250 0.187500
vt 0.375000 0.187500
vt 0.375000 0.562500
vt 0.375000 0.625000
vt 0.343750 0.812500
vt 0.375000 0.375000
vt 0.375000 0.062500
vt 0.375000 0.687500
vt 0.375000 0.500000
vt 0.328125 1.000000
vt 0.343750 0.312500
vt 0.343750 0.375000
vt 0.312500 0.250000
vt 0.343750 0.250000
vt 0.312500 0.312500
vt 0.578125 0.000000
vt 0.343750 0.500000
vt 0.343750 0.562500
vt 0.375000 0.437500
vt 0.296875 1.000000
vt 0.343750 0.437500
vt 0.343750 0.750000
vt 0.234375 1.000000
vt 0.312500 0.937500
vt 0.312500 0.375000
vt 0.312500 0.437500
vt 0.312500 0.562500
vt 0.343750 0.625000
vt 0.312500 0.625000
vt 0.312500 0.062500
vt 0.343750 0.062500
vt 0.343750 0.125000
vt 0.312500 0.125000
vt 0.281250 0.875000
vt 0.281250 0.812500
vt 0.312500 0.812500
vt 0.312500 0.875000
vt 0.250000 0.875000
vt 0.281250 0.937500
vt 0.250000 0.937500
vt 0.343750 0.687500
vt 0.343750 0.187500
vt 0.312500 0.187500
vt 0.312500 0.687500
vt 0.312500 0.750000
vt 0.312500 0.500000
vt 0.828125 1.000000
vt 0.906250 0.937500
vt 0.937500 0.937500
vt 0.265625 1.000000
vt 0.281250 0.312500
vt 0.281250 0.375000
vt 0.187500 0.875000
vt 0.218750 0.875000
vt 0.218750 0.937500
vt 0.187500 0.937500
vt 0.515625 0.000000
vt 0.218750 0.062500
vt 0.250000 0.062500
vt 0.250000 0.125000
vt 0.218750 0.125000
vt 0.281250 0.437500
vt 0.281250 0.250000
vt 0.281250 0.687500
vt 0.281250 0.750000
vt 0.250000 0.312500
vt 0.281250 0.062500
vt 0.281250 0.125000
vt 0.250000 0.500000
vt 0.281250 0.500000
vt 0.281250 0.562500
vt 0.250000 0.562500
vt 0.218750 0.812500
vt 0.250000 0.812500
vt 0.281250 0.187500
vt 0.250000 0.187500
vt 0.281250 0.625000
vt 0.484375 0.000000
vt 0.250000 0.687500
vt 0.250000 0.750000
vt 0.203125 1.000000
vt 0.187500 0.625000
vt 0.218750 0.625000
vt 0.218750 0.687500
vt 0.187500 0.687500
vt 0.218750 0.312500
vt 0.218750 0.250000
vt 0.250000 0.250000
vt 0.250000 0.625000
vt 0.218750 0.750000
vt 0.453125 0.000000
vt 0.156250 0.500000
vt 0.187500 0.500000
vt 0.187500 0.562500
vt 0.156250 0.562500
vt 0.218750 0.187500
vt 0.156250 0.375000
vt 0.187500 0.375000
vt 0.187500 0.437500
vt 0.156250 0.437500
vt 0.031250 0.750000
vt 0.062500 0.750000
vt 0.062500 0.812500
vt 0.031250 0.812500
vt 0.187500 0.750000
vt 0.187500 0.812500
vt 0.187500 0.062500
vt 0.296875 0.000000
vt 0.140625 1.000000
vt 0.156250 0.875000
vt 0.156250 0.937500
vt 0.156250 0.812500
vt 0.171875 1.000000
vt 0.156250 0.250000
vt 0.187500 0.250000
vt 0.187500 0.312500
vt 0.156250 0.312500
vt 0.421875 0.000000
vt 0.187500 0.125000
vt 0.218750 0.500000
vt 0.218750 0.562500
vt 0.187500 0.187500
vt 0.812500 0.375000
vt 0.843750 0.375000
vt 0.843750 0.437500
vt 0.812500 0.437500
vt 0.125000 0.875000
vt 0.125000 0.937500
vt 0.125000 0.625000
vt 0.156250 0.625000
vt 0.156250 0.687500
vt 0.125000 0.687500
vt 0.390625 0.000000
vt 0.125000 0.812500
vt 0.109375 1.000000
vt 0.156250 0.750000
vt 0.156250 0.125000
vt 0.156250 0.187500
vt 0.125000 0.250000
vt 0.125000 0.312500
vt 0.078125 1.000000
vt 0.093750 0.812500
vt 0.093750 0.875000
vt 0.093750 0.312500
vt 0.093750 0.250000
vt 0.359375 0.000000
vt 0.125000 0.062500
vt 0.156250 0.062500
vt 0.125000 0.125000
vt 0.125000 0.562500
vt 0.125000 0.500000
vt 0.234375 0.000000
vt 0.125000 0.375000
vt 0.125000 0.437500
vt 0.125000 0.187500
vt 0.968750 0.750000
vt 1.000000 0.750000
vt 1.000000 0.812500
vt 0.968750 0.812500
vt 0.062500 0.875000
vt 0.093750 0.937500
vt 0.062500 0.937500
vt 0.000000 0.937500
vt 0.000000 0.875000
vt 0.031250 0.875000
vt 0.031250 0.937500
vt 0.046875 1.000000
vt 0.093750 0.687500
vt 0.125000 0.750000
vt 0.093750 0.750000
vt 0.093750 0.187500
vt 0.093750 0.625000
vt 0.093750 0.375000
vt 0.093750 0.562500
vt 0.890625 1.000000
vt 0.968750 0.937500
vt 1.000000 0.937500
vt 0.062500 0.687500
vt 0.062500 0.375000
vt 0.093750 0.437500
vt 0.062500 0.437500
vt 0.031250 0.312500
vt 0.031250 0.250000
vt 0.062500 0.250000
vt 0.062500 0.312500
vt 0.062500 0.562500
vt 0.062500 0.500000
vt 0.093750 0.500000
vt 0.000000 0.625000
vt 0.031250 0.625000
vt 0.031250 0.687500
vt 0.000000 0.687500
vt 0.015625 1.000000
vt 0.921875 1.000000
vt 0.031250 0.437500
vt 0.031250 0.500000
vt 0.062500 0.625000
vt 0.062500 0.187500
vt 0.031250 0.187500
vt 0.000000 0.812500
vt 0.203125 0.000000
vt 0.031250 0.375000
vt 0.031250 0.562500
vt 0.984375 1.000000
vt 0.000000 0.375000
vt 0.000000 0.437500
vt 0.968750 0.250000
vt 1.000000 0.250000
vt 1.000000 0.312500
vt 0.968750 0.312500
vt 0.000000 0.500000
vt 0.000000 0.562500
vt 0.953125 1.000000
vt 0.000000 0.312500
vt 0.000000 0.750000
vt 0.937500 0.875000
vt 0.968750 0.875000
vt 0.968750 0.375000
vt 1.000000 0.375000
vt 1.000000 0.437500
vt 0.968750 0.437500
vt 0.968750 0.125000
vt 1.000000 0.125000
vt 1.000000 0.187500
vt 0.968750 0.187500
vt 0.968750 0.562500
vt 1.000000 0.562500
vt 1.000000 0.625000
vt 0.968750 0.625000
vt 0.937500 0.812500
vt 0.000000 0.187500
vt 0.875000 0.562500
vt 0.906250 0.562500
vt 0.906250 0.625000
vt 0.000000 0.250000
vt 0.968750 0.062500
vt 1.000000 0.062500
vt 0.968750 0.687500
vt 1.000000 0.687500
vt 0.968750 0.500000
vt 1.000000 0.500000
vt 0.937500 0.312500
vt 0.937500 0.375000
vt 0.843750 0.875000
vt 0.875000 0.875000
vt 0.875000 0.937500
vt 0.843750 0.937500
vt 0.906250 0.250000
vt 0.937500 0.250000
vt 0.906250 0.312500
vt 0.171875 0.000000
vt 1.000000 0.875000
vt 0.937500 0.437500
vt 0.906250 0.875000
vt 0.937500 0.687500
vt 0.937500 0.750000
vt 0.781250 0.625000
vt 0.812500 0.625000
vt 0.812500 0.687500
vt 0.781250 0.687500
vt 0.906250 0.812500
vt 0.906250 0.062500
vt 0.937500 0.062500
vt 0.937500 0.125000
vt 0.906250 0.125000
vt 0.906250 0.500000
vt 0.937500 0.500000
vt 0.937500 0.562500
vt 0.875000 0.812500
vt 0.937500 0.187500
vt 0.906250 0.187500
vt 0.937500 0.625000
vt 0.140625 0.000000
vt 0.906250 0.687500
vt 0.906250 0.750000
vt 0.859375 1.000000
vt 0.875000 0.312500
vt 0.906250 0.375000
vt 0.875000 0.375000
vt 0.875000 0.750000
vt 0.875000 0.062500
vt 0.875000 0.125000
vt 0.109375 0.000000
vt 0.875000 0.437500
vt 0.906250 0.437500
vt 0.812500 0.875000
vt 0.812500 0.937500
vt 0.875000 0.187500
vt 0.875000 0.250000
vt 0.843750 0.312500
vt 0.843750 0.500000
vt 0.875000 0.500000
vt 0.843750 0.562500
vt 0.812500 0.812500
vt 0.843750 0.812500
vt 0.781250 0.875000
vt 0.843750 0.187500
vt 0.843750 0.125000
vt 0.078125 0.000000
vt 0.843750 0.750000
vt 0.843750 0.062500
vt 0.796875 1.000000
vt 0.812500 0.312500
vt 0.812500 0.062500
vt 0.812500 0.125000
vt 0.812500 0.250000
vt 0.843750 0.250000
vt 0.812500 0.750000
vt 0.046875 0.000000
vt 0.812500 0.187500
vt 0.781250 0.375000
vt 0.781250 0.750000
vt 0.781250 0.812500
vt 0.734375 1.000000
vt 0.765625 1.000000
vt 0.781250 0.250000
vt 0.781250 0.312500
vt 0.015625 0.000000
vt 0.781250 0.125000
vt 0.812500 0.500000
vt 0.812500 0.562500
vt 0.781250 0.187500
vt 0.984375 0.000000
vt 0.703125 1.000000
vt 0.953125 0.000000
vt 0.859375 0.000000
vt 0.609375 1.000000
s 1
f 51/1/51 52/2/52 37/3/37 36/4/36
f 46/5/46 31/6/31 30/7/30 45/8/45
f 30/7/30 15/9/15 14/10/14 29/11/29
f 85/12/85 70/13/70 69/14/69 84/15/84
f 19/16/19 20/17/20 479/18/479 7/19/7
f 53/20/53 38/21/38 37/3/37 52/2/52
f 55/22/55 56/23/56 41/24/41 40/25/40
f 38/21/38 23/26/23 22/27/22 37/3/37
f 27/28/27 12/29/12 11/30/11 26/31/26
f 12/29/12 13/32/13 3/33/3 476/34/476
f 45/8/45 30/7/30 29/11/29 44/35/44
f 20/17/20 21/36/21 480/37/480 479/18/479
f 467/38/467 466/39/466 5/40/5 6/41/6
f 482/42/482 8/43/8 473/44/473
f 13/32/13 14/10/14 477/45/477 3/33/3
f 26/31/26 11/30/11 10/46/10 25/47/25
f 31/6/31 16/48/16 15/9/15 30/7/30
f 21/36/21 22/27/22 481/49/481 480/37/480
f 41/24/41 26/31/26 25/47/25 40/25/40
f 32/50/32 17/51/17 16/48/16 31/6/31
f 64/52/64 49/53/49 48/54/48 63/55/63
f 14/10/14 15/9/15 4/56/4 477/45/477
f 74/57/74 59/58/59 58/59/58 73/60/73
f 57/61/57 42/62/42 41/24/41 56/23/56
f 466/39/466 465/63/465 4/56/4 5/40/5
f 22/27/22 23/26/23 482/42/482 481/49/481
f 5/40/5 4/56/4 15/9/15 16/48/16
f 32/50/32 33/64/33 18/65/18 17/51/17
f 68/66/68 53/20/53 52/2/52 67/67/67
f 1/68/1 39/69/39 24/70/24
f 60/71/60 45/8/45 44/35/44 59/58/59
f 1/72/1 474/73/474 459/74/459
f 50/75/50 35/76/35 34/77/34 49/53/49
f 55/22/55 40/25/40 39/69/39 54/78/54
f 6/41/6 5/40/5 16/48/16 17/51/17
f 42/62/42 27/28/27 26/31/26 41/24/41
f 9/79/9 10/46/10 475/80/475 474/73/474
f 49/53/49 34/77/34 33/64/33 48/54/48
f 17/51/17 18/65/18 478/81/478 6/41/6
f 34/77/34 19/16/19 18/65/18 33/64/33
f 10/46/10 11/30/11 2/82/2 475/80/475
f 18/65/18 19/16/19 7/19/7 478/81/478
f 58/59/58 43/83/43 42/62/42 57/61/57
f 24/70/24 25/47/25 10/46/10 9/79/9
f 43/83/43 44/35/44 29/11/29 28/84/28
f 62/85/62 63/55/63 48/54/48 47/86/47
f 11/30/11 12/29/12 476/34/476 2/82/2
f 66/87/66 51/1/51 50/75/50 65/88/65
f 79/89/79 64/52/64 63/55/63 78/90/78
f 76/91/76 61/92/61 60/71/60 75/93/75
f 86/94/86 71/95/71 70/13/70 85/12/85
f 61/92/61 46/5/46 45/8/45 60/71/60
f 47/86/47 32/50/32 31/6/31 46/5/46
f 100/96/100 85/12/85 84/15/84 99/97/99
f 81/98/81 82/99/82 67/67/67 66/87/66
f 38/21/38 8/100/8 23/26/23
f 73/60/73 58/59/58 57/61/57 72/101/72
f 83/102/83 68/66/68 67/67/67 82/99/82
f 40/25/40 25/47/25 24/70/24 39/69/39
f 48/54/48 33/64/33 32/50/32 47/86/47
f 1/103/1 54/78/54 39/69/39
f 177/104/177 162/105/162 161/106/161 176/107/176
f 93/108/93 94/109/94 79/89/79 78/90/78
f 62/85/62 47/86/47 46/5/46 61/92/61
f 368/110/368 353/111/353 352/112/352 367/113/367
f 98/114/98 83/102/83 82/99/82 97/115/97
f 95/116/95 80/117/80 79/89/79 94/109/94
f 81/98/81 66/87/66 65/88/65 80/117/80
f 74/57/74 75/93/75 60/71/60 59/58/59
f 88/118/88 73/60/73 72/101/72 87/119/87
f 53/20/53 8/120/8 38/21/38
f 101/121/101 86/94/86 85/12/85 100/96/100
f 80/117/80 65/88/65 64/52/64 79/89/79
f 72/101/72 57/61/57 56/23/56 71/95/71
f 86/94/86 87/119/87 72/101/72 71/95/71
f 59/58/59 44/35/44 43/83/43 58/59/58
f 67/67/67 52/2/52 51/1/51 66/87/66
f 96/122/96 81/98/81 80/117/80 95/116/95
f 89/123/89 74/57/74 73/60/73 88/118/88
f 147/124/147 132/125/132 131/126/131 146/127/146
f 110/128/110 95/116/95 94/109/94 109/129/109
f 113/130/113 8/131/8 98/114/98
f 1/132/1 84/15/84 69/14/69
f 116/133/116 101/121/101 100/96/100 115/134/115
f 77/135/77 62/85/62 61/92/61 76/91/76
f 1/136/1 69/14/69 54/78/54
f 124/137/124 125/138/125 110/128/110 109/129/109
f 68/66/68 8/139/8 53/20/53
f 113/130/113 98/114/98 97/115/97 112/140/112
f 91/141/91 76/91/76 75/93/75 90/142/90
f 105/143/105 106/144/106 91/141/91 90/142/90
f 78/90/78 63/55/63 62/85/62 77/135/77
f 71/95/71 56/23/56 55/22/55 70/13/70
f 92/145/92 77/135/77 76/91/76 91/141/91
f 108/146/108 93/108/93 92/145/92 107/147/107
f 143/148/143 128/149/128 127/150/127 142/151/142
f 1/152/1 99/97/99 84/15/84
f 112/140/112 97/115/97 96/122/96 111/153/111
f 434/154/434 419/155/419 418/156/418 433/157/433
f 130/158/130 115/134/115 114/159/114 129/160/129
f 160/161/160 145/162/145 144/163/144 159/164/159
f 83/102/83 8/165/8 68/66/68
f 118/166/118 103/167/103 102/168/102 117/169/117
f 126/170/126 111/153/111 110/128/110 125/138/125
f 119/171/119 104/172/104 103/167/103 118/166/118
f 131/126/131 116/133/116 115/134/115 130/158/130
f 111/153/111 96/122/96 95/116/95 110/128/110
f 116/133/116 117/169/117 102/168/102 101/121/101
f 103/167/103 88/118/88 87/119/87 102/168/102
f 97/115/97 82/99/82 81/98/81 96/122/96
f 90/142/90 75/93/75 74/57/74 89/123/89
f 127/150/127 112/140/112 111/153/111 126/170/126
f 124/137/124 109/129/109 108/146/108 123/173/123
f 120/174/120 105/143/105 104/172/104 119/171/119
f 338/175/338 323/176/323 322/177/322 337/178/337
f 133/179/133 118/166/118 117/169/117 132/125/132
f 138/180/138 123/173/123 122/181/122 137/182/137
f 146/127/146 131/126/131 130/158/130 145/162/145
f 107/147/107 92/145/92 91/141/91 106/144/106
f 123/173/123 108/146/108 107/147/107 122/181/122
f 154/183/154 155/184/155 140/185/140 139/186/139
f 98/114/98 8/187/8 83/102/83
f 135/188/135 136/189/136 121/190/121 120/174/120
f 164/191/164 149/192/149 148/193/148 163/194/163
f 115/134/115 100/96/100 99/97/99 114/159/114
f 1/195/1 114/159/114 99/97/99
f 109/129/109 94/109/94 93/108/93 108/146/108
f 102/168/102 87/119/87 86/94/86 101/121/101
f 139/186/139 124/137/124 123/173/123 138/180/138
f 122/181/122 107/147/107 106/144/106 121/190/121
f 147/124/147 148/193/148 133/179/133 132/125/132
f 152/196/152 137/182/137 136/189/136 151/197/151
f 149/192/149 134/198/134 133/179/133 148/193/148
f 157/199/157 142/151/142 141/200/141 156/201/156
f 161/106/161 146/127/146 145/162/145 160/161/160
f 134/198/134 119/171/119 118/166/118 133/179/133
f 143/148/143 8/202/8 128/149/128
f 141/200/141 126/170/126 125/138/125 140/185/140
f 154/183/154 139/186/139 138/180/138 153/203/153
f 128/149/128 113/130/113 112/140/112 127/150/127
f 142/151/142 127/150/127 126/170/126 141/200/141
f 121/190/121 106/144/106 105/143/105 120/174/120
f 150/204/150 135/188/135 134/198/134 149/192/149
f 158/205/158 143/148/143 142/151/142 157/199/157
f 1/206/1 129/160/129 114/159/114
f 168/207/168 153/203/153 152/196/152 167/208/167
f 137/182/137 122/181/122 121/190/121 136/189/136
f 156/201/156 141/200/141 140/185/140 155/184/155
f 153/203/153 138/180/138 137/182/137 152/196/152
f 176/107/176 161/106/161 160/161/160 175/209/175
f 185/210/185 170/211/170 169/212/169 184/213/184
f 128/149/128 8/131/8 113/130/113
f 166/214/166 151/197/151 150/204/150 165/215/165
f 1/216/1 144/163/144 129/160/129
f 145/162/145 130/158/130 129/160/129 144/163/144
f 132/125/132 117/169/117 116/133/116 131/126/131
f 140/185/140 125/138/125 124/137/124 139/186/139
f 169/212/169 154/183/154 153/203/153 168/207/168
f 162/105/162 147/124/147 146/127/146 161/106/161
f 258/217/258 243/218/243 242/219/242 257/220/257
f 189/221/189 190/222/190 175/209/175 174/223/174
f 175/209/175 160/161/160 159/164/159 174/223/174
f 173/224/173 8/225/8 158/205/158
f 187/226/187 172/227/172 171/228/171 186/229/186
f 180/230/180 165/215/165 164/191/164 179/231/179
f 191/232/191 176/107/176 175/209/175 190/222/190
f 172/227/172 157/199/157 156/201/156 171/228/171
f 184/213/184 169/212/169 168/207/168 183/233/183
f 171/228/171 156/201/156 155/184/155 170/211/170
f 151/197/151 136/189/136 135/188/135 150/204/150
f 165/215/165 150/204/150 149/192/149 164/191/164
f 188/234/188 173/224/173 172/227/172 187/226/187
f 177/104/177 178/235/178 163/194/163 162/105/162
f 181/236/181 166/214/166 165/215/165 180/230/180
f 1/237/1 159/164/159 144/163/144
f 199/238/199 184/213/184 183/233/183 198/239/198
f 166/214/166 167/208/167 152/196/152 151/197/151
f 185/210/185 186/229/186 171/228/171 170/211/170
f 215/240/215 200/241/200 199/238/199 214/242/214
f 158/205/158 8/243/8 143/148/143
f 196/244/196 181/236/181 180/230/180 195/245/195
f 182/246/182 167/208/167 166/214/166 181/236/181
f 1/247/1 174/223/174 159/164/159
f 183/233/183 168/207/168 167/208/167 182/246/182
f 198/239/198 183/233/183 182/246/182 197/248/197
f 170/211/170 155/184/155 154/183/154 169/212/169
f 163/194/163 148/193/148 147/124/147 162/105/162
f 192/249/192 177/104/177 176/107/176 191/232/191
f 200/241/200 185/210/185 184/213/184 199/238/199
f 1/250/1 204/251/204 189/221/189
f 213/252/213 198/239/198 197/248/197 212/253/212
f 210/254/210 195/245/195 194/255/194 209/256/209
f 218/257/218 203/258/203 202/259/202 217/260/217
f 220/261/220 221/262/221 206/263/206 205/264/205
f 195/245/195 180/230/180 179/231/179 194/255/194
f 235/265/235 220/261/220 219/266/219 234/267/234
f 194/255/194 179/231/179 178/235/178 193/268/193
f 202/259/202 187/226/187 186/229/186 201/269/201
f 203/258/203 188/234/188 187/226/187 202/259/202
f 217/260/217 202/259/202 201/269/201 216/270/216
f 208/271/208 193/268/193 192/249/192 207/272/207
f 211/273/211 196/244/196 195/245/195 210/254/210
f 1/274/1 399/275/399 384/276/384
f 1/277/1 189/221/189 174/223/174
f 196/244/196 197/248/197 182/246/182 181/236/181
f 207/272/207 192/249/192 191/232/191 206/263/206
f 215/240/215 216/270/216 201/269/201 200/241/200
f 212/253/212 197/248/197 196/244/196 211/273/211
f 229/278/229 214/242/214 213/252/213 228/279/228
f 265/280/265 250/281/250 249/282/249 264/283/264
f 188/234/188 8/284/8 173/224/173
f 263/285/263 248/286/248 247/287/247 262/288/262
f 214/242/214 199/238/199 198/239/198 213/252/213
f 227/289/227 228/279/228 213/252/213 212/253/212
f 206/263/206 191/232/191 190/222/190 205/264/205
f 250/281/250 235/265/235 234/267/234 249/282/249
f 193/268/193 178/235/178 177/104/177 192/249/192
f 201/269/201 186/229/186 185/210/185 200/241/200
f 230/290/230 215/240/215 214/242/214 229/278/229
f 223/291/223 208/271/208 207/272/207 222/292/222
f 244/293/244 229/278/229 228/279/228 243/218/243
f 248/286/248 233/294/233 232/295/232 247/287/247
f 241/296/241 226/297/226 225/298/225 240/299/240
f 250/281/250 251/300/251 236/301/236 235/265/235
f 233/294/233 218/257/218 217/260/217 232/295/232
f 232/295/232 217/260/217 216/270/216 231/302/231
f 226/297/226 211/273/211 210/254/210 225/298/225
f 222/292/222 207/272/207 206/263/206 221/262/221
f 246/303/246 247/287/247 232/295/232 231/302/231
f 225/298/225 210/254/210 209/256/209 224/304/224
f 203/258/203 8/305/8 188/234/188
f 238/306/238 223/291/223 222/292/222 237/307/237
f 205/264/205 190/222/190 189/221/189 204/251/204
f 1/308/1 219/266/219 204/251/204
f 269/309/269 254/310/254 253/311/253 268/312/268
f 258/217/258 259/313/259 244/293/244 243/218/243
f 227/289/227 212/253/212 211/273/211 226/297/226
f 260/314/260 245/315/245 244/293/244 259/313/259
f 246/303/246 231/302/231 230/290/230 245/315/245
f 239/316/239 240/299/240 225/298/225 224/304/224
f 253/311/253 238/306/238 237/307/237 252/317/252
f 218/257/218 8/318/8 203/258/203
f 286/319/286 271/320/271 270/321/270 285/322/285
f 245/315/245 230/290/230 229/278/229 244/293/244
f 237/307/237 222/292/222 221/262/221 236/301/236
f 231/302/231 216/270/216 215/240/215 230/290/230
f 252/317/252 237/307/237 236/301/236 251/300/251
f 224/304/224 209/256/209 208/271/208 223/291/223
f 261/323/261 246/303/246 245/315/245 260/314/260
f 254/310/254 239/316/239 238/306/238 253/311/253
f 288/324/288 273/325/273 272/326/272 287/327/287
f 342/328/342 327/329/327 326/330/326 341/331/341
f 267/332/267 252/317/252 251/300/251 266/333/266
f 278/334/278 8/335/8 263/285/263
f 1/336/1 249/282/249 234/267/234
f 280/337/280 265/280/265 264/283/264 279/338/279
f 281/339/281 266/333/266 265/280/265 280/337/280
f 242/219/242 227/289/227 226/297/226 241/296/241
f 1/340/1 234/267/234 219/266/219
f 290/341/290 275/342/275 274/343/274 289/344/289
f 233/294/233 8/345/8 218/257/218
f 278/334/278 263/285/263 262/288/262 277/346/277
f 256/347/256 241/296/241 240/299/240 255/348/255
f 271/320/271 256/347/256 255/348/255 270/321/270
f 243/218/243 228/279/228 227/289/227 242/219/242
f 236/301/236 221/262/221 220/261/220 235/265/235
f 257/220/257 242/219/242 241/296/241 256/347/256
f 273/325/273 258/217/258 257/220/257 272/326/272
f 276/349/276 261/323/261 260/314/260 275/342/275
f 277/346/277 262/288/262 261/323/261 276/349/276
f 453/350/453 438/351/438 437/352/437 452/353/452
f 295/354/295 280/337/280 279/338/279 294/355/294
f 299/356/299 284/357/284 283/358/283 298/359/298
f 248/286/248 8/360/8 233/294/233
f 296/361/296 281/339/281 280/337/280 295/354/295
f 268/312/268 253/311/253 252/317/252 267/332/267
f 1/362/1 264/283/264 249/282/249
f 281/339/281 282/363/282 267/332/267 266/333/266
f 275/342/275 260/314/260 259/313/259 274/343/274
f 262/288/262 247/287/247 246/303/246 261/323/261
f 255/348/255 240/299/240 239/316/239 254/310/254
f 284/357/284 269/309/269 268/312/268 283/358/283
f 288/324/288 289/344/289 274/343/274 273/325/273
f 292/364/292 277/346/277 276/349/276 291/365/291
f 305/366/305 290/341/290 289/344/289 304/367/304
f 1/368/1 279/338/279 264/283/264
f 311/369/311 296/361/296 295/354/295 310/370/310
f 272/326/272 257/220/257 256/347/256 271/320/271
f 291/365/291 276/349/276 275/342/275 290/341/290
f 319/371/319 320/372/320 305/366/305 304/367/304
f 263/285/263 8/373/8 248/286/248
f 308/374/308 293/375/293 292/364/292 307/376/307
f 300/377/300 301/378/301 286/319/286 285/322/285
f 308/374/308 8/379/8 293/375/293
f 266/333/266 251/300/251 250/281/250 265/280/265
f 274/343/274 259/313/259 258/217/258 273/325/273
f 303/380/303 288/324/288 287/327/287 302/381/302
f 307/376/307 292/364/292 291/365/291 306/382/306
f 372/383/372 357/384/357 356/385/356 371/386/371
f 325/387/325 310/370/310 309/388/309 324/389/324
f 354/390/354 355/391/355 340/392/340 339/393/339
f 1/394/1 294/355/294 279/338/279
f 287/327/287 272/326/272 271/320/271 286/319/286
f 313/395/313 298/359/298 297/396/297 312/397/312
f 321/398/321 306/382/306 305/366/305 320/372/320
f 314/399/314 299/356/299 298/359/298 313/395/313
f 326/330/326 311/369/311 310/370/310 325/387/325
f 306/382/306 291/365/291 290/341/290 305/366/305
f 311/369/311 312/397/312 297/396/297 296/361/296
f 298/359/298 283/358/283 282/363/282 297/396/297
f 285/322/285 270/321/270 269/309/269 284/357/284
f 319/371/319 304/367/304 303/380/303 318/400/318
f 293/375/293 278/334/278 277/346/277 292/364/292
f 322/177/322 307/376/307 306/382/306 321/398/321
f 315/401/315 300/377/300 299/356/299 314/399/314
f 1/402/1 369/403/369 354/404/354
f 328/405/328 313/395/313 312/397/312 327/329/327
f 333/406/333 318/400/318 317/407/317 332/408/332
f 341/331/341 326/330/326 325/387/325 340/392/340
f 302/381/302 287/327/287 286/319/286 301/378/301
f 318/400/318 303/380/303 302/381/302 317/407/317
f 349/409/349 350/410/350 335/411/335 334/412/334
f 293/375/293 8/335/8 278/334/278
f 330/413/330 331/414/331 316/415/316 315/401/315
f 359/416/359 344/417/344 343/418/343 358/419/358
f 310/370/310 295/354/295 294/355/294 309/388/309
f 1/420/1 309/388/309 294/355/294
f 304/367/304 289/344/289 288/324/288 303/380/303
f 297/396/297 282/363/282 281/339/281 296/361/296
f 334/412/334 319/371/319 318/400/318 333/406/333
f 1/421/1 354/390/354 339/393/339
f 317/407/317 302/381/302 301/378/301 316/415/316
f 342/328/342 343/418/343 328/405/328 327/329/327
f 347/422/347 332/408/332 331/414/331 346/423/346
f 344/417/344 329/424/329 328/405/328 343/418/343
f 352/112/352 337/178/337 336/425/336 351/426/351
f 356/427/356 341/331/341 340/392/340 355/391/355
f 329/424/329 314/399/314 313/395/313 328/405/328
f 338/175/338 8/428/8 323/176/323
f 336/425/336 321/398/321 320/372/320 335/411/335
f 349/409/349 334/412/334 333/406/333 348/429/348
f 323/176/323 308/374/308 307/376/307 322/177/322
f 337/178/337 322/177/322 321/398/321 336/425/336
f 316/415/316 301/378/301 300/377/300 315/401/315
f 345/430/345 330/413/330 329/424/329 344/417/344
f 353/111/353 338/175/338 337/178/337 352/112/352
f 1/431/1 324/389/324 309/388/309
f 363/432/363 348/429/348 347/422/347 362/433/362
f 332/408/332 317/407/317 316/415/316 331/414/331
f 351/426/351 336/425/336 335/411/335 350/410/350
f 348/429/348 333/406/333 332/408/332 347/422/347
f 380/434/380 365/435/365 364/436/364 379/437/379
f 323/176/323 8/379/8 308/374/308
f 361/438/361 346/423/346 345/430/345 360/439/360
f 1/440/1 339/393/339 324/389/324
f 340/392/340 325/387/325 324/389/324 339/393/339
f 327/329/327 312/397/312 311/369/311 326/330/326
f 335/411/335 320/372/320 319/371/319 334/412/334
f 364/441/364 349/409/349 348/429/348 363/432/363
f 357/442/357 342/328/342 341/331/341 356/427/356
f 384/276/384 385/443/385 370/444/370 369/403/369
f 378/445/378 363/446/363 362/447/362 377/448/377
f 382/449/382 367/450/367 366/451/366 381/452/381
f 375/453/375 360/454/360 359/455/359 374/456/374
f 386/457/386 371/386/371 370/444/370 385/443/385
f 367/113/367 352/112/352 351/426/351 366/458/366
f 420/459/420 405/460/405 404/461/404 419/155/419
f 366/458/366 351/426/351 350/410/350 365/462/365
f 346/423/346 331/414/331 330/413/330 345/430/345
f 360/439/360 345/430/345 344/417/344 359/416/359
f 383/463/383 368/464/368 367/450/367 382/449/382
f 373/465/373 358/466/358 357/384/357 372/383/372
f 376/467/376 361/468/361 360/454/360 375/453/375
f 361/438/361 362/433/362 347/422/347 346/423/346
f 380/434/380 381/452/381 366/451/366 365/435/365
f 377/448/377 362/447/362 361/468/361 376/467/376
f 394/469/394 379/437/379 378/445/378 393/470/393
f 430/471/430 415/472/415 414/473/414 429/474/429
f 410/475/410 395/476/395 394/469/394 409/477/409
f 353/111/353 8/478/8 338/175/338
f 379/437/379 364/436/364 363/446/363 378/445/378
f 371/386/371 356/385/356 355/479/355 370/444/370
f 392/480/392 393/470/393 378/445/378 377/448/377
f 365/462/365 350/410/350 349/409/349 364/441/364
f 415/472/415 400/481/400 399/275/399 414/473/414
f 358/419/358 343/418/343 342/328/342 357/442/357
f 395/476/395 380/434/380 379/437/379 394/469/394
f 388/482/388 373/465/373 372/383/372 387/483/387
f 464/484/464 449/485/449 448/486/448 463/487/463
f 401/488/401 386/457/386 385/443/385 400/481/400
f 413/489/413 398/490/398 397/491/397 412/492/412
f 406/493/406 391/494/391 390/495/390 405/460/405
f 415/472/415 416/496/416 401/488/401 400/481/400
f 398/490/398 383/463/383 382/449/382 397/491/397
f 397/491/397 382/449/382 381/452/381 396/497/396
f 391/494/391 376/467/376 375/453/375 390/495/390
f 387/483/387 372/383/372 371/386/371 386/457/386
f 411/498/411 412/492/412 397/491/397 396/497/396
f 390/495/390 375/453/375 374/456/374 389/499/389
f 368/110/368 8/500/8 353/111/353
f 403/501/403 388/482/388 387/483/387 402/502/402
f 370/444/370 355/479/355 354/404/354 369/403/369
f 1/503/1 384/276/384 369/403/369
f 424/504/424 409/477/409 408/505/408 423/506/423
f 392/480/392 377/448/377 376/467/376 391/494/391
f 417/507/417 402/502/402 401/488/401 416/496/416
f 411/498/411 396/497/396 395/476/395 410/475/410
f 405/460/405 390/495/390 389/499/389 404/461/404
f 428/508/428 413/489/413 412/492/412 427/509/427
f 383/463/383 8/510/8 368/464/368
f 402/502/402 387/483/387 386/457/386 401/488/401
f 422/511/422 423/506/423 408/505/408 407/512/407
f 445/513/445 430/471/430 429/474/429 444/514/444
f 409/477/409 394/469/394 393/470/393 408/505/408
f 396/497/396 381/452/381 380/434/380 395/476/395
f 389/499/389 374/456/374 373/465/373 388/482/388
f 418/156/418 403/501/403 402/502/402 417/507/417
f 426/515/426 411/498/411 410/475/410 425/516/425
f 439/517/439 424/504/424 423/506/423 438/351/438
f 436/518/436 421/519/421 420/459/420 435/520/435
f 445/513/445 446/521/446 431/522/431 430/471/430
f 421/519/421 406/493/406 405/460/405 420/459/420
f 407/512/407 392/480/392 391/494/391 406/493/406
f 460/523/460 445/513/445 444/514/444 459/74/459
f 441/524/441 442/525/442 427/509/427 426/515/426
f 398/490/398 8/526/8 383/463/383
f 433/157/433 418/156/418 417/507/417 432/527/432
f 443/528/443 428/508/428 427/509/427 442/525/442
f 400/481/400 385/443/385 384/276/384 399/275/399
f 408/505/408 393/470/393 392/480/392 407/512/407
f 1/529/1 414/473/414 399/275/399
f 453/350/453 454/530/454 439/517/439 438/351/438
f 422/511/422 407/512/407 406/493/406 421/519/421
f 458/531/458 443/528/443 442/525/442 457/532/457
f 455/533/455 440/534/440 439/517/439 454/530/454
f 441/524/441 426/515/426 425/516/425 440/534/440
f 434/154/434 435/520/435 420/459/420 419/155/419
f 448/486/448 433/157/433 432/527/432 447/535/447
f 413/489/413 8/536/8 398/490/398
f 440/534/440 425/516/425 424/504/424 439/517/439
f 432/527/432 417/507/417 416/496/416 431/522/431
f 447/535/447 432/527/432 431/522/431 446/521/446
f 419/155/419 404/461/404 403/501/403 418/156/418
f 427/509/427 412/492/412 411/498/411 426/515/426
f 456/537/456 441/524/441 440/534/440 455/533/455
f 449/485/449 434/154/434 433/157/433 448/486/448
f 6/41/6 478/81/478 468/538/468 467/38/467
f 462/539/462 447/535/447 446/521/446 461/540/461
f 473/44/473 8/43/8 458/531/458
f 1/541/1 444/514/444 429/474/429
f 475/80/475 460/523/460 459/74/459 474/73/474
f 2/82/2 461/540/461 460/523/460 475/80/475
f 437/352/437 422/511/422 421/519/421 436/518/436
f 1/542/1 429/474/429 414/473/414
f 7/19/7 479/18/479 470/543/470 469/544/469
f 428/508/428 8/545/8 413/489/413
f 473/44/473 458/531/458 457/532/457 472/546/472
f 451/547/451 436/518/436 435/520/435 450/548/450
f 466/39/466 451/547/451 450/548/450 465/63/465
f 438/351/438 423/506/423 422/511/422 437/352/437
f 431/522/431 416/496/416 415/472/415 430/471/430
f 452/353/452 437/352/437 436/518/436 451/547/451
f 468/538/468 453/350/453 452/353/452 467/38/467
f 471/549/471 456/537/456 455/533/455 470/543/470
f 472/546/472 457/532/457 456/537/456 471/549/471
f 443/528/443 8/550/8 428/508/428
f 463/487/463 448/486/448 447/535/447 462/539/462
f 1/551/1 459/74/459 444/514/444
f 29/11/29 14/10/14 13/32/13 28/84/28
f 2/82/2 476/34/476 462/539/462 461/540/461
f 470/543/470 455/533/455 454/530/454 469/544/469
f 457/532/457 442/525/442 441/524/441 456/537/456
f 450/548/450 435/520/435 434/154/434 449/485/449
f 3/33/3 477/45/477 464/484/464 463/487/463
f 478/81/478 7/19/7 469/544/469 468/538/468
f 481/49/481 472/546/472 471/549/471 480/37/480
f 425/516/425 410/475/410 409/477/409 424/504/424
f 467/38/467 452/353/452 451/547/451 466/39/466
f 480/37/480 471/549/471 470/543/470 479/18/479
f 70/13/70 55/22/55 54/78/54 69/14/69
f 458/531/458 8/552/8 443/528/443
f 461/540/461 446/521/446 445/513/445 460/523/460
f 469/544/469 454/530/454 453/350/453 468/538/468
f 28/84/28 13/32/13 12/29/12 27/28/27
f 35/76/35 20/17/20 19/16/19 34/77/34
f 43/83/43 28/84/28 27/28/27 42/62/42
f 300/377/300 285/322/285 284/357/284 299/356/299
f 23/26/23 8/553/8 482/42/482
f 105/143/105 90/142/90 89/123/89 104/172/104
f 3/33/3 463/487/463 462/539/462 476/34/476
f 464/484/464 465/63/465 450/548/450 449/485/449
f 135/188/135 120/174/120 119/171/119 134/198/134
f 37/3/37 22/27/22 21/36/21 36/4/36
f 173/224/173 158/205/158 157/199/157 172/227/172
f 403/501/403 404/461/404 389/499/389 388/482/388
f 1/554/1 9/79/9 474/73/474
f 1/554/1 24/70/24 9/79/9
f 283/358/283 268/312/268 267/332/267 282/363/282
f 373/465/373 374/456/374 359/455/359 358/466/358
f 4/56/4 465/63/465 464/484/464 477/45/477
f 482/42/482 473/44/473 472/546/472 481/49/481
f 269/309/269 270/321/270 255/348/255 254/310/254
f 36/4/36 21/36/21 20/17/20 35/76/35
f 239/316/239 224/304/224 223/291/223 238/306/238
f 208/271/208 209/256/209 194/255/194 193/268/193
f 220/261/220 205/264/205 204/251/204 219/266/219
f 179/231/179 164/191/164 163/194/163 178/235/178
f 330/413/330 315/401/315 314/399/314 329/424/329
f 93/108/93 78/90/78 77/135/77 92/145/92
f 104/172/104 89/123/89 88/118/88 103/167/103
f 65/88/65 50/75/50 49/53/49 64/52/64
f 51/1/51 36/4/36 35/76/35 50/75/50
g Asteroid_2_Sphere.003
v 0.058006 0.827021 -0.036676
v 0.017747 0.683023 -0.466247
v 0.005042 0.429905 -0.628883
v -0.010113 0.245254 -0.988009
v -0.000289 0.033208 -0.893434
v 0.005634 -0.172891 -0.934325
v 0.002117 -0.429115 -0.633895
v 0.005772 -0.802277 0.033266
v 0.079194 0.880125 -0.196479
v 0.085961 0.793007 -0.335807
v 0.099882 0.642832 -0.431525
v 0.092706 0.539307 -0.529891
v 0.120782 0.516681 -0.727792
v 0.138352 0.381947 -0.833308
v 0.177141 0.201484 -0.957239
v 0.173313 0.012852 -0.916896
v 0.193989 -0.186872 -0.991696
v 0.168016 -0.354628 -0.843130
v 0.137963 -0.493031 -0.710975
v 0.102296 -0.587892 -0.571079
v 0.075066 -0.627158 -0.394006
v 0.037850 -0.873943 -0.367347
v 0.017241 -0.961900 -0.210987
v 0.110693 0.883219 -0.186288
v 0.152031 0.787066 -0.318373
v 0.167973 0.574002 -0.367005
v 0.199342 0.532875 -0.491412
v 0.241873 0.469708 -0.627071
v 0.292104 0.346937 -0.749336
v 0.311833 0.174623 -0.813461
v 0.367213 -0.004995 -0.954284
v 0.353270 -0.209994 -0.900476
v 0.314132 -0.339569 -0.764936
v 0.296526 -0.547591 -0.755880
v 0.219631 -0.654041 -0.603642
v 0.153632 -0.674429 -0.409312
v 0.098348 -0.871560 -0.347913
v 0.049962 -0.958539 -0.197688
v 0.141544 0.886762 -0.170473
v 0.211102 0.768291 -0.286815
v 0.205416 0.567026 -0.321451
v 0.274873 0.505626 -0.418926
v 0.358692 0.473160 -0.559161
v 0.467503 0.377339 -0.721679
v 0.475342 0.178681 -0.746489
v 0.550934 -0.012031 -0.855233
v 0.547841 -0.214221 -0.841279
v 0.481486 -0.349470 -0.698201
v 0.453004 -0.571750 -0.719031
v 0.334473 -0.643007 -0.544052
v 0.225369 -0.734766 -0.419416
v 0.152410 -0.855945 -0.306870
v 0.078393 -0.943526 -0.175418
v 0.168418 0.894852 -0.148213
v 0.275182 0.815923 -0.264183
v 0.263148 0.600359 -0.278585
v 0.315456 0.481318 -0.338025
v 0.482263 0.494931 -0.484577
v 0.653600 0.411403 -0.640985
v 0.690892 0.198645 -0.684660
v 0.793646 -0.008347 -0.789976
v 0.805967 -0.245599 -0.824483
v 0.698074 -0.452949 -0.739791
v 0.558694 -0.559287 -0.607464
v 0.430244 -0.647513 -0.471351
v 0.312454 -0.754333 -0.365959
v 0.201436 -0.867020 -0.267043
v 0.106659 -0.886248 -0.135830
v 0.188420 0.908007 -0.118579
v 0.330783 0.853487 -0.223513
v 0.314351 0.603365 -0.209917
v 0.392430 0.498605 -0.266022
v 0.607638 0.522336 -0.404136
v 0.791355 0.432959 -0.500282
v 0.926603 0.230478 -0.598331
v 0.975867 0.001722 -0.628861
v 0.996879 -0.254405 -0.665950
v 0.783419 -0.389313 -0.541529
v 0.658008 -0.552523 -0.466813
v 0.510185 -0.650402 -0.370812
v 0.401074 -0.793059 -0.301375
v 0.248801 -0.906403 -0.226117
v 0.134289 -0.847034 -0.092876
v 0.206062 0.900059 -0.085546
v 0.357791 0.840395 -0.160182
v 0.380276 0.632452 -0.150138
v 0.407288 0.460790 -0.173846
v 0.632287 0.471552 -0.268119
v 0.895538 0.454448 -0.339093
v 0.991991 0.232445 -0.386255
v 1.110907 0.013241 -0.428981
v 1.052466 -0.213211 -0.417746
v 0.904137 -0.413634 -0.379135
v 0.820636 -0.595261 -0.355443
v 0.632339 -0.709737 -0.279621
v 0.463760 -0.817929 -0.215171
v 0.301758 -0.947776 -0.172172
v 0.156678 -0.806687 -0.045826
v 0.214207 0.880277 -0.053182
v 0.377891 0.823794 -0.105609
v 0.451589 0.674368 -0.102779
v 0.515042 0.537324 -0.123931
v 0.644756 0.482772 -0.134878
v 0.880940 0.412277 -0.161923
v 1.015725 0.216741 -0.189706
v 1.028275 -0.004917 -0.213016
v 1.032087 -0.182297 -0.190534
v 1.026700 -0.420916 -0.209184
v 0.950706 -0.646936 -0.199825
v 0.725211 -0.772588 -0.157531
v 0.521641 -0.859044 -0.121641
v 0.341856 -0.980371 -0.103848
v 0.169401 -0.857971 -0.018247
v 0.211893 0.853837 -0.020924
v 0.367149 0.781407 -0.035125
v 0.480680 0.692582 -0.031728
v 0.558846 0.573256 -0.016202
v 0.622693 0.439667 -0.011536
v 0.803719 0.347126 0.001371
v 0.836836 0.176307 0.004010
v 0.881239 0.011768 0.008120
v 1.051382 -0.195808 0.000824
v 1.076567 -0.436908 -0.002052
v 0.936035 -0.635872 -0.009164
v 0.746782 -0.763105 -0.004185
v 0.541169 -0.855255 -0.001828
v 0.365289 -1.029242 -0.032812
v 0.167426 -0.943268 0.005422
v 0.208943 0.815618 0.009302
v 0.353117 0.757113 0.040206
v 0.454478 0.672259 0.070682
v 0.544121 0.563173 0.096015
v 0.636815 0.446421 0.115745
v 0.790405 0.337141 0.154391
v 0.863578 0.176754 0.171066
v 0.915707 0.004233 0.181239
v 1.016272 -0.200712 0.201458
v 1.029579 -0.434825 0.204918
v 0.914536 -0.636127 0.179229
v 0.785057 -0.832550 0.139158
v 0.546722 -0.876347 0.111716
v 0.374424 -1.033440 0.059160
v 0.159798 -1.016419 0.028485
v 0.203045 0.780394 0.037500
v 0.295677 0.684906 0.082261
v 0.403762 0.628868 0.140799
v 0.479400 0.519723 0.182853
v 0.577645 0.424651 0.231565
v 0.667229 0.301544 0.277850
v 0.789293 0.171597 0.332431
v 0.820724 0.001474 0.347572
v 0.872934 -0.188597 0.371520
v 0.876253 -0.397306 0.371522
v 0.816676 -0.602616 0.344427
v 0.705625 -0.779922 0.298167
v 0.560212 -0.934917 0.242115
v 0.382583 -1.087836 0.155992
v 0.144183 -1.049519 0.057468
v 0.171437 0.733746 0.052872
v 0.237386 0.633014 0.115498
v 0.329892 0.557483 0.187116
v 0.415240 0.496753 0.258348
v 0.552184 0.448390 0.366094
v 0.639678 0.320000 0.432012
v 0.701848 0.168078 0.486152
v 0.707775 0.003747 0.499943
v 0.704553 -0.167076 0.502271
v 0.721737 -0.363545 0.508665
v 0.675634 -0.551804 0.472187
v 0.607373 -0.741780 0.429097
v 0.510201 -0.937873 0.365420
v 0.353409 -1.103030 0.246177
v 0.132112 -1.112501 0.083081
v 0.145861 0.743079 0.076174
v 0.179854 0.638143 0.151850
v 0.308608 0.599564 0.260812
v 0.379818 0.532955 0.363135
v 0.481437 0.461729 0.485373
v 0.540647 0.316892 0.554212
v 0.585963 0.161468 0.613354
v 0.564901 -0.008684 0.588335
v 0.622281 -0.166495 0.660662
v 0.605467 -0.355381 0.655977
v 0.578448 -0.556314 0.622998
v 0.487602 -0.698643 0.528377
v 0.436765 -0.940675 0.474667
v 0.302329 -1.117213 0.326256
v 0.112442 -1.135739 0.115444
v 0.131271 0.807550 0.113256
v 0.137664 0.666020 0.197858
v 0.247191 0.601387 0.315086
v 0.323989 0.577359 0.471873
v 0.367247 0.456159 0.570621
v 0.413018 0.312071 0.647053
v 0.454527 0.157280 0.705720
v 0.417222 -0.012240 0.659666
v 0.507938 -0.168524 0.790648
v 0.476555 -0.361533 0.784454
v 0.479221 -0.589121 0.787008
v 0.394233 -0.718348 0.667776
v 0.373072 -0.998240 0.588106
v 0.240646 -1.137424 0.390340
v 0.085648 -1.135331 0.155918
v 0.126446 0.865908 0.143132
v 0.118065 0.726526 0.255803
v 0.204587 0.686265 0.409103
v 0.226628 0.587882 0.540602
v 0.251198 0.460819 0.642815
v 0.288172 0.329496 0.759180
v 0.318274 0.158081 0.788060
v 0.348670 -0.006281 0.854404
v 0.359342 -0.186616 0.890337
v 0.340756 -0.372374 0.876262
v 0.322844 -0.567427 0.787459
v 0.275138 -0.729812 0.684402
v 0.253527 -1.013088 0.677208
v 0.162955 -1.144525 0.432933
v 0.049720 -1.131023 0.182666
v 0.109270 0.925110 0.164332
v 0.105443 0.808628 0.308015
v 0.127683 0.740091 0.471336
v 0.117977 0.614996 0.607915
v 0.126403 0.476646 0.707414
v 0.142072 0.328872 0.796055
v 0.157218 0.155168 0.811702
v 0.183757 -0.009263 0.920632
v 0.191499 -0.201982 0.967538
v 0.171262 -0.360139 0.862552
v 0.146566 -0.525542 0.717969
v 0.151594 -0.790126 0.759393
v 0.150163 -1.077644 0.760752
v 0.077294 -1.175973 0.474428
v 0.010763 -1.105483 0.196155
v 0.052376 0.945340 0.164387
v 0.047197 0.882412 0.341414
v 0.018339 0.774236 0.506936
v -0.002158 0.633449 0.643314
v -0.000919 0.449360 0.675557
v 0.009144 0.285606 0.701572
v -0.008433 0.149425 0.772599
v -0.001967 -0.003674 0.790089
v 0.013140 -0.194466 0.931990
v 0.007901 -0.379997 0.929536
v -0.005142 -0.573534 0.834976
v -0.003645 -0.845987 0.832304
v 0.008414 -1.088069 0.772741
v -0.020884 -1.197293 0.480498
v -0.034308 -1.097594 0.197817
v 0.006498 0.966666 0.156482
v -0.033890 0.920666 0.345724
v -0.082008 0.796012 0.510831
v -0.120381 0.609823 0.615103
v -0.135722 0.424843 0.651567
v -0.147936 0.292706 0.715782
v -0.159393 0.154379 0.784875
v -0.175079 -0.004227 0.859778
v -0.175488 -0.197295 0.957499
v -0.159299 -0.396635 0.972442
v -0.159554 -0.601572 0.916900
v -0.149089 -0.857618 0.902078
v -0.140989 -1.061642 0.711912
v -0.076676 -1.094283 0.470736
v -0.079580 -1.102116 0.192652
v -0.028131 1.016032 0.144905
v -0.120748 0.960594 0.338740
v -0.180139 0.793748 0.478221
v -0.223572 0.597319 0.562120
v -0.256452 0.436587 0.629069
v -0.236180 0.248025 0.582878
v -0.261787 0.131279 0.637667
v -0.337649 0.005239 0.770775
v -0.302903 -0.181272 0.807178
v -0.321728 -0.362757 0.856977
v -0.309200 -0.597798 0.896176
v -0.311983 -0.831049 0.815289
v -0.258279 -0.997012 0.618065
v -0.137422 -0.978863 0.421383
v -0.117852 -1.086301 0.174555
v -0.065941 1.024395 0.130492
v -0.199100 0.992777 0.314183
v -0.285513 0.826278 0.447873
v -0.329388 0.609751 0.512135
v -0.376344 0.449824 0.576167
v -0.340829 0.250569 0.528639
v -0.359896 0.122874 0.557294
v -0.447566 -0.000104 0.686137
v -0.453595 -0.151895 0.687323
v -0.430381 -0.303941 0.667254
v -0.455268 -0.543099 0.710204
v -0.437891 -0.779153 0.662341
v -0.365172 -0.958280 0.523345
v -0.235431 -0.986178 0.346851
v -0.146985 -1.034647 0.152433
v -0.103253 1.016082 0.114313
v -0.269170 1.021017 0.271146
v -0.379033 0.838264 0.398463
v -0.436521 0.634613 0.447353
v -0.446680 0.424324 0.454053
v -0.529243 0.302917 0.546653
v -0.548310 0.151124 0.563942
v -0.563650 -0.005026 0.550856
v -0.544035 -0.149661 0.571526
v -0.470139 -0.273921 0.481453
v -0.520643 -0.474904 0.506859
v -0.524179 -0.719589 0.519451
v -0.435497 -0.895159 0.409176
v -0.315763 -0.985901 0.251898
v -0.157622 -0.950361 0.132271
v -0.138738 1.015962 0.093713
v -0.334908 1.048099 0.218444
v -0.473379 0.884696 0.318405
v -0.574228 0.703808 0.386362
v -0.578358 0.466746 0.392045
v -0.665269 0.327187 0.460870
v -0.757139 0.173671 0.551285
v -0.729370 -0.003508 0.490962
v -0.672189 -0.161332 0.489258
v -0.546064 -0.274841 0.356443
v -0.479424 -0.390757 0.343526
v -0.556874 -0.663087 0.372841
v -0.477967 -0.812046 0.295883
v -0.325944 -0.901766 0.191989
v -0.175388 -0.921729 0.102922
v -0.165196 0.999522 0.066597
v -0.367176 1.062801 0.138413
v -0.528672 0.898441 0.212907
v -0.640873 0.711020 0.262973
v -0.701610 0.511522 0.292090
v -0.790229 0.353346 0.338730
v -0.874621 0.187107 0.380006
v -0.825551 -0.002183 0.358642
v -0.761552 -0.169137 0.326786
v -0.640113 -0.292856 0.256686
v -0.456008 -0.345234 0.218318
v -0.443864 -0.533075 0.218626
v -0.447105 -0.712257 0.184705
v -0.344747 -0.859469 0.124681
v -0.191613 -0.922290 0.068152
v -0.181104 0.948576 0.040075
v -0.359316 1.023181 0.047007
v -0.583485 0.932141 0.107724
v -0.658029 0.690978 0.126959
v -0.792573 0.544636 0.157347
v -0.826026 0.349759 0.166506
v -0.909246 0.184753 0.186093
v -0.827764 -0.002279 0.172739
v -0.715056 -0.151604 0.148669
v -0.666846 -0.287477 0.133293
v -0.587611 -0.398812 0.118133
v -0.460804 -0.483647 0.104562
v -0.412047 -0.628777 0.093220
v -0.350449 -0.820826 0.061091
v -0.187018 -0.875752 0.039067
v -0.184756 0.884717 0.012914
v -0.368783 0.973034 -0.017216
v -0.562284 0.888487 -0.011446
v -0.695262 0.718470 -0.005783
v -0.767443 0.517772 -0.001621
v -0.797713 0.324745 -0.007550
v -0.808721 0.151736 -0.014261
v -0.683097 -0.005624 -0.003102
v -0.736618 -0.153404 -0.001479
v -0.716834 -0.303652 -0.003490
v -0.678651 -0.446701 -0.000105
v -0.540063 -0.513399 0.004989
v -0.430290 -0.623228 0.011618
v -0.325910 -0.775427 0.001206
v -0.175586 -0.829991 0.009991
v -0.178484 0.836988 -0.017594
v -0.358698 0.966697 -0.091810
v -0.540603 0.874284 -0.121741
v -0.696959 0.733818 -0.145467
v -0.706319 0.484551 -0.146041
v -0.728762 0.297297 -0.155247
v -0.697038 0.144841 -0.138442
v -0.724685 -0.007825 -0.151716
v -0.791647 -0.170078 -0.161928
v -0.762901 -0.330474 -0.154839
v -0.670665 -0.457221 -0.133328
v -0.539689 -0.543176 -0.107345
v -0.404322 -0.611329 -0.071909
v -0.293683 -0.731664 -0.054089
v -0.166688 -0.820378 -0.022350
v -0.156762 0.823973 -0.055511
v -0.327655 0.918769 -0.154103
v -0.471572 0.836444 -0.222959
v -0.583277 0.660830 -0.256281
v -0.670877 0.497464 -0.288124
v -0.625849 0.281788 -0.271077
v -0.674773 0.143011 -0.287697
v -0.598040 -0.006720 -0.256287
v -0.741996 -0.172879 -0.312487
v -0.738152 -0.348914 -0.316082
v -0.622087 -0.452509 -0.260583
v -0.513699 -0.546846 -0.210362
v -0.386861 -0.613115 -0.150613
v -0.272931 -0.713999 -0.111470
v -0.153212 -0.808153 -0.053622
v -0.134469 0.830591 -0.092926
v -0.271579 0.858469 -0.206499
v -0.373553 0.750433 -0.288540
v -0.463015 0.595102 -0.337435
v -0.512337 0.435779 -0.364549
v -0.495939 0.263803 -0.348840
v -0.524017 0.134903 -0.363080
v -0.553773 -0.001739 -0.378928
v -0.606836 -0.164910 -0.409165
v -0.566107 -0.280472 -0.377023
v -0.515916 -0.418017 -0.341365
v -0.423527 -0.500581 -0.276726
v -0.322102 -0.568028 -0.207067
v -0.240505 -0.695950 -0.162284
v -0.137821 -0.815067 -0.084767
v -0.094137 0.842224 -0.135208
v -0.202031 0.842890 -0.260940
v -0.328808 0.758141 -0.364731
v -0.417135 0.625343 -0.447903
v -0.415441 0.427117 -0.449145
v -0.419308 0.280712 -0.453159
v -0.508276 0.169148 -0.533360
v -0.540570 0.001002 -0.545788
v -0.534338 -0.164839 -0.528255
v -0.539987 -0.322638 -0.533536
v -0.457574 -0.434330 -0.451592
v -0.381807 -0.534561 -0.373219
v -0.265690 -0.556541 -0.261503
v -0.217754 -0.740226 -0.219088
v -0.119076 -0.821669 -0.114739
v -0.062031 0.857114 -0.162727
v -0.147461 0.811440 -0.293374
v -0.242697 0.713762 -0.404974
v -0.324748 0.618628 -0.515955
v -0.347311 0.473922 -0.576798
v -0.383069 0.340626 -0.624030
v -0.459604 0.187825 -0.707148
v -0.440505 0.009445 -0.666133
v -0.443840 -0.155389 -0.659910
v -0.420738 -0.311302 -0.616288
v -0.365114 -0.434295 -0.528874
v -0.299870 -0.537116 -0.437977
v -0.224275 -0.603328 -0.333528
v -0.179452 -0.761868 -0.264650
v -0.095578 -0.827443 -0.139387
v -0.023409 0.886010 -0.189862
v -0.089316 0.782376 -0.313329
v -0.162146 0.719766 -0.452590
v -0.219129 0.618336 -0.574792
v -0.231801 0.415898 -0.566457
v -0.287829 0.321855 -0.700835
v -0.323860 0.212463 -0.813004
v -0.325388 0.026930 -0.805497
v -0.319287 -0.148785 -0.774585
v -0.289144 -0.302116 -0.683168
v -0.238804 -0.411372 -0.560470
v -0.201177 -0.529608 -0.476513
v -0.164474 -0.645112 -0.395319
v -0.140345 -0.827346 -0.321554
v -0.070849 -0.846680 -0.162690
v 0.018334 0.896343 -0.204603
v -0.029943 0.794179 -0.337078
v -0.071563 0.717411 -0.478624
v -0.098512 0.566992 -0.554483
v -0.106933 0.384208 -0.561323
v -0.135737 0.277287 -0.694950
v -0.182797 0.243656 -0.948070
v -0.174222 0.029178 -0.912691
v -0.170916 -0.160596 -0.880387
v -0.151834 -0.321218 -0.775286
v -0.121679 -0.421362 -0.610404
v -0.108012 -0.554989 -0.531036
v -0.090749 -0.666731 -0.434035
v -0.084445 -0.856134 -0.352656
v -0.042773 -0.880114 -0.183465
v 0.050077 0.881862 -0.203154
v 0.030901 0.788599 -0.341124
v 0.002481 0.540464 -0.538220
v 0.004431 0.318721 -0.783670
v 0.004157 -0.351362 -0.863222
v -0.005299 -0.559606 -0.547555
v -0.007877 -0.657129 -0.425427
v -0.023186 -0.875156 -0.369477
v -0.014163 -0.928980 -0.202637
vn 0.1312 0.9908 0.0320
vn 0.3002 0.5817 -0.7559
vn -0.5047 0.6129 -0.6080
vn -0.1316 0.3951 -0.9091
vn -0.0936 -0.0977 -0.9908
vn -0.2138 -0.1782 -0.9605
vn -0.3163 -0.7255 -0.6113
vn -0.1869 -0.8895 -0.4170
vn 0.0183 0.9893 -0.1451
vn 0.3165 0.6858 -0.6554
vn 0.4888 0.5517 -0.6758
vn 0.1858 0.8425 -0.5057
vn -0.0543 0.8385 -0.5422
vn 0.1155 0.7086 -0.6961
vn 0.2236 0.2942 -0.9292
vn 0.0570 0.0888 -0.9944
vn 0.0565 -0.2316 -0.9712
vn 0.0080 -0.6408 -0.7676
vn -0.3072 -0.6438 -0.7008
vn -0.4082 -0.7569 -0.5104
vn -0.1009 -0.6637 -0.7412
vn 0.0449 -0.5918 -0.8048
vn -0.1867 -0.9804 -0.0622
vn 0.0575 0.9864 -0.1540
vn 0.4883 0.5693 -0.6614
vn 0.6029 0.6118 -0.5120
vn 0.3993 0.8815 -0.2518
vn 0.3191 0.8632 -0.3912
vn 0.3959 0.5628 -0.7256
vn 0.3973 0.4144 -0.8188
vn 0.3167 0.2025 -0.9267
vn 0.2949 -0.4431 -0.8466
vn 0.2384 -0.4900 -0.8385
vn 0.0419 -0.5496 -0.8344
vn -0.2576 -0.8450 -0.4687
vn -0.2251 -0.6760 -0.7016
vn 0.1939 -0.6447 -0.7394
vn 0.1857 -0.9803 0.0679
vn -0.0989 0.9613 -0.2572
vn 0.4106 0.4117 -0.8136
vn 0.5734 0.5482 -0.6088
vn 0.3014 0.9319 -0.2018
vn 0.1194 0.9376 -0.3266
vn 0.1966 0.5722 -0.7962
vn 0.2812 0.4047 -0.8702
vn 0.2879 0.2712 -0.9185
vn 0.1376 -0.3558 -0.9244
vn 0.1139 -0.4341 -0.8936
vn 0.2341 -0.6115 -0.7558
vn 0.1333 -0.9071 -0.3993
vn 0.0886 -0.7828 -0.6159
vn 0.3469 -0.7848 -0.5136
vn 0.3707 -0.9034 0.2154
vn -0.2781 0.9027 -0.3284
vn 0.3405 0.4557 -0.8225
vn 0.5794 0.3476 -0.7372
vn 0.2626 0.9097 -0.3217
vn 0.0164 0.9682 -0.2495
vn 0.2725 0.6486 -0.7107
vn 0.3382 0.4027 -0.8505
vn 0.3889 0.2829 -0.8768
vn 0.4023 -0.3145 -0.8598
vn 0.3162 -0.6885 -0.6527
vn 0.3819 -0.8050 -0.4541
vn 0.3196 -0.8622 -0.3931
vn 0.2512 -0.7640 -0.5943
vn 0.2350 -0.9009 -0.3649
vn 0.3189 -0.8870 0.3339
vn -0.1196 0.9918 -0.0458
vn 0.5663 0.5992 -0.5658
vn 0.7547 0.2726 -0.5967
vn 0.3546 0.9185 -0.1750
vn 0.1154 0.9900 -0.0816
vn 0.4487 0.7829 -0.4310
vn 0.6392 0.4549 -0.6201
vn 0.7535 0.2270 -0.6170
vn 0.7789 -0.3800 -0.4988
vn 0.5988 -0.7118 -0.3672
vn 0.4380 -0.7730 -0.4588
vn 0.3150 -0.7875 -0.5297
vn 0.2937 -0.7157 -0.6337
vn -0.0060 -0.9598 -0.2805
vn -0.0199 -0.9155 0.4019
vn 0.0966 0.9483 0.3022
vn 0.7297 0.6089 -0.3111
vn 0.6754 0.1976 -0.7105
vn 0.4319 0.8053 -0.4060
vn 0.1413 0.9892 0.0397
vn 0.6034 0.7941 -0.0731
vn 0.8889 0.4317 -0.1533
vn 0.9834 0.1311 -0.1253
vn 0.9294 -0.3269 -0.1716
vn 0.7209 -0.5178 -0.4606
vn 0.4618 -0.6123 -0.6418
vn 0.2525 -0.7607 -0.5979
vn 0.3291 -0.7280 -0.6015
vn -0.0917 -0.9174 -0.3872
vn -0.3554 -0.9326 -0.0621
vn 0.1349 0.8521 0.5057
vn 0.7234 0.6880 -0.0571
vn 0.7307 0.4027 -0.5512
vn 0.4617 0.6875 -0.5605
vn 0.3271 0.9445 0.0284
vn 0.6151 0.7182 0.3253
vn 0.8847 0.2928 0.3628
vn 0.9347 0.1591 0.3177
vn 0.9985 0.0281 0.0466
vn 0.9201 -0.2770 -0.2769
vn 0.6870 -0.6478 -0.3291
vn 0.3902 -0.8760 -0.2835
vn 0.4364 -0.8158 -0.3795
vn -0.0171 -0.8263 -0.5630
vn -0.5529 -0.5316 -0.6417
vn 0.0921 0.7640 0.6387
vn 0.5580 0.7544 0.3457
vn 0.7691 0.6391 0.0119
vn 0.8016 0.5950 -0.0582
vn 0.6269 0.7700 0.1188
vn 0.7049 0.6381 0.3097
vn 0.9251 0.2565 0.2800
vn 0.9221 0.3293 0.2032
vn 0.9593 0.2714 0.0782
vn 0.9738 -0.2261 0.0258
vn 0.7599 -0.6499 -0.0155
vn 0.4998 -0.8558 -0.1336
vn 0.5078 -0.8371 -0.2034
vn 0.1956 -0.8496 -0.4898
vn -0.3993 -0.4762 -0.7835
vn 0.0220 0.6814 0.7316
vn 0.2995 0.7212 0.6247
vn 0.5119 0.6822 0.5222
vn 0.6897 0.6173 0.3785
vn 0.6159 0.7345 0.2848
vn 0.7226 0.6367 0.2692
vn 0.9089 0.3626 0.2059
vn 0.8951 0.3834 0.2275
vn 0.8907 0.2609 0.3723
vn 0.8801 -0.2208 0.4203
vn 0.7699 -0.5659 0.2951
vn 0.5850 -0.8109 0.0174
vn 0.5478 -0.8083 -0.2159
vn 0.3782 -0.8157 -0.4377
vn -0.2828 -0.6486 -0.7066
vn -0.0830 0.5233 0.8481
vn 0.0055 0.5648 0.8252
vn 0.1909 0.6336 0.7498
vn 0.4206 0.7262 0.5438
vn 0.5780 0.7413 0.3412
vn 0.6924 0.6317 0.3486
vn 0.7970 0.3935 0.4582
vn 0.7970 0.2229 0.5613
vn 0.7273 0.1510 0.6695
vn 0.6889 -0.1473 0.7098
vn 0.6412 -0.4179 0.6436
vn 0.6131 -0.6416 0.4609
vn 0.6366 -0.7644 0.1022
vn 0.4659 -0.8228 -0.3256
vn -0.1741 -0.6181 -0.7666
vn 0.1994 0.6520 0.7315
vn 0.2628 0.7701 0.5813
vn 0.3669 0.8379 0.4040
vn 0.4810 0.8510 0.2109
vn 0.6247 0.7608 0.1761
vn 0.7422 0.5694 0.3534
vn 0.7656 0.2958 0.5712
vn 0.7284 0.1209 0.6744
vn 0.7336 0.1184 0.6692
vn 0.7294 -0.1173 0.6739
vn 0.6466 -0.3778 0.6627
vn 0.6168 -0.4920 0.6144
vn 0.6411 -0.6404 0.4229
vn 0.4602 -0.8876 -0.0187
vn -0.1700 -0.7764 -0.6069
vn 0.7754 0.5932 0.2165
vn 0.6055 0.7568 0.2462
vn 0.5081 0.8613 -0.0042
vn 0.5197 0.8511 0.0737
vn 0.5681 0.7170 0.4041
vn 0.5942 0.5009 0.6293
vn 0.6122 0.1462 0.7770
vn 0.6159 0.1612 0.7712
vn 0.7193 0.2141 0.6609
vn 0.7895 -0.1097 0.6039
vn 0.7436 -0.3957 0.5390
vn 0.7078 -0.4770 0.5210
vn 0.7322 -0.5297 0.4281
vn 0.4385 -0.8957 0.0732
vn -0.2855 -0.8654 -0.4118
vn 0.9602 0.2606 -0.1009
vn 0.8249 0.5628 0.0523
vn 0.5451 0.8381 -0.0197
vn 0.5485 0.7806 0.2996
vn 0.5091 0.6341 0.5819
vn 0.5317 0.4690 0.7053
vn 0.6275 0.1308 0.7676
vn 0.6638 0.2232 0.7138
vn 0.6680 0.2310 0.7074
vn 0.6092 -0.1323 0.7819
vn 0.5131 -0.4350 0.7399
vn 0.5222 -0.5049 0.6873
vn 0.6268 -0.5674 0.5340
vn 0.3179 -0.9403 0.1219
vn -0.3202 -0.8697 -0.3757
vn 0.9655 0.2355 -0.1113
vn 0.9198 0.3909 -0.0332
vn 0.7277 0.6819 0.0740
vn 0.5585 0.6569 0.5064
vn 0.4482 0.5982 0.6643
vn 0.4059 0.4231 0.8101
vn 0.4833 0.2672 0.8337
vn 0.5509 0.3370 0.7635
vn 0.4931 0.0610 0.8679
vn 0.1951 -0.3109 0.9302
vn 0.0175 -0.3948 0.9186
vn 0.2567 -0.2474 0.9343
vn 0.5558 -0.5006 0.6636
vn 0.2339 -0.9669 0.1015
vn -0.2829 -0.8610 -0.4227
vn 0.7749 0.6306 -0.0426
vn 0.8137 0.5391 0.2174
vn 0.6196 0.6730 0.4039
vn 0.3683 0.5780 0.7282
vn 0.0754 0.4932 0.8666
vn -0.0999 0.3482 0.9321
vn -0.1218 0.3129 0.9419
vn -0.0299 0.3773 0.9256
vn 0.0774 -0.0106 0.9969
vn 0.1308 -0.4405 0.8882
vn 0.2118 -0.3178 0.9242
vn 0.4147 -0.0355 0.9093
vn 0.4510 -0.5690 0.6877
vn 0.2120 -0.9764 0.0416
vn -0.1816 -0.7920 -0.5829
vn 0.4918 0.8695 -0.0468
vn 0.4883 0.7588 0.4311
vn 0.2869 0.7044 0.6492
vn 0.0012 0.4795 0.8776
vn -0.2070 0.2824 0.9367
vn -0.2289 0.3217 0.9187
vn -0.1226 0.3338 0.9347
vn -0.0821 0.3851 0.9192
vn 0.0200 0.1896 0.9817
vn 0.3086 -0.2834 0.9080
vn 0.4818 -0.2008 0.8530
vn 0.3155 -0.1532 0.9365
vn 0.0059 -0.6923 0.7216
vn -0.2578 -0.9658 0.0284
vn -0.1758 -0.7622 -0.6230
vn 0.6160 0.7867 0.0417
vn 0.2992 0.8020 0.5170
vn -0.0550 0.6599 0.7493
vn -0.2611 0.3873 0.8842
vn -0.3054 0.2110 0.9285
vn -0.3850 0.3172 0.8667
vn -0.2799 0.4822 0.8301
vn -0.2135 0.4454 0.8695
vn -0.2403 0.2514 0.9376
vn -0.1113 -0.0721 0.9912
vn 0.0265 -0.1585 0.9870
vn -0.1068 -0.3683 0.9236
vn -0.4905 -0.7704 0.4072
vn -0.6698 -0.7423 -0.0191
vn -0.4721 -0.7492 -0.4645
vn 0.4997 0.8659 -0.0209
vn 0.1711 0.7956 0.5811
vn -0.1752 0.5555 0.8128
vn -0.3190 0.3959 0.8611
vn -0.4342 0.1217 0.8926
vn -0.6285 0.1323 0.7665
vn -0.6029 0.5379 0.5892
vn -0.5848 0.4224 0.6925
vn -0.6687 0.1154 0.7346
vn -0.6860 0.0784 0.7233
vn -0.5910 -0.0893 0.8017
vn -0.6220 -0.4312 0.6536
vn -0.5453 -0.8189 0.1789
vn -0.5213 -0.8533 -0.0102
vn -0.3814 -0.8163 -0.4339
vn 0.2323 0.9528 -0.1954
vn -0.0017 0.8448 0.5350
vn -0.2379 0.5150 0.8235
vn -0.4446 0.3473 0.8257
vn -0.4845 0.1605 0.8599
vn -0.3137 0.1024 0.9440
vn -0.3119 0.4691 0.8262
vn -0.5835 0.3443 0.7355
vn -0.7758 -0.0878 0.6248
vn -0.8780 -0.0036 0.4786
vn -0.8745 0.0164 0.4848
vn -0.8260 -0.3726 0.4228
vn -0.5410 -0.8238 0.1695
vn -0.3598 -0.9330 -0.0044
vn -0.3487 -0.7648 -0.5418
vn 0.2103 0.9398 -0.2695
vn -0.0691 0.8845 0.4613
vn -0.3239 0.5063 0.7992
vn -0.4690 0.2373 0.8507
vn -0.4419 0.2956 0.8470
vn -0.1817 0.3629 0.9139
vn -0.1613 0.2032 0.9658
vn -0.4469 0.0354 0.8939
vn -0.6969 -0.3438 0.6294
vn -0.8784 -0.3316 0.3441
vn -0.9735 0.1015 0.2048
vn -0.9481 -0.2450 0.2026
vn -0.7407 -0.6718 -0.0071
vn -0.5287 -0.7845 -0.3239
vn -0.3048 -0.6001 -0.7396
vn 0.2410 0.9290 -0.2809
vn -0.1906 0.9249 0.3291
vn -0.4981 0.6098 0.6165
vn -0.5819 0.3173 0.7488
vn -0.4724 0.3597 0.8046
vn -0.3937 0.5422 0.7423
vn -0.5300 0.1190 0.8396
vn -0.6078 -0.2561 0.7517
vn -0.5705 -0.5090 0.6446
vn -0.6554 -0.7023 0.2778
vn -0.9820 -0.1695 -0.0828
vn -0.9821 -0.0722 -0.1741
vn -0.8524 -0.4195 -0.3122
vn -0.5919 -0.6695 -0.4488
vn -0.0382 -0.8499 -0.5256
vn 0.1577 0.8141 -0.5589
vn -0.2548 0.9667 -0.0239
vn -0.6978 0.6451 0.3112
vn -0.7939 0.4207 0.4390
vn -0.7391 0.3976 0.5438
vn -0.7253 0.5059 0.4669
vn -0.9112 0.1227 0.3933
vn -0.8879 -0.3705 0.2727
vn -0.7915 -0.5790 0.1957
vn -0.6022 -0.7669 0.2219
vn -0.7993 -0.5698 0.1908
vn -0.9789 -0.0858 -0.1854
vn -0.8801 -0.2303 -0.4151
vn -0.6325 -0.6258 -0.4563
vn -0.0818 -0.8629 -0.4988
vn 0.1032 0.5774 -0.8099
vn -0.1142 0.8586 -0.4998
vn -0.7275 0.6861 -0.0006
vn -0.8590 0.4812 0.1748
vn -0.9047 0.3987 0.1502
vn -0.9476 0.3194 -0.0011
vn -0.9922 0.0016 -0.1247
vn -0.8941 -0.3906 -0.2191
vn -0.9297 -0.3577 -0.0881
vn -0.8024 -0.5148 0.3020
vn -0.5752 -0.6185 0.5354
vn -0.7831 -0.4693 0.4080
vn -0.9418 -0.3300 -0.0647
vn -0.6680 -0.5270 -0.5253
vn -0.0870 -0.6243 -0.7764
vn 0.2209 0.6314 -0.7433
vn -0.0191 0.8770 -0.4802
vn -0.6551 0.7375 -0.1638
vn -0.8877 0.4570 -0.0566
vn -0.9482 0.2491 -0.1971
vn -0.9156 0.1270 -0.3815
vn -0.8866 -0.1694 -0.4303
vn -0.9723 -0.1331 -0.1920
vn -0.9899 -0.0374 0.1365
vn -0.8992 -0.2940 0.3241
vn -0.7016 -0.6224 0.3469
vn -0.5607 -0.7636 0.3201
vn -0.7891 -0.6136 -0.0283
vn -0.5843 -0.6146 -0.5300
vn -0.0526 -0.7536 -0.6552
vn 0.3216 0.8172 -0.4783
vn 0.0846 0.9314 -0.3540
vn -0.5104 0.7650 -0.3927
vn -0.8034 0.4504 -0.3895
vn -0.8984 0.1190 -0.4227
vn -0.8800 0.0095 -0.4748
vn -0.8943 -0.1229 -0.4304
vn -0.9514 0.1624 -0.2618
vn -0.9843 0.1709 -0.0440
vn -0.9360 -0.3513 0.0227
vn -0.6975 -0.7166 -0.0065
vn -0.5221 -0.8521 -0.0370
vn -0.6029 -0.7675 -0.2178
vn -0.5303 -0.7122 -0.4600
vn -0.1032 -0.9035 -0.4160
vn 0.2658 0.9511 -0.1576
vn 0.1913 0.8544 -0.4832
vn -0.2743 0.6098 -0.7436
vn -0.5183 0.3787 -0.7668
vn -0.6882 0.1125 -0.7167
vn -0.7027 0.0180 -0.7113
vn -0.7678 -0.0071 -0.6406
vn -0.7806 0.1993 -0.5924
vn -0.7776 0.1999 -0.5961
vn -0.6975 -0.4152 -0.5840
vn -0.4741 -0.7207 -0.5057
vn -0.3506 -0.8361 -0.4220
vn -0.4031 -0.7986 -0.4470
vn -0.5079 -0.7324 -0.4533
vn -0.2356 -0.9370 -0.2580
vn 0.1309 0.9896 0.0596
vn 0.0418 0.9205 -0.3886
vn -0.4145 0.6602 -0.6263
vn -0.6005 0.3761 -0.7057
vn -0.6191 0.0499 -0.7837
vn -0.7037 0.1642 -0.6913
vn -0.8334 0.2167 -0.5085
vn -0.8869 0.1997 -0.4165
vn -0.8205 0.1142 -0.5601
vn -0.6932 -0.3595 -0.6247
vn -0.5421 -0.6696 -0.5077
vn -0.3458 -0.8398 -0.4186
vn -0.4246 -0.7591 -0.4934
vn -0.6430 -0.6391 -0.4220
vn -0.3767 -0.9263 0.0029
vn -0.0105 0.9952 0.0974
vn -0.0527 0.9427 -0.3295
vn -0.3684 0.7685 -0.5232
vn -0.6900 0.4479 -0.5685
vn -0.8426 0.1112 -0.5269
vn -0.8888 0.3077 -0.3398
vn -0.9222 0.3273 -0.2058
vn -0.9274 0.0733 -0.3668
vn -0.8727 -0.0449 -0.4861
vn -0.7721 -0.4039 -0.4907
vn -0.6194 -0.6908 -0.3730
vn -0.4820 -0.8501 -0.2121
vn -0.6236 -0.7459 -0.2341
vn -0.7634 -0.6062 -0.2230
vn -0.3819 -0.9216 0.0692
vn -0.1553 0.9869 0.0435
vn -0.0481 0.8847 -0.4638
vn -0.1474 0.7917 -0.5929
vn -0.4203 0.4987 -0.7580
vn -0.5440 0.3133 -0.7784
vn -0.6465 0.5813 -0.4940
vn -0.7973 0.2765 -0.5365
vn -0.7848 -0.0635 -0.6165
vn -0.6926 -0.1766 -0.6993
vn -0.4803 -0.4969 -0.7228
vn -0.2994 -0.7028 -0.6453
vn -0.3679 -0.8030 -0.4689
vn -0.6831 -0.6483 -0.3362
vn -0.7898 -0.5764 -0.2099
vn -0.4492 -0.8812 0.1475
vn -0.2680 0.9626 -0.0400
vn -0.2035 0.8747 -0.4399
vn -0.1138 0.8137 -0.5700
vn -0.0831 0.4459 -0.8912
vn 0.0637 0.4246 -0.9031
vn -0.1395 0.7834 -0.6056
vn -0.5539 0.4212 -0.7182
vn -0.6514 -0.1168 -0.7497
vn -0.6010 -0.2905 -0.7446
vn -0.4084 -0.6215 -0.6685
vn -0.2848 -0.6909 -0.6645
vn -0.3943 -0.6522 -0.6475
vn -0.6269 -0.5289 -0.5721
vn -0.7225 -0.6266 -0.2921
vn -0.5781 -0.7769 0.2494
vn 0.0150 0.9860 -0.1659
vn -0.0414 0.8476 -0.5290
vn 0.1113 0.7101 -0.6952
vn 0.0741 0.3138 -0.9466
vn -0.1285 0.5208 -0.8440
vn -0.1717 0.8744 -0.4539
vn -0.3452 0.4825 -0.8050
vn -0.3543 -0.1373 -0.9250
vn -0.4150 -0.2749 -0.8673
vn -0.4049 -0.6825 -0.6085
vn -0.3243 -0.7193 -0.6144
vn -0.2920 -0.6155 -0.7321
vn -0.3001 -0.5296 -0.7934
vn -0.5156 -0.6705 -0.5335
vn -0.6503 -0.7353 0.1911
vn 0.1752 0.9657 -0.1916
vn 0.2157 0.7530 -0.6217
vn -0.0634 0.5537 -0.8303
vn -0.3790 0.8003 -0.4646
vn -0.2763 -0.6720 -0.6870
vn -0.1749 -0.7111 -0.6810
vn 0.0685 -0.5757 -0.8148
vn -0.2294 -0.6578 -0.7174
vn -0.5963 -0.7998 0.0686
vt 0.695102 0.588256
vt 0.727778 0.505817
vt 0.916330 0.508858
vt 0.624422 0.855457
vt 0.591415 0.109446
vt 0.492120 0.489441
vt 0.471136 0.130570
vt 0.541836 0.734363
vt 0.549431 0.676122
vt 0.491541 0.842579
vt 0.491805 0.696853
vt 0.697758 0.805633
vt 0.625416 0.834481
vt 0.893071 0.420243
vt 0.726441 0.418416
vt 0.562235 0.662466
vt 0.532801 0.690357
vt 0.526783 0.853811
vt 0.555344 0.851243
vt 0.523512 0.579649
vt 0.511222 0.589276
vt 0.532138 0.654214
vt 0.555508 0.141017
vt 0.514700 0.868515
vt 0.537475 0.584348
vt 0.523859 0.588753
vt 0.522074 0.239915
vt 0.505987 0.133237
vt 0.479603 0.132713
vt 0.486220 0.226959
vt 0.642334 0.893071
vt 0.573481 0.430238
vt 0.564543 0.516573
vt 0.731133 0.766410
vt 0.685446 0.263866
vt 0.697758 0.359952
vt 0.791383 0.823611
vt 0.566198 0.598113
vt 0.485254 0.617034
vt 0.665684 0.710204
vt 0.659262 0.618814
vt 0.625510 0.771834
vt 0.568721 0.784408
vt 0.556036 0.680754
vt 0.533845 0.750682
vt 0.584565 0.764758
vt 0.898351 0.523630
vt 0.410607 0.616343
vt 0.890027 0.525372
vt 0.505987 0.662614
vt 0.497078 0.595024
vt 0.479603 0.663535
vt 0.489500 0.525372
vt 0.562254 0.868282
vt 0.580878 0.843127
vt 0.550810 0.894339
vt 0.834481 0.364231
vt 0.617805 0.830566
vt 0.811155 0.297894
vt 0.675607 0.707572
vt 0.634208 0.738999
vt 0.814637 0.263866
vt 0.624690 0.662014
vt 0.587046 0.193399
vt 0.492061 0.436281
vt 0.578421 0.756126
vt 0.772158 0.780900
vt 0.691714 0.815782
vt 0.644678 0.745530
vt 0.698094 0.713290
vt 0.716244 0.741364
vt 0.529699 0.744144
vt 0.615893 0.660988
vt 0.691714 0.674130
vt 0.651279 0.851906
vt 0.511272 0.591638
vt 0.774885 0.714058
vt 0.562254 0.357722
vt 0.491422 0.876967
vt 0.555508 0.636472
vt 0.680754 0.219481
vt 0.587046 0.685122
vt 0.624245 0.770535
vt 0.608578 0.618019
vt 0.632613 0.600439
vt 0.497297 0.705366
vt 0.502983 0.851906
vt 0.584565 0.228294
vt 0.490540 0.777835
vt 0.575795 0.716244
vt 0.608445 0.729585
vt 0.490697 0.744644
vt 0.582221 0.526810
vt 0.652976 0.549473
vt 0.644288 0.573063
vt 0.578700 0.540800
vt 0.487335 0.269116
vt 0.625988 0.649939
vt 0.698094 0.724962
vt 0.608445 0.684910
vt 0.775669 0.696853
vt 0.576700 0.136229
vt 0.685122 0.193399
vt 0.750682 0.256889
vt 0.487335 0.740513
vt 0.788278 0.596886
vt 0.780900 0.688855
vt 0.550810 0.577511
vt 0.737908 0.342728
vt 0.791383 0.315220
vt 0.838022 0.404852
vt 0.791692 0.401045
vt 0.634097 0.168201
vt 0.710164 0.229867
vt 0.805633 0.359952
vt 0.762967 0.624693
vt 0.710164 0.664112
vt 0.774063 0.272178
vt 0.844363 0.657469
vt 0.911464 0.511762
vt 0.832696 0.507409
vt 0.890169 0.610646
vt 0.720078 0.698173
vt 0.678517 0.736808
vt 0.562428 0.567889
vt 0.830566 0.274309
vt 0.571074 0.555079
vt 0.774063 0.705611
vt 0.845305 0.507409
vt 0.578970 0.710204
vt 0.619721 0.714855
vt 0.723331 0.648001
vt 0.317075 0.649344
vt 0.345569 0.704843
vt 0.697737 0.294008
vt 0.547675 0.144869
vt 0.535731 0.127918
vt 0.578246 0.101321
vt 0.597175 0.119206
vt 0.662998 0.634097
vt 0.690095 0.157450
vt 0.670788 0.611497
vt 0.831705 0.698173
vt 0.876741 0.650401
vt 0.684834 0.802527
vt 0.667710 0.332215
vt 0.557353 0.523630
vt 0.620066 0.578246
vt 0.689257 0.516741
vt 0.519675 0.868515
vt 0.577396 0.848359
vt 0.579945 0.499800
vt 0.900588 0.590200
vt 0.933438 0.329067
vt 0.832696 0.845305
vt 0.812437 0.505630
vt 0.803113 0.571917
vt 0.894246 0.507782
vt 0.523512 0.103158
vt 0.595902 0.508892
vt 0.585825 0.604708
vt 0.944576 0.684401
vt 0.684401 0.418852
vt 0.935767 0.586183
vt 0.707572 0.231116
vt 0.712263 0.743287
vt 0.514700 0.519675
vt 0.581220 0.512865
vt 0.504708 0.322155
vt 0.503465 0.426375
vt 0.851365 0.587230
vt 0.870430 0.689233
vt 0.503228 0.661070
vt 0.561999 0.103270
vt 0.511709 0.140141
vt 0.637400 0.548711
vt 0.647529 0.518005
vt 0.686083 0.801615
vt 0.517536 0.810400
vt 0.519005 0.848797
vt 0.642267 0.838295
vt 0.793014 0.293672
vt 0.830814 0.585194
vt 0.778049 0.383714
vt 0.766140 0.649344
vt 0.768335 0.719706
vt 0.556403 0.139677
vt 0.523630 0.162310
vt 0.518005 0.066106
vt 0.723557 0.504611
vt 0.758797 0.701073
vt 0.510825 0.758819
vt 0.870559 0.516104
vt 0.934119 0.595902
vt 0.731198 0.510825
vt 0.504611 0.141315
vt 0.715116 0.556403
vt 0.884953 0.426345
vt 0.507782 0.236148
vt 0.415241 0.323055
vt 0.567371 0.438181
vt 0.592241 0.784651
vt 0.563733 0.480966
vt 0.470893 0.832229
vt 0.374932 0.173880
vt 0.443667 0.151130
vt 0.842651 0.250524
vt 0.547675 0.543968
vt 0.416736 0.424255
vt 0.617438 0.807082
vt 0.768335 0.562125
vt 0.712263 0.557393
vt 0.828983 0.443667
vt 0.764902 0.453787
vt 0.508808 0.701073
vt 0.462316 0.754461
vt 0.614194 0.653449
vt 0.668161 0.645917
vt 0.257158 0.708202
vt 0.598211 0.225951
vt 0.664160 0.782859
vt 0.551951 0.057340
vt 0.491508 0.071649
vt 0.478248 0.064291
vt 0.655005 0.436390
vt 0.353576 0.511654
vt 0.425476 0.512847
vt 0.429874 0.587423
vt 0.830814 0.360120
vt 0.632228 0.752001
vt 0.651478 0.478248
vt 0.725957 0.132198
vt 0.500311 0.516104
vt 0.502087 0.587230
vt 0.473267 0.801615
vt 0.399162 0.106880
vt 0.437082 0.656754
vt 0.739325 0.694582
vt 0.696856 0.735678
vt 0.428366 0.041441
vt 0.455225 0.420543
vt 0.300335 0.037990
vt 0.430222 0.321669
vt 0.781682 0.272488
vt 0.354935 0.250524
vt 0.868404 0.339274
vt 0.283940 0.353867
vt 0.885459 0.425476
vt 0.669122 0.392145
vt 0.422936 0.752001
vt 0.794647 0.374932
vt 0.546733 0.467907
vt 0.642394 0.397406
vt 0.696856 0.424779
vt 0.664160 0.442958
vt 0.286703 0.438795
vt 0.866970 0.429492
vt 0.418293 0.798918
vt 0.438181 0.786868
vt 0.552677 0.832229
vt 0.454864 0.860098
vt 0.837050 0.503228
vt 0.758797 0.508808
vt 0.728319 0.345569
vt 0.739325 0.403722
vt 0.345860 0.105602
vt 0.794647 0.173880
vt 0.318335 0.190367
vt 0.234517 0.270539
vt 0.299708 0.272488
vt 0.751351 0.357396
vt 0.733816 0.507263
vt 0.287710 0.512637
vt 0.293672 0.583673
vt 0.742920 0.580815
vt 0.596479 0.367618
vt 0.623028 0.391080
vt 0.567371 0.786868
vt 0.393245 0.825074
vt 0.441949 0.885324
vt 0.298636 0.104391
vt 0.620313 0.362790
vt 0.653810 0.346848
vt 0.538230 0.453918
vt 0.642267 0.486441
vt 0.928930 0.424255
vt 0.347240 0.774595
vt 0.260832 0.769221
vt 0.411757 0.297100
vt 0.366206 0.868193
vt 0.164724 0.354737
vt 0.163620 0.256357
vt 0.794183 0.438795
vt 0.795576 0.512637
vt 0.471136 0.583127
vt 0.458999 0.145022
vt 0.642819 0.153379
vt 0.453122 0.140935
vt 0.526648 0.436422
vt 0.593650 0.335088
vt 0.215161 0.200496
vt 0.700401 0.209014
vt 0.739672 0.234517
vt 0.700401 0.275419
vt 0.264251 0.648001
vt 0.238686 0.580815
vt 0.648376 0.708202
vt 0.629676 0.760593
vt 0.489441 0.164216
vt 0.558701 0.071649
vt 0.578062 0.326977
vt 0.346848 0.741398
vt 0.392145 0.725749
vt 0.249599 0.079507
vt 0.648376 0.257158
vt 0.437588 0.774626
vt 0.488693 0.225735
vt 0.497553 0.284687
vt 0.454175 0.283003
vt 0.608560 0.195541
vt 0.660041 0.200496
vt 0.163425 0.265735
vt 0.511118 0.424860
vt 0.544819 0.830937
vt 0.578062 0.807670
vt 0.370675 0.860564
vt 0.758619 0.218236
vt 0.552981 0.283841
vt 0.555155 0.169469
vt 0.629182 0.163425
vt 0.551951 0.478979
vt 0.560066 0.316676
vt 0.218666 0.505726
vt 0.198758 0.579005
vt 0.627206 0.579351
vt 0.640345 0.508302
vt 0.218236 0.439046
vt 0.632228 0.422936
vt 0.162047 0.438169
vt 0.636924 0.350051
vt 0.644958 0.430348
vt 0.474795 0.418310
vt 0.494278 0.419029
vt 0.523037 0.298739
vt 0.480598 0.296115
vt 0.599218 0.211083
vt 0.510027 0.892459
vt 0.432785 0.910916
vt 0.512266 0.432761
vt 0.437430 0.926254
vt 0.474975 0.908995
vt 0.436178 0.928879
vt 0.477465 0.441183
vt 0.546733 0.030115
vt 0.544266 0.717057
vt 0.598211 0.710216
vt 0.587590 0.270134
vt 0.241037 0.776862
vt 0.554536 0.045183
vt 0.551039 0.653179
vt 0.175649 0.653449
vt 0.326977 0.807670
vt 0.563657 0.130964
vt 0.557586 0.578092
vt 0.448309 0.564074
vt 0.438152 0.553419
vt 0.598526 0.191039
vt 0.412053 0.181684
vt 0.489228 0.705263
vt 0.540623 0.776862
vt 0.488693 0.784839
vt 0.102009 0.346756
vt 0.572405 0.423706
vt 0.495305 0.100949
vt 0.118954 0.430348
vt 0.709192 0.162047
vt 0.420655 0.250975
vt 0.425179 0.140294
vt 0.488050 0.145321
vt 0.142885 0.263095
vt 0.485980 0.575610
vt 0.488775 0.509429
vt 0.569058 0.507013
vt 0.387532 0.618231
vt 0.425677 0.194409
vt 0.430956 0.694665
vt 0.378769 0.231893
vt 0.536859 0.432785
vt 0.629182 0.265735
vt 0.629676 0.299844
vt 0.487402 0.263095
vt 0.563657 0.355340
vt 0.437588 0.237930
vt 0.413767 0.425733
vt 0.162288 0.509429
vt 0.413943 0.509190
vt 0.493578 0.200551
vt 0.493263 0.169787
vt 0.428680 0.196082
vt 0.492120 0.164216
vt 0.554536 0.174970
vt 0.488050 0.144040
vt 0.420765 0.339563
vt 0.420724 0.577751
vt 0.493578 0.634477
vt 0.194409 0.637546
vt 0.296115 -0.006538
vt 0.133374 0.354208
vt 0.154901 0.432659
vt 0.403560 0.368009
vt 0.217510 0.174212
vt 0.151395 0.151779
vt 0.355967 0.252606
vt 0.196820 0.276251
vt 0.170637 0.513282
vt 0.228176 0.567766
vt 0.540623 0.241037
vt 0.107472 0.250975
vt 0.179758 0.379757
vt 0.446202 0.386749
vt 0.439555 0.445483
vt 0.504460 0.444705
vt 0.444992 0.950240
vt 0.373271 0.386612
vt 0.461121 0.447413
vt 0.403560 0.940166
vt 0.387855 0.353887
vt 0.377979 0.236649
vt 0.331772 0.277594
vt 0.334053 0.564132
vt 0.275305 0.619331
vt 0.325780 0.873375
vt 0.350552 0.354208
vt 0.215386 0.379632
vt 0.377979 0.080038
vt 0.426088 0.063769
vt 0.326943 0.705463
vt 0.378769 0.699741
vt 0.207224 0.510972
vt 0.264566 0.305730
vt 0.286398 0.295703
vt 0.342653 0.224384
vt 0.279277 0.199960
vt 0.355325 0.342104
vt 0.245976 0.508845
vt 0.252607 0.576344
vt 0.293549 0.206711
vt 0.461121 0.953834
vt 0.256767 0.446323
vt 0.116430 0.252606
vt 0.310443 0.785342
vt 0.310218 0.868193
vt 0.284720 0.305730
vt 0.429653 0.950188
vt 0.253578 0.349741
vt 0.254455 0.256767
vt 0.199057 0.292329
vt 0.162336 0.586090
vt 0.260849 0.641960
vt 0.202049 0.304600
vt 0.413810 0.459331
vt 0.421490 0.100204
vt 0.353130 0.394933
vt 0.348729 0.420830
vt 0.330906 0.443989
vt 0.411788 0.899387
vt 0.284997 0.893446
vt 0.344854 0.409394
vt 0.342295 0.619331
vt 0.267518 0.641960
vt 0.334303 0.953309
vt 0.418216 0.943082
vt 0.411339 0.921059
vt 0.260849 0.267518
vt 0.307547 0.694440
vt 0.326946 0.124066
vt 0.375919 0.159993
vt 0.239618 0.712778
vt 0.300930 0.785342
vt 0.336808 0.815253
vt 0.174340 0.509501
vt 0.162336 0.265516
vt 0.301372 0.326946
vt 0.292329 0.441278
vt 0.292506 0.361783
vt 0.253578 0.392212
vt 0.392863 0.384424
vt 0.334570 0.543508
vt 0.330211 0.511263
vt 0.409761 0.893455
vt 0.412472 0.511426
vt 0.438681 0.428366
vt 0.413725 0.499502
vt 0.408783 0.486933
vt 0.477413 0.156198
vt 0.503299 0.175822
vt 0.349741 0.392212
vt 0.362561 0.437904
vt 0.212923 0.384424
vt 0.486498 0.921059
vt 0.300338 0.174212
vt 0.409315 0.280584
vt 0.186339 0.377559
vt 0.212594 0.390145
vt 0.235618 0.452755
vt 0.406796 0.112338
vt 0.449925 0.139494
vt 0.429151 0.510032
vt 0.348790 0.510074
vt 0.111552 0.591898
vt 0.423378 0.590881
vt 0.508769 0.895084
vt 0.237402 0.457255
vt 0.406796 0.474361
vt 0.296355 0.203129
vt 0.265516 0.586090
vt 0.390145 0.818371
vt 0.311509 0.239215
vt 0.357398 0.663758
vt 0.435804 0.746448
vt 0.205178 0.448940
vt 0.174602 0.639530
vt 0.507085 0.651395
vt 0.504522 0.734835
vt 0.566950 0.720475
vt 0.505329 0.379757
vt 0.503866 0.317921
vt 0.235618 0.338622
vt 0.160428 0.362561
vt 0.199057 0.441278
vt 0.256171 0.501664
vt 0.458622 0.301951
vt 0.311509 0.463525
vt 0.423978 0.203129
vt 0.297756 0.280584
vt 0.290433 0.301951
vt 0.431845 0.662208
vt 0.448940 0.809707
vt 0.506321 0.821591
vt 0.231110 0.508112
vt 0.569403 0.507635
vt 0.563665 0.573628
vt 0.197940 0.572837
vt 0.290433 0.458622
vt 0.457255 0.913955
vt 0.246566 0.508769
vt 0.304600 0.652451
vt 0.303623 0.498799
vt 0.501664 0.289090
vt 0.640454 0.360192
vt 0.159845 0.570754
vt 0.573818 0.437497
vt 0.168882 0.436287
vt 0.394902 0.778306
vt 0.349246 0.726853
vt 0.384714 0.678879
vt 0.419534 0.822151
vt 0.566702 0.828226
vt 0.246566 0.895084
vt 0.255938 0.556446
vt 0.417571 0.513482
vt 0.411339 0.486498
vt 0.347989 0.570435
vt 0.543508 0.928893
vt 0.421861 0.527816
vt 0.285778 0.872588
vt 0.267568 0.274631
vt 0.256333 0.550223
vt 0.561455 0.313374
vt 0.220715 0.616464
vt 0.362675 0.194740
vt 0.505162 0.508586
vt 0.509985 0.576608
vt 0.171207 0.444705
vt 0.314848 0.534905
vt 0.498799 0.241614
vt 0.527202 0.194740
vt 0.593084 0.882109
vt 0.431498 0.543990
vt 0.654614 0.625051
vt 0.621000 0.632826
vt 0.628368 0.726057
vt 0.268157 0.699392
vt 0.628548 0.835408
vt 0.372230 0.593084
vt 0.600200 0.872588
vt 0.237491 0.796675
vt 0.199716 0.561455
vt 0.219089 0.632826
vt 0.184304 0.566950
vt 0.199625 0.628368
vt 0.170543 0.640454
vt 0.570754 0.368163
vt 0.552006 0.202376
vt 0.534905 0.246757
vt 0.322396 0.568927
vt 0.306547 0.623442
vt 0.651383 0.330321
vt 0.347491 0.661484
vt 0.328149 0.835408
vt 0.402293 0.616618
vt 0.194342 0.508586
vt 0.550223 0.276218
vt 0.267568 0.594754
vt 0.699031 0.323269
vt 0.324581 0.665153
vt 0.408783 0.132455
vt 0.430049 0.540463
vt 0.423396 0.527000
vt 0.371645 0.202376
vt 0.573971 0.210178
vt 0.660770 0.569332
vt 0.667621 0.510266
vt 0.255938 0.888945
vt 0.244913 0.666797
vt 0.680691 0.439731
vt 0.350390 0.265475
vt 0.447041 0.756112
vt 0.458690 0.710716
vt 0.425882 0.861779
vt 0.448933 0.562268
vt 0.462811 0.574163
vt 0.497550 0.592265
vt 0.476682 0.649530
vt 0.451017 0.849216
vt 0.479506 0.585893
vt 0.310042 0.695647
vt 0.649684 0.768263
vt 0.697436 0.781335
vt 0.374775 0.616861
vt 0.350390 0.593330
vt 0.623442 0.294631
vt 0.699709 0.632361
vt 0.275245 0.625051
vt 0.402293 0.875375
vt 0.328149 0.628548
vt 0.666797 0.389777
vt 0.734453 0.371550
vt 0.374775 0.270441
vt 0.734377 0.584135
vt 0.275245 0.654614
vt 0.339493 0.715880
vt 0.697973 0.695647
vt 0.726853 0.778432
vt 0.307752 0.376450
vt 0.258646 0.439762
vt 0.297766 0.443847
vt 0.425882 0.630638
vt 0.386397 0.746096
vt 0.402662 0.709804
vt 0.360000 0.693146
vt 0.331797 0.732438
vt 0.809500 0.592209
vt 0.791771 0.515100
vt 0.255952 0.739749
vt 0.430950 0.804228
vt 0.365205 0.650146
vt 0.389424 0.748684
vt 0.443401 0.677099
vt 0.331797 0.323284
vt 0.739749 0.511450
vt 0.389424 0.690798
vt 0.351607 0.446702
vt 0.299208 0.515100
vt 0.348969 0.522658
vt 0.773571 0.658260
vt 0.428958 0.153379
vt 0.392678 0.647995
vt 0.674706 0.232154
vt 0.451017 0.639264
vt 0.386397 0.333193
vt 0.307752 0.770224
vt 0.799135 0.380421
vt 0.250245 0.510266
vt 0.349630 0.602859
vt 0.324036 0.773571
vt 0.806772 0.650146
vt 0.458999 0.574147
vt 0.423992 0.838955
vt 0.415743 0.441596
vt 0.442935 0.733373
vt 0.437027 0.328874
vt 0.309310 0.697436
vt 0.665153 0.279942
vt 0.437027 0.767681
vt 0.423992 0.372164
vt 0.450397 0.222809
vt 0.442935 0.271111
vt 0.410607 0.913644
vt 0.365205 0.806772
vt 0.491805 0.775669
vt 0.490540 0.325523
vt 0.591638 0.892221
vt 0.709804 0.282083
vt 0.748684 0.690798
vt 0.443401 0.746464
vt 0.578421 0.642775
vt 0.627803 0.843127
vt 0.608578 0.863717
vt 0.758619 0.439046
vt 0.917608 0.598113
vt 0.574147 0.145022
vt 0.511272 0.892221
vt 0.163165 0.579351
vt 0.224118 0.645917
vt 0.778049 0.641366
vt 0.219089 0.621000
vt 0.648333 0.519005
vt 0.890169 0.762462
s 1
f 527/555/527 528/556/528 513/557/513 512/558/512
f 964/559/964 490/560/490 955/561/955
f 495/562/495 496/563/496 959/564/959 485/565/485
f 530/566/530 515/567/515 514/568/514 529/569/529
f 508/570/508 493/571/493 492/572/492 507/573/507
f 535/574/535 520/575/520 519/576/519 534/577/534
f 483/578/483 506/579/506 491/580/491
f 503/581/503 504/582/504 963/583/963 962/584/962
f 514/585/514 499/586/499 498/587/498 513/557/513
f 546/588/546 531/589/531 530/590/530 545/591/545
f 496/563/496 497/592/497 486/593/486 959/564/959
f 569/594/569 554/595/554 553/596/553 568/597/568
f 518/598/518 503/581/503 502/599/502 517/600/517
f 948/601/948 947/602/947 486/593/486 487/603/487
f 513/557/513 498/587/498 497/592/497 512/558/512
f 504/604/504 505/605/505 964/559/964 963/606/963
f 487/607/487 486/593/486 497/592/497 498/587/498
f 507/573/507 492/572/492 491/580/491 506/579/506
f 515/567/515 500/608/500 499/586/499 514/568/514
f 522/609/522 507/573/507 506/579/506 521/610/521
f 515/611/515 516/612/516 501/613/501 500/608/500
f 546/588/546 547/614/547 532/615/532 531/616/531
f 548/617/548 533/618/533 532/615/532 547/614/547
f 488/619/488 487/607/487 498/587/498 499/586/499
f 523/620/523 508/570/508 507/573/507 522/609/522
f 541/621/541 526/622/526 525/623/525 540/624/540
f 508/570/508 509/625/509 494/626/494 493/571/493
f 527/555/527 512/558/512 511/627/511 526/628/526
f 517/600/517 502/599/502 501/613/501 516/612/516
f 491/580/491 492/572/492 957/629/957 956/630/956
f 526/622/526 511/627/511 510/631/510 525/623/525
f 499/586/499 500/632/500 960/633/960 488/619/488
f 534/634/534 519/576/519 518/635/518 533/636/533
f 553/596/553 538/637/538 537/638/537 552/639/552
f 492/572/492 493/571/493 484/640/484 957/641/957
f 533/618/533 518/598/518 517/642/517 532/615/532
f 500/608/500 501/613/501 489/643/489 960/633/960
f 525/623/525 510/631/510 509/644/509 524/645/524
f 493/571/493 494/626/494 958/646/958 484/640/484
f 581/647/581 582/648/582 567/649/567 566/650/566
f 510/631/510 495/562/495 494/626/494 509/644/509
f 501/613/501 502/599/502 961/651/961 489/643/489
f 539/652/539 540/653/540 525/623/525 524/654/524
f 494/626/494 495/562/495 485/655/485 958/646/958
f 549/656/549 534/577/534 533/657/533 548/617/548
f 520/575/520 505/605/505 504/604/504 519/576/519
f 539/652/539 524/654/524 523/620/523 538/637/538
f 502/658/502 503/581/503 962/584/962 961/659/961
f 542/660/542 527/555/527 526/628/526 541/661/541
f 483/578/483 521/662/521 506/579/506
f 560/663/560 545/664/545 544/665/544 559/666/559
f 529/569/529 514/585/514 513/557/513 528/556/528
f 563/667/563 548/617/548 547/614/547 562/668/562
f 545/591/545 530/669/530 529/569/529 544/665/544
f 577/670/577 562/671/562 561/672/561 576/673/576
f 520/575/520 490/560/490 505/605/505
f 558/674/558 543/675/543 542/660/542 557/676/557
f 556/677/556 541/621/541 540/624/540 555/678/555
f 568/597/568 553/596/553 552/639/552 567/649/567
f 537/638/537 522/609/522 521/610/521 536/679/536
f 483/578/483 536/679/536 521/662/521
f 531/589/531 516/680/516 515/567/515 530/590/530
f 524/654/524 509/644/509 508/570/508 523/620/523
f 552/639/552 537/638/537 536/679/536 551/681/551
f 561/682/561 546/588/546 545/591/545 560/663/560
f 544/665/544 529/569/529 528/556/528 543/683/543
f 569/684/569 570/685/570 555/678/555 554/595/554
f 554/595/554 539/652/539 538/637/538 553/596/553
f 661/686/661 646/687/646 645/688/645 660/689/660
f 567/649/567 552/639/552 551/681/551 566/650/566
f 565/690/565 490/560/490 550/691/550
f 579/692/579 564/693/564 563/694/563 578/695/578
f 572/696/572 557/676/557 556/697/556 571/698/571
f 583/699/583 568/597/568 567/649/567 582/648/582
f 564/693/564 549/656/549 548/617/548 563/694/563
f 576/673/576 561/672/561 560/663/560 575/700/575
f 550/691/550 535/574/535 534/577/534 549/656/549
f 543/683/543 528/556/528 527/555/527 542/660/542
f 580/701/580 565/690/565 564/693/564 579/702/579
f 573/703/573 558/674/558 557/676/557 572/696/572
f 483/704/483 626/705/626 611/706/611
f 483/578/483 551/681/551 536/679/536
f 591/707/591 576/673/576 575/700/575 590/708/590
f 558/674/558 559/666/559 544/665/544 543/709/543
f 577/670/577 578/695/578 563/667/563 562/671/562
f 607/710/607 592/711/592 591/707/591 606/712/606
f 550/691/550 490/560/490 535/713/535
f 588/714/588 573/703/573 572/696/572 587/715/587
f 574/716/574 559/666/559 558/674/558 573/703/573
f 483/578/483 566/650/566 551/681/551
f 575/700/575 560/663/560 559/666/559 574/717/574
f 590/708/590 575/700/575 574/717/574 589/718/589
f 562/671/562 547/719/547 546/588/546 561/682/561
f 555/678/555 540/653/540 539/652/539 554/595/554
f 584/720/584 569/594/569 568/597/568 583/699/583
f 592/711/592 577/670/577 576/673/576 591/707/591
f 483/721/483 596/722/596 581/647/581
f 605/723/605 590/708/590 589/718/589 604/724/604
f 602/725/602 587/715/587 586/726/586 601/727/601
f 610/728/610 595/729/595 594/730/594 609/731/609
f 613/732/613 598/733/598 597/734/597 612/735/612
f 587/715/587 572/696/572 571/698/571 586/726/586
f 647/736/647 632/737/632 631/738/631 646/739/646
f 586/726/586 571/698/571 570/685/570 585/740/585
f 594/730/594 579/702/579 578/695/578 593/741/593
f 595/729/595 580/742/580 579/702/579 594/730/594
f 609/743/609 594/730/594 593/741/593 608/744/608
f 600/745/600 585/740/585 584/720/584 599/746/599
f 603/747/603 588/748/588 587/715/587 602/725/602
f 483/578/483 581/647/581 566/650/566
f 588/714/588 589/718/589 574/716/574 573/703/573
f 599/749/599 584/720/584 583/699/583 598/733/598
f 607/710/607 608/750/608 593/751/593 592/711/592
f 604/724/604 589/718/589 588/748/588 603/747/603
f 621/752/621 606/753/606 605/723/605 620/754/620
f 657/755/657 642/756/642 641/757/641 656/758/656
f 637/759/637 622/760/622 621/752/621 636/761/636
f 580/701/580 490/560/490 565/762/565
f 606/712/606 591/707/591 590/708/590 605/723/605
f 619/763/619 620/754/620 605/723/605 604/724/604
f 598/733/598 583/699/583 582/648/582 597/734/597
f 642/756/642 627/764/627 626/705/626 641/757/641
f 585/765/585 570/685/570 569/594/569 584/766/584
f 593/741/593 578/695/578 577/670/577 592/711/592
f 622/767/622 607/710/607 606/753/606 621/752/621
f 615/768/615 600/769/600 599/746/599 614/770/614
f 691/771/691 676/772/676 675/773/675 690/774/690
f 628/775/628 613/732/613 612/735/612 627/764/627
f 640/776/640 625/777/625 624/778/624 639/779/639
f 633/780/633 618/781/618 617/782/617 632/783/632
f 642/756/642 643/784/643 628/775/628 627/764/627
f 625/777/625 610/728/610 609/731/609 624/778/624
f 624/785/624 609/731/609 608/744/608 623/786/623
f 618/781/618 603/787/603 602/788/602 617/782/617
f 614/770/614 599/749/599 598/733/598 613/789/613
f 638/790/638 639/779/639 624/785/624 623/786/623
f 617/782/617 602/788/602 601/727/601 616/791/616
f 595/729/595 490/560/490 580/701/580
f 630/792/630 615/768/615 614/770/614 629/793/629
f 597/734/597 582/648/582 581/647/581 596/722/596
f 483/704/483 611/706/611 596/722/596
f 760/794/760 745/795/745 744/796/744 759/797/759
f 651/798/651 636/799/636 635/800/635 650/801/650
f 619/763/619 604/724/604 603/747/603 618/802/618
f 644/803/644 629/793/629 628/775/628 643/804/643
f 638/790/638 623/786/623 622/767/622 637/805/637
f 632/783/632 617/782/617 616/791/616 631/738/631
f 655/806/655 640/776/640 639/779/639 654/807/654
f 610/728/610 490/560/490 595/729/595
f 629/808/629 614/770/614 613/732/613 628/809/628
f 649/810/649 650/801/650 635/800/635 634/811/634
f 672/812/672 657/813/657 656/814/656 671/815/671
f 636/799/636 621/752/621 620/754/620 635/800/635
f 623/786/623 608/750/608 607/710/607 622/767/622
f 616/791/616 601/816/601 600/817/600 615/768/615
f 645/818/645 630/819/630 629/793/629 644/803/644
f 653/820/653 638/790/638 637/821/637 652/822/652
f 666/823/666 651/824/651 650/801/650 665/825/665
f 663/826/663 648/827/648 647/828/647 662/829/662
f 673/830/673 658/831/658 657/832/657 672/812/672
f 648/827/648 633/780/633 632/737/632 647/828/647
f 634/811/634 619/763/619 618/781/618 633/780/633
f 687/833/687 672/812/672 671/815/671 686/834/686
f 668/835/668 669/836/669 654/807/654 653/820/653
f 625/777/625 490/560/490 610/728/610
f 660/689/660 645/818/645 644/803/644 659/837/659
f 670/838/670 655/806/655 654/807/654 669/836/669
f 627/764/627 612/839/612 611/706/611 626/705/626
f 635/800/635 620/754/620 619/840/619 634/811/634
f 483/578/483 641/757/641 626/705/626
f 764/841/764 749/842/749 748/843/748 763/844/763
f 680/845/680 681/846/681 666/823/666 665/825/665
f 649/847/649 634/811/634 633/780/633 648/848/648
f 955/849/955 940/850/940 939/851/939 954/852/954
f 685/853/685 670/838/670 669/836/669 684/854/684
f 682/855/682 667/856/667 666/857/666 681/846/681
f 668/835/668 653/820/653 652/822/652 667/858/667
f 661/859/661 662/860/662 647/736/647 646/687/646
f 675/861/675 660/689/660 659/837/659 674/862/674
f 640/776/640 490/863/490 625/864/625
f 688/865/688 673/830/673 672/812/672 687/833/687
f 667/856/667 652/822/652 651/824/651 666/823/666
f 659/866/659 644/867/644 643/804/643 658/831/658
f 673/830/673 674/862/674 659/837/659 658/831/658
f 646/739/646 631/738/631 630/819/630 645/688/645
f 654/807/654 639/779/639 638/790/638 653/820/653
f 683/868/683 668/835/668 667/858/667 682/855/682
f 676/772/676 661/686/661 660/689/660 675/869/675
f 734/870/734 719/871/719 718/872/718 733/873/733
f 697/874/697 682/875/682 681/846/681 696/876/696
f 700/877/700 490/863/490 685/853/685
f 483/578/483 671/815/671 656/814/656
f 703/878/703 688/879/688 687/833/687 702/880/702
f 664/881/664 649/847/649 648/827/648 663/826/663
f 483/578/483 656/814/656 641/757/641
f 711/882/711 712/883/712 697/874/697 696/884/696
f 655/806/655 490/863/490 640/885/640
f 700/877/700 685/853/685 684/854/684 699/886/699
f 678/887/678 663/826/663 662/860/662 677/888/677
f 692/889/692 693/890/693 678/887/678 677/888/677
f 665/825/665 650/801/650 649/847/649 664/891/664
f 658/831/658 643/892/643 642/756/642 657/813/657
f 679/893/679 664/881/664 663/826/663 678/887/678
f 695/894/695 680/845/680 679/893/679 694/895/694
f 730/896/730 715/897/715 714/898/714 729/899/729
f 483/704/483 686/834/686 671/815/671
f 699/886/699 684/854/684 683/868/683 698/900/698
f 717/901/717 702/880/702 701/902/701 716/903/716
f 747/904/747 732/905/732 731/906/731 746/907/746
f 670/838/670 490/560/490 655/908/655
f 705/909/705 690/910/690 689/911/689 704/912/704
f 713/913/713 698/900/698 697/874/697 712/883/712
f 706/914/706 691/915/691 690/774/690 705/909/705
f 718/872/718 703/878/703 702/880/702 717/901/717
f 698/900/698 683/868/683 682/875/682 697/874/697
f 703/878/703 704/912/704 689/911/689 688/916/688
f 690/910/690 675/773/675 674/862/674 689/911/689
f 684/854/684 669/836/669 668/835/668 683/868/683
f 677/888/677 662/860/662 661/859/661 676/772/676
f 714/898/714 699/886/699 698/900/698 713/913/713
f 711/882/711 696/876/696 695/894/695 710/917/710
f 707/918/707 692/889/692 691/915/691 706/914/706
f 925/919/925 910/920/910 909/921/909 924/922/924
f 720/923/720 705/909/705 704/924/704 719/925/719
f 725/926/725 710/917/710 709/927/709 724/928/724
f 733/873/733 718/872/718 717/901/717 732/905/732
f 694/929/694 679/930/679 678/887/678 693/890/693
f 710/917/710 695/894/695 694/895/694 709/927/709
f 741/931/741 742/932/742 727/933/727 726/934/726
f 685/853/685 490/560/490 670/838/670
f 722/935/722 723/936/723 708/937/708 707/918/707
f 751/938/751 736/939/736 735/940/735 750/941/750
f 702/880/702 687/833/687 686/834/686 701/902/701
f 483/578/483 701/942/701 686/834/686
f 696/943/696 681/846/681 680/845/680 695/894/695
f 689/911/689 674/944/674 673/830/673 688/916/688
f 726/945/726 711/882/711 710/946/710 725/926/725
f 709/927/709 694/895/694 693/890/693 708/937/708
f 734/947/734 735/940/735 720/923/720 719/925/719
f 739/948/739 724/928/724 723/949/723 738/950/738
f 736/939/736 721/951/721 720/923/720 735/940/735
f 744/796/744 729/899/729 728/952/728 743/953/743
f 748/843/748 733/873/733 732/905/732 747/904/747
f 721/951/721 706/914/706 705/909/705 720/923/720
f 730/896/730 490/954/490 715/897/715
f 728/952/728 713/955/713 712/883/712 727/956/727
f 741/931/741 726/945/726 725/926/725 740/957/740
f 715/897/715 700/877/700 699/886/699 714/898/714
f 729/899/729 714/898/714 713/913/713 728/952/728
f 708/937/708 693/890/693 692/889/692 707/918/707
f 737/958/737 722/935/722 721/959/721 736/960/736
f 745/795/745 730/896/730 729/961/729 744/796/744
f 483/578/483 716/903/716 701/942/701
f 755/962/755 740/957/740 739/948/739 754/963/754
f 724/928/724 709/927/709 708/937/708 723/936/723
f 743/953/743 728/952/728 727/933/727 742/932/742
f 740/957/740 725/926/725 724/928/724 739/948/739
f 763/844/763 748/843/748 747/904/747 762/964/762
f 772/965/772 757/966/757 756/967/756 771/968/771
f 715/897/715 490/863/490 700/877/700
f 753/969/753 738/950/738 737/958/737 752/970/752
f 483/578/483 731/906/731 716/903/716
f 732/905/732 717/901/717 716/903/716 731/906/731
f 719/925/719 704/971/704 703/878/703 718/872/718
f 727/933/727 712/883/712 711/882/711 726/945/726
f 756/967/756 741/972/741 740/957/740 755/962/755
f 749/842/749 734/870/734 733/873/733 748/843/748
f 845/973/845 830/974/830 829/975/829 844/976/844
f 776/977/776 777/978/777 762/964/762 761/979/761
f 762/980/762 747/904/747 746/907/746 761/979/761
f 760/794/760 490/954/490 745/795/745
f 774/981/774 759/797/759 758/982/758 773/983/773
f 767/984/767 752/970/752 751/938/751 766/985/766
f 778/986/778 763/844/763 762/964/762 777/978/777
f 759/797/759 744/796/744 743/953/743 758/982/758
f 771/968/771 756/967/756 755/987/755 770/988/770
f 758/989/758 743/953/743 742/932/742 757/966/757
f 738/950/738 723/936/723 722/935/722 737/958/737
f 752/970/752 737/958/737 736/960/736 751/938/751
f 775/990/775 760/794/760 759/797/759 774/981/774
f 764/841/764 765/991/765 750/992/750 749/842/749
f 768/993/768 753/969/753 752/970/752 767/984/767
f 483/578/483 746/907/746 731/906/731
f 786/994/786 771/968/771 770/988/770 785/995/785
f 753/969/753 754/963/754 739/948/739 738/950/738
f 772/965/772 773/983/773 758/982/758 757/966/757
f 802/996/802 787/997/787 786/994/786 801/998/801
f 745/795/745 490/954/490 730/896/730
f 783/999/783 768/993/768 767/984/767 782/1000/782
f 769/1001/769 754/963/754 753/969/753 768/993/768
f 483/721/483 761/1002/761 746/907/746
f 770/988/770 755/987/755 754/963/754 769/1001/769
f 785/995/785 770/988/770 769/1001/769 784/1003/784
f 757/966/757 742/932/742 741/972/741 756/1004/756
f 750/941/750 735/940/735 734/870/734 749/842/749
f 779/1005/779 764/841/764 763/1006/763 778/986/778
f 787/997/787 772/965/772 771/968/771 786/1007/786
f 483/578/483 791/1008/791 776/977/776
f 800/1009/800 785/995/785 784/1010/784 799/1011/799
f 797/1012/797 782/1000/782 781/1013/781 796/1014/796
f 805/1015/805 790/1016/790 789/1017/789 804/1018/804
f 807/1019/807 808/1020/808 793/1021/793 792/1022/792
f 782/1000/782 767/984/767 766/1023/766 781/1024/781
f 822/1025/822 807/1019/807 806/1026/806 821/1027/821
f 781/1028/781 766/1023/766 765/991/765 780/1029/780
f 789/1017/789 774/981/774 773/983/773 788/1030/788
f 790/1016/790 775/990/775 774/981/774 789/1017/789
f 804/1018/804 789/1017/789 788/1030/788 803/1031/803
f 795/1032/795 780/1029/780 779/1033/779 794/1034/794
f 798/1035/798 783/999/783 782/1000/782 797/1036/797
f 483/578/483 776/977/776 761/1002/761
f 783/999/783 784/1003/784 769/1001/769 768/993/768
f 794/1034/794 779/1033/779 778/986/778 793/1021/793
f 802/996/802 803/1031/803 788/1037/788 787/997/787
f 799/1038/799 784/1003/784 783/999/783 798/1035/798
f 816/1039/816 801/998/801 800/1040/800 815/1041/815
f 852/1042/852 837/1043/837 836/1044/836 851/1045/851
f 775/990/775 490/954/490 760/1046/760
f 850/1047/850 835/1048/835 834/1049/834 849/1050/849
f 801/998/801 786/1007/786 785/995/785 800/1051/800
f 814/1052/814 815/1053/815 800/1009/800 799/1011/799
f 793/1021/793 778/986/778 777/978/777 792/1022/792
f 837/1043/837 822/1025/822 821/1054/821 836/1044/836
f 780/1029/780 765/991/765 764/841/764 779/1033/779
f 788/1037/788 773/983/773 772/1055/772 787/997/787
f 817/1056/817 802/996/802 801/998/801 816/1039/816
f 810/1057/810 795/1032/795 794/1034/794 809/1058/809
f 831/1059/831 816/1039/816 815/1041/815 830/974/830
f 835/1048/835 820/1060/820 819/1061/819 834/1049/834
f 828/1062/828 813/1063/813 812/1064/812 827/1065/827
f 837/1043/837 838/1066/838 823/1067/823 822/1025/822
f 820/1068/820 805/1015/805 804/1018/804 819/1061/819
f 819/1061/819 804/1018/804 803/1031/803 818/1069/818
f 813/1063/813 798/1035/798 797/1070/797 812/1064/812
f 809/1071/809 794/1034/794 793/1021/793 808/1020/808
f 833/1072/833 834/1049/834 819/1061/819 818/1069/818
f 812/1064/812 797/1070/797 796/1014/796 811/1073/811
f 790/1016/790 490/954/490 775/990/775
f 825/1074/825 810/1057/810 809/1058/809 824/1075/824
f 792/1022/792 777/978/777 776/977/776 791/1008/791
f 483/704/483 806/1026/806 791/1008/791
f 856/1076/856 841/1077/841 840/1078/840 855/1079/855
f 845/1080/845 846/1081/846 831/1082/831 830/974/830
f 814/1083/814 799/1084/799 798/1035/798 813/1063/813
f 847/1085/847 832/1086/832 831/1059/831 846/1081/846
f 833/1087/833 818/1088/818 817/1089/817 832/1090/832
f 826/1091/826 827/1065/827 812/1064/812 811/1073/811
f 840/1078/840 825/1074/825 824/1092/824 839/1093/839
f 805/1015/805 490/954/490 790/1016/790
f 873/1094/873 858/1095/858 857/1096/857 872/1097/872
f 832/1098/832 817/1056/817 816/1039/816 831/1082/831
f 824/1075/824 809/1071/809 808/1020/808 823/1099/823
f 818/1069/818 803/1031/803 802/996/802 817/1056/817
f 839/1093/839 824/1075/824 823/1067/823 838/1100/838
f 811/1073/811 796/1101/796 795/1032/795 810/1057/810
f 848/1102/848 833/1087/833 832/1086/832 847/1103/847
f 841/1077/841 826/1091/826 825/1074/825 840/1078/840
f 875/1104/875 860/1105/860 859/1106/859 874/1107/874
f 929/1108/929 914/1109/914 913/1110/913 928/1111/928
f 854/1112/854 839/1093/839 838/1113/838 853/1114/853
f 865/1115/865 490/954/490 850/1047/850
f 483/704/483 836/1044/836 821/1116/821
f 867/1117/867 852/1118/852 851/1045/851 866/1119/866
f 868/1120/868 853/1114/853 852/1042/852 867/1117/867
f 829/975/829 814/1052/814 813/1063/813 828/1062/828
f 483/704/483 821/1027/821 806/1026/806
f 877/1121/877 862/1122/862 861/1123/861 876/1124/876
f 820/1068/820 490/954/490 805/1015/805
f 865/1115/865 850/1047/850 849/1050/849 864/1125/864
f 843/1126/843 828/1062/828 827/1065/827 842/1127/842
f 858/1095/858 843/1126/843 842/1127/842 857/1096/857
f 830/974/830 815/1041/815 814/1052/814 829/975/829
f 823/1067/823 808/1020/808 807/1019/807 822/1025/822
f 844/976/844 829/975/829 828/1062/828 843/1126/843
f 860/1105/860 845/1080/845 844/1128/844 859/1106/859
f 863/1129/863 848/1130/848 847/1103/847 862/1122/862
f 864/1131/864 849/1050/849 848/1130/848 863/1129/863
f 882/1132/882 867/1117/867 866/1119/866 881/1133/881
f 886/1134/886 871/1135/871 870/1136/870 885/1137/885
f 835/1048/835 490/954/490 820/1060/820
f 883/1138/883 868/1120/868 867/1117/867 882/1139/882
f 855/1079/855 840/1078/840 839/1093/839 854/1112/854
f 483/721/483 851/1045/851 836/1044/836
f 868/1140/868 869/1141/869 854/1112/854 853/1114/853
f 862/1122/862 847/1085/847 846/1081/846 861/1142/861
f 849/1050/849 834/1049/834 833/1072/833 848/1102/848
f 842/1127/842 827/1065/827 826/1091/826 841/1077/841
f 871/1143/871 856/1076/856 855/1144/855 870/1145/870
f 875/1146/875 876/1124/876 861/1123/861 860/1147/860
f 879/1148/879 864/1125/864 863/1149/863 878/1150/878
f 892/1151/892 877/1121/877 876/1124/876 891/1152/891
f 483/721/483 866/1119/866 851/1045/851
f 898/1153/898 883/1154/883 882/1139/882 897/1155/897
f 859/1106/859 844/1128/844 843/1156/843 858/1095/858
f 878/1150/878 863/1129/863 862/1157/862 877/1158/877
f 906/1159/906 907/1160/907 892/1151/892 891/1152/891
f 850/1047/850 490/954/490 835/1161/835
f 895/1162/895 880/1163/880 879/1164/879 894/1165/894
f 887/1166/887 888/1167/888 873/1094/873 872/1097/872
f 895/1162/895 490/954/490 880/1163/880
f 853/1168/853 838/1066/838 837/1043/837 852/1042/852
f 861/1142/861 846/1081/846 845/1080/845 860/1147/860
f 890/1169/890 875/1146/875 874/1107/874 889/1170/889
f 894/1165/894 879/1164/879 878/1150/878 893/1171/893
f 484/640/484 958/646/958 944/1172/944 943/1173/943
f 912/1174/912 897/1155/897 896/1175/896 911/1176/911
f 941/1177/941 942/1178/942 927/1179/927 926/1180/926
f 483/578/483 881/1133/881 866/1119/866
f 874/1107/874 859/1106/859 858/1095/858 873/1094/873
f 900/1181/900 885/1137/885 884/1182/884 899/1183/899
f 908/1184/908 893/1185/893 892/1186/892 907/1160/907
f 901/1187/901 886/1188/886 885/1137/885 900/1181/900
f 913/1110/913 898/1153/898 897/1189/897 912/1174/912
f 893/1185/893 878/1150/878 877/1121/877 892/1151/892
f 898/1153/898 899/1183/899 884/1182/884 883/1190/883
f 885/1137/885 870/1136/870 869/1141/869 884/1182/884
f 872/1097/872 857/1096/857 856/1076/856 871/1143/871
f 906/1159/906 891/1152/891 890/1191/890 905/1192/905
f 880/1163/880 865/1115/865 864/1125/864 879/1148/879
f 909/921/909 894/1165/894 893/1171/893 908/1193/908
f 902/1194/902 887/1166/887 886/1195/886 901/1187/901
f 915/1196/915 900/1197/900 899/1183/899 914/1198/914
f 920/1199/920 905/1192/905 904/1200/904 919/1201/919
f 928/1111/928 913/1110/913 912/1202/912 927/1179/927
f 889/1170/889 874/1107/874 873/1094/873 888/1167/888
f 905/1192/905 890/1169/890 889/1170/889 904/1200/904
f 936/1203/936 937/1204/937 922/1205/922 921/1206/921
f 880/1163/880 490/954/490 865/1115/865
f 917/1207/917 918/1208/918 903/1209/903 902/1194/902
f 946/1210/946 931/1211/931 930/1212/930 945/1213/945
f 897/1155/897 882/1132/882 881/1133/881 896/1175/896
f 483/704/483 896/1175/896 881/1133/881
f 891/1152/891 876/1124/876 875/1146/875 890/1191/890
f 884/1182/884 869/1141/869 868/1120/868 883/1190/883
f 921/1214/921 906/1159/906 905/1192/905 920/1199/920
f 483/578/483 941/1177/941 926/1180/926
f 904/1200/904 889/1170/889 888/1167/888 903/1215/903
f 929/1108/929 930/1216/930 915/1196/915 914/1198/914
f 934/1217/934 919/1201/919 918/1218/918 933/1219/933
f 931/1211/931 916/1220/916 915/1196/915 930/1212/930
f 939/1221/939 924/922/924 923/1222/923 938/1223/938
f 943/1173/943 928/1111/928 927/1224/927 942/1178/942
f 916/1220/916 901/1187/901 900/1181/900 915/1196/915
f 925/919/925 490/863/490 910/920/910
f 923/1222/923 908/1184/908 907/1160/907 922/1205/922
f 936/1225/936 921/1214/921 920/1226/920 935/1227/935
f 910/920/910 895/1162/895 894/1165/894 909/921/909
f 924/922/924 909/921/909 908/1193/908 923/1222/923
f 903/1215/903 888/1228/888 887/1166/887 902/1194/902
f 932/1229/932 917/1207/917 916/1230/916 931/1231/931
f 940/1232/940 925/919/925 924/922/924 939/851/939
f 483/704/483 911/1176/911 896/1175/896
f 950/1233/950 935/1227/935 934/1217/934 949/1234/949
f 919/1201/919 904/1200/904 903/1215/903 918/1208/918
f 938/1223/938 923/1222/923 922/1205/922 937/1204/937
f 935/1227/935 920/1199/920 919/1201/919 934/1217/934
f 489/643/489 961/659/961 952/1235/952 951/1236/951
f 910/920/910 490/954/490 895/1162/895
f 948/601/948 933/1219/933 932/1229/932 947/602/947
f 483/578/483 926/1180/926 911/1176/911
f 927/1179/927 912/1174/912 911/1176/911 926/1180/926
f 914/1198/914 899/1237/899 898/1153/898 913/1110/913
f 922/1205/922 907/1238/907 906/1159/906 921/1206/921
f 951/1239/951 936/1225/936 935/1227/935 950/1233/950
f 944/1172/944 929/1108/929 928/1111/928 943/1173/943
f 488/619/488 960/633/960 950/1240/950 949/1234/949
f 963/583/963 954/852/954 953/1241/953 962/584/962
f 486/593/486 947/602/947 946/1210/946 959/564/959
f 954/852/954 939/851/939 938/1223/938 953/1241/953
f 953/1241/953 938/1223/938 937/1204/937 952/1242/952
f 933/1219/933 918/1218/918 917/1207/917 932/1229/932
f 947/1243/947 932/1229/932 931/1244/931 946/1210/946
f 964/559/964 955/849/955 954/852/954 963/606/963
f 485/1245/485 945/1213/945 944/1172/944 958/646/958
f 948/601/948 949/1234/949 934/1217/934 933/1219/933
f 962/584/962 953/1241/953 952/1242/952 961/659/961
f 949/1234/949 948/601/948 487/607/487 488/619/488
f 940/1232/940 490/954/490 925/919/925
f 489/1246/489 951/1239/951 950/1233/950 960/633/960
f 483/704/483 956/1247/956 941/1177/941
f 484/640/484 943/1173/943 942/1178/942 957/641/957
f 952/1235/952 937/1248/937 936/1203/936 951/1236/951
f 945/1213/945 930/1249/930 929/1108/929 944/1172/944
f 532/615/532 517/642/517 516/612/516 531/589/531
f 519/576/519 504/582/504 503/581/503 518/598/518
f 511/627/511 496/563/496 495/562/495 510/631/510
f 917/1207/917 902/1194/902 901/1187/901 916/1230/916
f 485/565/485 959/564/959 946/1210/946 945/1250/945
f 505/605/505 490/560/490 964/559/964
f 538/637/538 523/1251/523 522/1252/522 537/1253/537
f 680/845/680 665/825/665 664/1254/664 679/893/679
f 483/578/483 491/580/491 956/630/956
f 512/558/512 497/1255/497 496/563/496 511/627/511
f 856/1076/856 857/1096/857 842/1127/842 841/1077/841
f 955/849/955 490/954/490 940/1256/940
f 826/1091/826 811/1073/811 810/1057/810 825/1074/825
f 957/641/957 942/1178/942 941/1177/941 956/1257/956
f 795/1032/795 796/1014/796 781/1028/781 780/1029/780
f 535/574/535 490/560/490 520/575/520
f 766/985/766 751/938/751 750/941/750 765/991/765
f 807/1019/807 792/1022/792 791/1008/791 806/1026/806
f 692/1258/692 677/888/677 676/1259/676 691/915/691
f 652/822/652 637/805/637 636/799/636 651/798/651
f 630/819/630 631/1260/631 616/791/616 615/768/615
f 722/935/722 707/918/707 706/914/706 721/959/721
f 600/817/600 601/727/601 586/726/586 585/740/585
f 887/1166/887 872/1097/872 871/1261/871 886/1195/886
f 565/690/565 550/691/550 549/656/549 564/693/564
f 571/698/571 556/677/556 555/678/555 570/685/570
f 611/706/611 612/839/612 597/1262/597 596/722/596
f 557/1263/557 542/660/542 541/661/541 556/677/556
f 870/1136/870 855/1079/855 854/1112/854 869/1141/869
g Asteroid_3_Sphere.004
v 0.048817 0.912807 -0.018436
v 0.047270 0.800373 -0.487404
v 0.017429 0.549973 -0.773305
v -0.011084 0.215058 -1.022085
v 0.014467 0.012021 -0.930445
v -0.007677 -0.200642 -1.053481
v -0.001763 -0.458060 -0.731361
v 0.021347 -0.957940 0.043058
v 0.036362 0.971573 -0.186069
v 0.148577 0.929431 -0.345706
v 0.132895 0.751463 -0.456020
v 0.175756 0.689141 -0.619216
v 0.194901 0.568677 -0.770174
v 0.204195 0.419345 -0.896515
v 0.125382 0.178341 -0.944689
v 0.176600 -0.014907 -0.999880
v 0.211285 -0.198151 -1.024737
v 0.165770 -0.414193 -0.955677
v 0.152121 -0.588353 -0.835961
v 0.129009 -0.703611 -0.651012
v 0.104815 -0.812749 -0.508366
v 0.060021 -0.833083 -0.322617
v 0.064284 -0.986188 -0.184288
v 0.074678 0.979600 -0.175515
v 0.196120 0.922041 -0.321292
v 0.156693 0.610625 -0.371843
v 0.238599 0.593144 -0.519263
v 0.338691 0.583387 -0.713439
v 0.363940 0.410544 -0.834187
v 0.353679 0.180409 -0.899614
v 0.399796 -0.018136 -0.988066
v 0.399000 -0.208446 -0.952325
v 0.358304 -0.405890 -0.859627
v 0.321431 -0.581454 -0.772220
v 0.272269 -0.743001 -0.646359
v 0.215005 -0.833944 -0.477496
v 0.108720 -0.777048 -0.277777
v 0.088807 -0.950949 -0.160729
v 0.098831 0.977035 -0.160481
v 0.213281 0.819980 -0.251623
v 0.215255 0.570969 -0.313247
v 0.305896 0.536161 -0.444737
v 0.474463 0.609819 -0.617370
v 0.513188 0.418339 -0.719812
v 0.538673 0.203260 -0.790486
v 0.568101 -0.001098 -0.852846
v 0.523897 -0.180879 -0.788007
v 0.506156 -0.379353 -0.738862
v 0.488440 -0.590683 -0.693428
v 0.397084 -0.716371 -0.559329
v 0.307278 -0.815349 -0.422712
v 0.167780 -0.765188 -0.234922
v 0.123060 -0.947033 -0.135376
v 0.111899 0.963739 -0.135658
v 0.238949 0.791239 -0.204654
v 0.270586 0.545776 -0.246076
v 0.395863 0.560838 -0.351179
v 0.546963 0.584559 -0.482147
v 0.633256 0.432790 -0.595791
v 0.658792 0.211764 -0.636764
v 0.725175 0.000267 -0.716123
v 0.700273 -0.172347 -0.653233
v 0.628434 -0.360555 -0.566486
v 0.532364 -0.517463 -0.519485
v 0.492758 -0.705784 -0.464032
v 0.390285 -0.814776 -0.351769
v 0.226218 -0.770545 -0.190956
v 0.155240 -0.948217 -0.103760
v 0.119991 0.952748 -0.105473
v 0.255009 0.781841 -0.153441
v 0.345275 0.592072 -0.184139
v 0.470900 0.593935 -0.276055
v 0.598235 0.558120 -0.357814
v 0.669813 0.404975 -0.422777
v 0.747179 0.232171 -0.470608
v 0.837513 0.020498 -0.531669
v 0.828047 -0.147974 -0.488439
v 0.713754 -0.344780 -0.419932
v 0.608560 -0.489945 -0.350032
v 0.570731 -0.699100 -0.352668
v 0.455791 -0.801392 -0.274715
v 0.280196 -0.803612 -0.147806
v 0.175999 -0.947612 -0.071084
v 0.138335 0.934862 -0.070269
v 0.252244 0.769255 -0.095596
v 0.403799 0.630025 -0.121894
v 0.519503 0.602990 -0.186439
v 0.630867 0.549231 -0.223824
v 0.725038 0.414489 -0.256451
v 0.812751 0.233041 -0.287441
v 0.835719 0.019545 -0.326780
v 0.854070 -0.173862 -0.324879
v 0.791288 -0.375022 -0.297408
v 0.742813 -0.532388 -0.261011
v 0.624244 -0.644699 -0.211531
v 0.491235 -0.772109 -0.172549
v 0.335051 -0.864026 -0.107871
v 0.182254 -0.926372 -0.033736
v 0.152811 0.916984 -0.032046
v 0.253276 0.751316 -0.034200
v 0.437622 0.652762 -0.045513
v 0.541015 0.593216 -0.088447
v 0.668264 0.543400 -0.093682
v 0.754707 0.398635 -0.108903
v 0.903155 0.217625 -0.148369
v 0.982448 0.010375 -0.187746
v 0.917783 -0.207634 -0.165908
v 0.888176 -0.405800 -0.148133
v 0.822284 -0.548824 -0.105170
v 0.690003 -0.698032 -0.099193
v 0.511310 -0.772592 -0.072897
v 0.345321 -0.852930 -0.030776
v 0.190449 -0.921626 0.005276
v 0.159402 0.897171 0.005112
v 0.257899 0.736422 0.030711
v 0.451672 0.665879 0.035998
v 0.584077 0.627419 0.020729
v 0.708050 0.565471 0.026528
v 0.790116 0.396938 0.042904
v 0.898888 0.231090 -0.000638
v 0.868294 0.026252 0.002105
v 0.983049 -0.216723 0.013102
v 0.925132 -0.391261 0.026327
v 0.806470 -0.573913 0.030903
v 0.739367 -0.740382 0.021808
v 0.524229 -0.783739 0.037353
v 0.354491 -0.863848 0.044836
v 0.193585 -0.928414 0.044324
v 0.160843 0.869005 0.041510
v 0.257266 0.737197 0.096176
v 0.464926 0.690072 0.123806
v 0.608204 0.667788 0.139084
v 0.739713 0.602522 0.171559
v 0.821119 0.419206 0.180160
v 0.919395 0.237692 0.184191
v 0.971438 0.034672 0.195650
v 1.014021 -0.237070 0.195889
v 0.911067 -0.406222 0.207079
v 0.775635 -0.568532 0.189100
v 0.732650 -0.757533 0.156913
v 0.495831 -0.781174 0.142215
v 0.349014 -0.878771 0.120405
v 0.192480 -0.949710 0.091601
v 0.159638 0.855168 0.078285
v 0.271573 0.739113 0.149618
v 0.437391 0.693058 0.187772
v 0.562033 0.631645 0.221508
v 0.673153 0.531368 0.273885
v 0.791871 0.433311 0.337786
v 0.827628 0.221707 0.357303
v 0.927506 0.033525 0.381871
v 0.929469 -0.209275 0.384139
v 0.855178 -0.413845 0.374689
v 0.768017 -0.596272 0.338763
v 0.609768 -0.703410 0.306416
v 0.459548 -0.782018 0.248979
v 0.334431 -0.909140 0.190952
v 0.182901 -0.962438 0.132018
v 0.156963 0.841806 0.109809
v 0.268307 0.748096 0.203395
v 0.404187 0.693123 0.260104
v 0.491943 0.595091 0.305323
v 0.580534 0.477079 0.370058
v 0.696177 0.393278 0.468493
v 0.784965 0.228059 0.524291
v 0.806338 0.031188 0.564252
v 0.774800 -0.184264 0.558766
v 0.745066 -0.404502 0.547013
v 0.630134 -0.526545 0.449062
v 0.538247 -0.672564 0.408801
v 0.405509 -0.715797 0.340277
v 0.300644 -0.925108 0.259221
v 0.161959 -0.946521 0.170596
v 0.144684 0.854384 0.133887
v 0.241358 0.762262 0.251500
v 0.352581 0.699470 0.332041
v 0.421421 0.578189 0.405154
v 0.526904 0.508409 0.519766
v 0.579057 0.367597 0.593341
v 0.644857 0.200519 0.669790
v 0.676315 0.020885 0.712223
v 0.662560 -0.195019 0.729155
v 0.617717 -0.390392 0.689658
v 0.527588 -0.548451 0.587705
v 0.436679 -0.663950 0.498667
v 0.335191 -0.719422 0.421999
v 0.258219 -0.863116 0.315937
v 0.133917 -0.924614 0.199931
v 0.120752 0.883413 0.156134
v 0.201326 0.796710 0.299781
v 0.289279 0.701614 0.390754
v 0.332464 0.559792 0.477141
v 0.388356 0.441688 0.570611
v 0.460637 0.330728 0.691525
v 0.476620 0.149658 0.743749
v 0.484626 -0.009550 0.773310
v 0.477711 -0.198478 0.766003
v 0.477659 -0.381965 0.778297
v 0.415268 -0.543125 0.686593
v 0.336212 -0.659058 0.577100
v 0.263798 -0.707111 0.476010
v 0.204505 -0.806730 0.370054
v 0.103497 -0.918952 0.226240
v 0.090473 0.900311 0.171979
v 0.150764 0.838319 0.331405
v 0.190754 0.720445 0.450826
v 0.230266 0.568560 0.542557
v 0.273412 0.438668 0.633298
v 0.316539 0.307006 0.722765
v 0.338363 0.152102 0.803894
v 0.358177 -0.004727 0.885640
v 0.362512 -0.190081 0.892632
v 0.324299 -0.334080 0.811854
v 0.288292 -0.520202 0.732431
v 0.240143 -0.651722 0.649857
v 0.194435 -0.710982 0.538158
v 0.149544 -0.821332 0.406656
v 0.069808 -0.923609 0.246374
v 0.048544 0.921405 0.185617
v 0.079427 0.862937 0.356632
v 0.121551 0.775058 0.508382
v 0.131944 0.619535 0.617535
v 0.143992 0.433202 0.667067
v 0.153676 0.315137 0.737874
v 0.148207 0.171336 0.765097
v 0.125448 0.086368 0.769558
v 0.097147 -0.011651 0.744290
v 0.083903 -0.238257 0.812928
v 0.104139 -0.483276 0.757816
v 0.127185 -0.690596 0.708197
v 0.108008 -0.745216 0.577850
v 0.094645 -0.875169 0.447990
v 0.037596 -0.938121 0.258567
v 0.005727 0.932655 0.194343
v 0.004921 0.893494 0.375425
v 0.017945 0.790231 0.537370
v -0.001075 0.624389 0.644707
v 0.003184 0.436675 0.682913
v 0.005445 0.299993 0.724550
v -0.028228 0.186305 0.737802
v -0.031337 0.007975 0.746270
v -0.068136 -0.082864 0.773531
v -0.083971 -0.289539 0.852588
v -0.060609 -0.488498 0.793893
v -0.009924 -0.714795 0.733436
v 0.007748 -0.779776 0.599390
v 0.015183 -0.903016 0.453103
v 0.008260 -0.953580 0.263714
v -0.039122 0.936225 0.194241
v -0.070501 0.900813 0.366071
v -0.104990 0.801673 0.534655
v -0.125274 0.603970 0.614676
v -0.128893 0.445922 0.684651
v -0.138766 0.308508 0.767322
v -0.178681 0.178395 0.825864
v -0.164270 -0.017017 0.817776
v -0.164363 -0.172316 0.809096
v -0.168966 -0.333856 0.798254
v -0.164038 -0.512009 0.773666
v -0.142229 -0.689358 0.716151
v -0.102170 -0.824907 0.603859
v -0.070828 -0.942244 0.443739
v -0.022109 -0.990569 0.265736
v -0.087068 0.938410 0.189594
v -0.154223 0.895823 0.328207
v -0.233764 0.814390 0.520711
v -0.271054 0.648681 0.627899
v -0.268205 0.447089 0.676959
v -0.276336 0.263668 0.747054
v -0.315048 0.098434 0.848014
v -0.297606 -0.027674 0.769687
v -0.327434 -0.180559 0.795422
v -0.378021 -0.331062 0.875423
v -0.337445 -0.482279 0.808033
v -0.286150 -0.668486 0.686766
v -0.225982 -0.861654 0.585219
v -0.145583 -0.969124 0.427701
v -0.056509 -1.009634 0.253776
v -0.123360 0.938437 0.175450
v -0.227098 0.900484 0.295443
v -0.328112 0.825156 0.470033
v -0.331991 0.608975 0.520555
v -0.378902 0.428013 0.615848
v -0.396725 0.245550 0.664876
v -0.461036 0.091483 0.767833
v -0.477198 -0.055113 0.771184
v -0.444432 -0.166346 0.687864
v -0.389219 -0.290655 0.672328
v -0.425484 -0.465091 0.717926
v -0.415697 -0.684852 0.663842
v -0.341122 -0.904189 0.575408
v -0.221676 -0.995568 0.403861
v -0.092323 -0.999621 0.229376
v -0.154208 0.945818 0.148903
v -0.303777 0.929882 0.258696
v -0.402052 0.808102 0.388407
v -0.403170 0.570649 0.423855
v -0.478064 0.421165 0.523268
v -0.528835 0.263943 0.588805
v -0.618701 0.097046 0.713283
v -0.635790 -0.064530 0.744872
v -0.601678 -0.171804 0.684211
v -0.493490 -0.300266 0.548768
v -0.590076 -0.483993 0.693878
v -0.540070 -0.736608 0.596898
v -0.421090 -0.909097 0.487067
v -0.290556 -1.014594 0.349696
v -0.123032 -0.992292 0.192894
v -0.185743 0.959597 0.118376
v -0.352716 0.946656 0.206735
v -0.476611 0.827741 0.300098
v -0.536769 0.616416 0.367630
v -0.596633 0.455877 0.427737
v -0.636238 0.275029 0.471916
v -0.718462 0.124922 0.544315
v -0.745713 -0.031032 0.586439
v -0.728690 -0.162406 0.558931
v -0.702118 -0.313014 0.578840
v -0.741298 -0.529016 0.627806
v -0.690097 -0.766561 0.565664
v -0.496290 -0.850451 0.378395
v -0.336624 -0.947120 0.272723
v -0.153190 -0.982955 0.160221
v -0.203873 0.960882 0.084013
v -0.386223 0.959833 0.154248
v -0.517173 0.810268 0.197519
v -0.603401 0.635612 0.255016
v -0.660129 0.461431 0.305219
v -0.678304 0.275354 0.324973
v -0.724078 0.117690 0.343569
v -0.882264 0.018002 0.419768
v -0.846015 -0.162103 0.396498
v -0.806392 -0.353702 0.431131
v -0.816168 -0.570403 0.467204
v -0.765141 -0.800100 0.417719
v -0.557422 -0.866442 0.272809
v -0.382058 -0.950274 0.199218
v -0.177779 -0.967197 0.125248
v -0.180788 0.953878 0.035147
v -0.372796 0.929016 0.077289
v -0.478409 0.779476 0.103323
v -0.631146 0.652068 0.136407
v -0.692185 0.468156 0.165820
v -0.764618 0.304232 0.190962
v -0.838907 0.148404 0.205442
v -0.944298 0.031680 0.253965
v -0.890775 -0.161083 0.222299
v -0.872925 -0.376719 0.219978
v -0.853305 -0.595625 0.221797
v -0.770423 -0.792781 0.222913
v -0.590964 -0.968297 0.152777
v -0.408530 -0.958743 0.118969
v -0.185302 -0.971627 0.080450
v -0.159298 0.957617 -0.015104
v -0.236522 0.895788 -0.031373
v -0.342932 0.726579 -0.033901
v -0.571147 0.626436 -0.008237
v -0.710274 0.476590 0.021341
v -0.806099 0.323783 0.033700
v -0.878405 0.176199 0.059766
v -0.824075 0.018294 0.062910
v -0.910399 -0.169759 0.044123
v -0.982252 -0.407673 0.034183
v -0.833862 -0.551986 0.044089
v -0.805472 -0.789202 0.052928
v -0.590975 -0.933350 0.036970
v -0.394396 -0.954263 0.026719
v -0.178857 -0.968165 0.025466
v -0.156817 0.957337 -0.050348
v -0.245258 0.887744 -0.094925
v -0.325788 0.726839 -0.132611
v -0.509852 0.604016 -0.143424
v -0.685587 0.461850 -0.117637
v -0.778788 0.320413 -0.122577
v -0.810213 0.162501 -0.127454
v -0.871198 0.004629 -0.139586
v -0.946491 -0.191895 -0.160035
v -0.945145 -0.394603 -0.149899
v -0.884374 -0.580053 -0.131808
v -0.755825 -0.732615 -0.100311
v -0.551761 -0.876554 -0.072381
v -0.359922 -0.977085 -0.059344
v -0.174269 -0.962047 -0.015611
v -0.148624 0.962161 -0.084874
v -0.247850 0.862909 -0.144447
v -0.300207 0.693903 -0.198982
v -0.493552 0.597417 -0.244269
v -0.646732 0.462721 -0.256517
v -0.703770 0.306560 -0.270610
v -0.769949 0.162585 -0.302097
v -0.804127 0.001669 -0.325726
v -0.853844 -0.217538 -0.319486
v -0.820246 -0.360387 -0.302057
v -0.760399 -0.540086 -0.261235
v -0.635540 -0.686050 -0.239442
v -0.491550 -0.828789 -0.176309
v -0.321854 -0.961847 -0.139797
v -0.163557 -0.952179 -0.058263
v -0.137124 0.956861 -0.115844
v -0.229160 0.829272 -0.185484
v -0.308217 0.710716 -0.274805
v -0.486440 0.616998 -0.341941
v -0.563094 0.453667 -0.368104
v -0.636179 0.304574 -0.405770
v -0.707742 0.163233 -0.450808
v -0.692091 -0.007047 -0.449950
v -0.710985 -0.215981 -0.451830
v -0.687577 -0.332976 -0.442191
v -0.638153 -0.507057 -0.395225
v -0.574231 -0.666143 -0.360104
v -0.419743 -0.801306 -0.275085
v -0.280644 -0.930579 -0.203020
v -0.145877 -0.950403 -0.101854
v -0.108038 0.951250 -0.148515
v -0.205248 0.815499 -0.226402
v -0.286880 0.720547 -0.324323
v -0.424038 0.631274 -0.427395
v -0.518370 0.489244 -0.523026
v -0.591802 0.339937 -0.583406
v -0.599276 0.165311 -0.614712
v -0.631447 -0.016143 -0.646964
v -0.611662 -0.231278 -0.630200
v -0.566661 -0.350882 -0.589980
v -0.516055 -0.499185 -0.517507
v -0.468443 -0.660352 -0.456200
v -0.340102 -0.786701 -0.356834
v -0.235047 -0.916690 -0.263866
v -0.118720 -0.934068 -0.139853
v -0.075744 0.950667 -0.170558
v -0.148843 0.839322 -0.272453
v -0.213860 0.724016 -0.373826
v -0.315869 0.615709 -0.491820
v -0.424547 0.510895 -0.637660
v -0.491663 0.364473 -0.733904
v -0.477842 0.188486 -0.828746
v -0.463608 -0.021345 -0.801804
v -0.503532 -0.187349 -0.801718
v -0.483059 -0.362876 -0.766726
v -0.446239 -0.542570 -0.673473
v -0.353457 -0.656110 -0.529632
v -0.269230 -0.804621 -0.437508
v -0.181794 -0.929972 -0.319270
v -0.088798 -0.949138 -0.161692
v -0.045488 0.950119 -0.182481
v -0.064843 0.845341 -0.299362
v -0.110512 0.741823 -0.416769
v -0.209994 0.624899 -0.552997
v -0.292329 0.519375 -0.715486
v -0.348684 0.367569 -0.842200
v -0.346506 0.193834 -0.944180
v -0.319337 -0.028110 -0.962870
v -0.363159 -0.235588 -0.954556
v -0.362942 -0.422650 -0.896559
v -0.318111 -0.541059 -0.750120
v -0.247406 -0.693351 -0.627916
v -0.188510 -0.813793 -0.500724
v -0.127076 -0.931470 -0.354448
v -0.053603 -0.964842 -0.177581
v -0.021947 0.946176 -0.188100
v 0.006989 0.879743 -0.326301
v -0.031498 0.781002 -0.459628
v -0.098873 0.650312 -0.604673
v -0.145211 0.531343 -0.775985
v -0.167995 0.389291 -0.922052
v -0.205492 0.218469 -1.055258
v -0.176258 -0.008152 -1.006117
v -0.181354 -0.227600 -1.034567
v -0.205263 -0.382756 -0.938709
v -0.176824 -0.520749 -0.782276
v -0.140873 -0.657776 -0.646444
v -0.097360 -0.780128 -0.507174
v -0.054359 -0.930574 -0.366992
v -0.016894 -0.980366 -0.186775
v 0.005106 0.954336 -0.189730
v 0.073436 0.906365 -0.343001
v 0.032675 0.669382 -0.632018
v 0.008194 0.417402 -0.948504
v -0.019866 -0.378501 -0.973449
v 0.003732 -0.608508 -0.594616
v 0.001380 -0.786647 -0.516385
v 0.014975 -0.915900 -0.361361
v 0.022101 -0.984546 -0.189360
vn 0.1258 0.9708 0.2044
vn -0.0725 0.7895 -0.6095
vn -0.0740 0.7689 -0.6351
vn 0.1823 0.0911 -0.9790
vn 0.0784 0.0611 -0.9951
vn 0.0130 -0.0237 -0.9996
vn -0.1542 -0.7682 -0.6214
vn 0.0963 -0.9953 -0.0128
vn -0.2908 0.9563 -0.0306
vn 0.3545 0.7413 -0.5700
vn 0.6908 0.5713 -0.4431
vn 0.3995 0.8565 -0.3267
vn 0.1905 0.7693 -0.6098
vn 0.2451 0.4444 -0.8616
vn 0.1886 0.1404 -0.9720
vn 0.0572 0.2030 -0.9775
vn 0.1619 -0.1179 -0.9797
vn 0.0640 -0.5571 -0.8279
vn -0.1843 -0.7025 -0.6874
vn -0.3174 -0.6970 -0.6431
vn -0.0042 -0.9040 -0.4276
vn 0.5737 -0.7791 -0.2526
vn 0.6305 -0.7583 -0.1656
vn 0.1309 0.9761 0.1736
vn 0.8067 0.5365 -0.2478
vn 0.8738 0.4649 -0.1426
vn 0.4949 0.8595 0.1281
vn 0.3606 0.8225 -0.4399
vn 0.3953 0.3961 -0.8288
vn 0.3457 0.3076 -0.8865
vn 0.4153 0.1144 -0.9025
vn 0.5237 -0.2677 -0.8088
vn 0.4985 -0.4033 -0.7673
vn 0.3446 -0.5938 -0.7271
vn 0.1874 -0.8086 -0.5578
vn 0.1268 -0.9808 -0.1484
vn 0.4496 -0.8757 -0.1760
vn 0.6884 -0.6775 -0.2591
vn 0.4728 0.8333 0.2867
vn 0.9045 0.3374 -0.2610
vn 0.6809 0.6813 -0.2686
vn 0.1097 0.9878 0.1106
vn 0.3376 0.8940 -0.2946
vn 0.6090 0.3998 -0.6850
vn 0.6035 0.3227 -0.7291
vn 0.6564 0.0406 -0.7533
vn 0.6756 -0.3368 -0.6558
vn 0.7128 -0.3581 -0.6031
vn 0.6759 -0.5087 -0.5333
vn 0.5253 -0.7455 -0.4103
vn 0.1967 -0.9754 -0.0996
vn 0.2848 -0.9208 -0.2663
vn 0.3602 -0.8393 -0.4073
vn 0.4966 0.8495 0.1781
vn 0.8255 0.4223 -0.3744
vn 0.3892 0.8084 -0.4415
vn -0.1040 0.9931 -0.0545
vn 0.4098 0.9002 -0.1472
vn 0.8023 0.4207 -0.4235
vn 0.7671 0.3506 -0.5373
vn 0.7583 0.0356 -0.6510
vn 0.7168 -0.3852 -0.5812
vn 0.7661 -0.4815 -0.4258
vn 0.8400 -0.4224 -0.3405
vn 0.6952 -0.6149 -0.3723
vn 0.1831 -0.9697 -0.1619
vn 0.1853 -0.9220 -0.3399
vn 0.2988 -0.8576 -0.4186
vn 0.4002 0.8890 0.2227
vn 0.7803 0.5430 -0.3105
vn 0.2974 0.8244 -0.4816
vn 0.0093 0.9869 -0.1612
vn 0.5504 0.8209 -0.1520
vn 0.8510 0.4592 -0.2550
vn 0.8737 0.3719 -0.3135
vn 0.9261 0.1306 -0.3540
vn 0.8957 -0.2814 -0.3443
vn 0.7187 -0.5301 -0.4499
vn 0.7241 -0.4629 -0.5112
vn 0.7420 -0.5818 -0.3330
vn 0.3372 -0.9276 -0.1609
vn 0.1732 -0.8938 -0.4136
vn 0.3083 -0.9081 -0.2835
vn 0.4922 0.8274 0.2704
vn 0.7521 0.6475 -0.1226
vn 0.3743 0.8878 -0.2678
vn 0.2336 0.9619 -0.1420
vn 0.6074 0.7816 -0.1419
vn 0.8125 0.5314 -0.2399
vn 0.8418 0.4172 -0.3425
vn 0.9230 0.1346 -0.3604
vn 0.8862 -0.2206 -0.4075
vn 0.7360 -0.4141 -0.5356
vn 0.6514 -0.5098 -0.5620
vn 0.6288 -0.6688 -0.3967
vn 0.4539 -0.8731 -0.1778
vn 0.3259 -0.9195 -0.2197
vn 0.3478 -0.9376 0.0033
vn 0.5112 0.8102 0.2869
vn 0.6919 0.7218 -0.0177
vn 0.3862 0.9048 -0.1794
vn 0.3447 0.9161 -0.2045
vn 0.6506 0.7255 -0.2244
vn 0.8125 0.5472 -0.2011
vn 0.9054 0.3912 -0.1649
vn 0.9666 0.0999 -0.2359
vn 0.9394 -0.1329 -0.3159
vn 0.8650 -0.3636 -0.3457
vn 0.7870 -0.5339 -0.3091
vn 0.5437 -0.7580 -0.3604
vn 0.3954 -0.8925 -0.2172
vn 0.4143 -0.9070 -0.0754
vn 0.3017 -0.9516 -0.0591
vn 0.4869 0.7873 0.3783
vn 0.6055 0.7958 0.0011
vn 0.2994 0.9283 -0.2203
vn 0.3389 0.8795 -0.3342
vn 0.6855 0.6531 -0.3219
vn 0.8431 0.4959 -0.2080
vn 0.9358 0.3439 -0.0781
vn 0.9907 0.1301 -0.0401
vn 0.9851 -0.0621 -0.1603
vn 0.8930 -0.4406 -0.0916
vn 0.8715 -0.4893 -0.0323
vn 0.6411 -0.7584 -0.1176
vn 0.3110 -0.9434 -0.1155
vn 0.4208 -0.8979 -0.1290
vn 0.2815 -0.9259 -0.2518
vn 0.5203 0.8056 0.2833
vn 0.5759 0.8169 -0.0316
vn 0.2463 0.9684 -0.0381
vn 0.3440 0.9367 0.0657
vn 0.6701 0.7324 0.1208
vn 0.8764 0.4766 0.0686
vn 0.9437 0.3284 0.0392
vn 0.9783 0.2064 0.0160
vn 0.9876 -0.1425 0.0664
vn 0.8567 -0.4980 0.1343
vn 0.8370 -0.5199 0.1705
vn 0.6013 -0.7762 0.1896
vn 0.3696 -0.9234 0.1040
vn 0.5003 -0.8607 -0.0946
vn 0.2855 -0.9138 -0.2888
vn 0.4751 0.8547 0.2090
vn 0.4764 0.8789 0.0213
vn 0.3111 0.9278 0.2060
vn 0.3215 0.7903 0.5216
vn 0.4245 0.7159 0.5543
vn 0.6970 0.5592 0.4489
vn 0.8597 0.3467 0.3750
vn 0.8849 0.1834 0.4282
vn 0.8650 -0.1461 0.4800
vn 0.7703 -0.4597 0.4420
vn 0.6572 -0.6071 0.4468
vn 0.3716 -0.7823 0.5000
vn 0.4173 -0.8279 0.3747
vn 0.4991 -0.8574 0.1258
vn 0.1507 -0.9883 -0.0243
vn 0.5917 0.8034 0.0665
vn 0.4811 0.8744 0.0634
vn 0.4449 0.8510 0.2789
vn 0.4822 0.7396 0.4695
vn 0.4437 0.7725 0.4543
vn 0.6025 0.6151 0.5085
vn 0.7533 0.3756 0.5398
vn 0.7990 0.1176 0.5898
vn 0.7841 -0.1353 0.6057
vn 0.6771 -0.4515 0.5811
vn 0.5160 -0.6475 0.5608
vn 0.3661 -0.7717 0.5200
vn 0.3444 -0.8006 0.4903
vn 0.2597 -0.8302 0.4933
vn -0.1173 -0.9267 0.3571
vn 0.6701 0.7411 -0.0418
vn 0.5565 0.8253 0.0958
vn 0.5079 0.7798 0.3660
vn 0.4418 0.7402 0.5068
vn 0.3720 0.7705 0.5176
vn 0.4326 0.5957 0.6767
vn 0.5064 0.3544 0.7861
vn 0.5506 0.1084 0.8277
vn 0.5688 -0.0984 0.8165
vn 0.5719 -0.4255 0.7013
vn 0.5025 -0.6855 0.5268
vn 0.3636 -0.8329 0.4172
vn 0.2767 -0.8201 0.5010
vn 0.1591 -0.7427 0.6504
vn -0.1303 -0.8813 0.4543
vn 0.6252 0.7802 -0.0214
vn 0.6014 0.7732 0.2012
vn 0.5191 0.6930 0.5004
vn 0.3534 0.6573 0.6656
vn 0.2075 0.6917 0.6917
vn 0.2631 0.5264 0.8085
vn 0.3629 0.3289 0.8718
vn 0.4583 0.1398 0.8777
vn 0.4525 -0.0878 0.8874
vn 0.3551 -0.3728 0.8573
vn 0.3225 -0.6354 0.7016
vn 0.2833 -0.8296 0.4811
vn 0.2880 -0.8413 0.4575
vn 0.2835 -0.7887 0.5455
vn 0.1558 -0.9288 0.3363
vn 0.4903 0.8694 0.0613
vn 0.5625 0.7830 0.2654
vn 0.6079 0.6138 0.5037
vn 0.5156 0.5267 0.6758
vn 0.2947 0.5913 0.7507
vn 0.1380 0.4952 0.8578
vn 0.1237 0.3596 0.9249
vn 0.1327 0.1474 0.9801
vn 0.1697 -0.0672 0.9832
vn 0.0846 -0.2602 0.9618
vn 0.1594 -0.4632 0.8718
vn 0.3240 -0.7209 0.6126
vn 0.4467 -0.8136 0.3721
vn 0.5534 -0.7541 0.3536
vn 0.4522 -0.8780 0.1570
vn 0.3676 0.9256 0.0898
vn 0.4357 0.8430 0.3155
vn 0.4885 0.6661 0.5637
vn 0.4050 0.4328 0.8054
vn 0.1884 0.4179 0.8888
vn -0.0026 0.3792 0.9253
vn -0.1443 0.2373 0.9607
vn -0.2459 0.1090 0.9632
vn -0.1695 0.0576 0.9838
vn -0.0072 -0.0004 1.0000
vn 0.1588 -0.2703 0.9496
vn 0.3304 -0.6257 0.7066
vn 0.4420 -0.7834 0.4369
vn 0.5163 -0.7681 0.3789
vn 0.4831 -0.8690 0.1073
vn 0.1926 0.9775 0.0863
vn 0.2028 0.9065 0.3702
vn 0.1290 0.6960 0.7063
vn 0.0303 0.3905 0.9201
vn 0.0556 0.3381 0.9395
vn 0.0889 0.2869 0.9538
vn 0.1812 0.1062 0.9777
vn 0.1901 0.0195 0.9816
vn 0.1905 0.1344 0.9724
vn -0.0449 0.0169 0.9988
vn -0.0014 -0.2451 0.9695
vn 0.1150 -0.5893 0.7997
vn 0.2424 -0.7836 0.5720
vn 0.3837 -0.8054 0.4519
vn 0.5502 -0.8203 0.1561
vn 0.0294 0.9971 0.0706
vn -0.0096 0.9337 0.3579
vn -0.0180 0.6963 0.7175
vn -0.0209 0.3764 0.9262
vn -0.0090 0.3646 0.9311
vn 0.0793 0.3674 0.9267
vn 0.1156 0.1990 0.9732
vn 0.1907 -0.0457 0.9806
vn -0.0453 0.1379 0.9894
vn -0.0279 -0.0563 0.9980
vn -0.0671 -0.3217 0.9445
vn -0.0849 -0.5177 0.8514
vn 0.0901 -0.7235 0.6844
vn 0.3130 -0.8247 0.4711
vn 0.5159 -0.8380 0.1781
vn -0.0238 0.9961 0.0850
vn -0.0804 0.9457 0.3149
vn -0.2392 0.7079 0.6646
vn -0.3523 0.3929 0.8494
vn -0.3553 0.3605 0.8624
vn -0.3535 0.4691 0.8093
vn -0.2394 0.0974 0.9660
vn -0.1839 -0.1534 0.9709
vn -0.3680 0.0481 0.9286
vn -0.4828 -0.0091 0.8757
vn -0.3213 -0.3152 0.8930
vn -0.1507 -0.4644 0.8727
vn 0.0514 -0.6576 0.7516
vn 0.1710 -0.8835 0.4361
vn 0.2081 -0.9751 0.0761
vn 0.0671 0.9848 0.1602
vn -0.0703 0.9347 0.3483
vn -0.5203 0.6397 0.5658
vn -0.7354 0.3275 0.5933
vn -0.6239 0.3820 0.6818
vn -0.4553 0.4855 0.7463
vn -0.3193 0.2922 0.9015
vn -0.2109 -0.2258 0.9511
vn -0.4269 -0.4077 0.8072
vn -0.7651 0.0072 0.6439
vn -0.6094 -0.0321 0.7922
vn -0.2607 -0.4269 0.8659
vn -0.1398 -0.6943 0.7060
vn 0.0257 -0.9465 0.3217
vn 0.0251 -0.9978 -0.0609
vn 0.1706 0.9625 0.2109
vn -0.1233 0.9079 0.4005
vn -0.5237 0.5388 0.6599
vn -0.5891 0.4010 0.7015
vn -0.5485 0.4620 0.6969
vn -0.5077 0.5230 0.6846
vn -0.5245 0.4139 0.7441
vn -0.5203 -0.1700 0.8369
vn -0.3509 -0.5211 0.7780
vn -0.3657 -0.0143 0.9306
vn -0.2702 0.1083 0.9567
vn -0.3141 -0.5750 0.7555
vn -0.4286 -0.8269 0.3640
vn -0.2976 -0.9547 -0.0070
vn -0.0650 -0.9753 -0.2109
vn 0.1301 0.9820 0.1372
vn -0.2488 0.9151 0.3173
vn -0.6028 0.5977 0.5286
vn -0.6213 0.4262 0.6575
vn -0.6754 0.4087 0.6139
vn -0.7866 0.4345 0.4388
vn -0.7469 0.5281 0.4040
vn -0.8240 0.0561 0.5638
vn -0.6980 -0.2773 0.6602
vn -0.5743 0.0472 0.8173
vn -0.6034 -0.0091 0.7974
vn -0.4846 -0.6331 0.6036
vn -0.3551 -0.9078 0.2233
vn -0.3859 -0.9210 -0.0532
vn -0.1617 -0.9511 -0.2633
vn 0.0040 0.9943 -0.1065
vn -0.4737 0.8775 -0.0749
vn -0.7958 0.6028 0.0586
vn -0.8469 0.4535 0.2777
vn -0.8669 0.3193 0.3829
vn -0.8668 0.3151 0.3864
vn -0.7356 0.5646 0.3744
vn -0.8450 0.2799 0.4557
vn -0.8890 -0.1731 0.4239
vn -0.9177 0.0077 0.3973
vn -0.9326 -0.1150 0.3421
vn -0.6584 -0.6864 0.3089
vn -0.2439 -0.9106 0.3337
vn -0.1429 -0.9603 0.2395
vn -0.0589 -0.9977 -0.0334
vn -0.0454 0.9746 -0.2194
vn -0.5140 0.6633 -0.5439
vn -0.6711 0.5722 -0.4713
vn -0.8188 0.5596 -0.1280
vn -0.8927 0.4086 0.1899
vn -0.8342 0.3893 0.3906
vn -0.8392 0.4704 0.2729
vn -0.9573 0.2647 0.1164
vn -0.9888 -0.0339 0.1455
vn -0.9596 -0.0970 0.2642
vn -0.9616 -0.2420 0.1295
vn -0.7817 -0.6120 0.1199
vn -0.3032 -0.9418 0.1451
vn -0.0488 -0.9945 0.0924
vn 0.0023 -0.9998 0.0195
vn -0.1056 0.9925 -0.0614
vn -0.6213 0.7061 -0.3399
vn -0.6494 0.6345 -0.4193
vn -0.6370 0.6911 -0.3415
vn -0.8283 0.5501 -0.1066
vn -0.8954 0.4453 0.0043
vn -0.9674 0.2504 -0.0372
vn -0.9818 0.1586 -0.1042
vn -0.9766 0.2020 0.0732
vn -0.9726 -0.1844 0.1415
vn -0.9150 -0.3978 0.0675
vn -0.8113 -0.5674 -0.1408
vn -0.3911 -0.8859 -0.2496
vn -0.1251 -0.9845 -0.1226
vn 0.0115 -0.9995 -0.0296
vn -0.2475 0.9687 -0.0172
vn -0.7327 0.6588 -0.1710
vn -0.6882 0.6723 -0.2728
vn -0.5560 0.7927 -0.2499
vn -0.7590 0.5969 -0.2600
vn -0.8724 0.3998 -0.2812
vn -0.9421 0.2390 -0.2352
vn -0.9536 0.2636 -0.1458
vn -0.9560 0.1763 -0.2347
vn -0.9200 -0.2204 -0.3239
vn -0.8010 -0.4870 -0.3483
vn -0.6491 -0.6151 -0.4475
vn -0.4112 -0.7863 -0.4611
vn -0.1687 -0.9632 -0.2090
vn 0.0647 -0.9939 -0.0890
vn -0.1746 0.9672 -0.1843
vn -0.6919 0.5991 -0.4030
vn -0.6884 0.7062 -0.1656
vn -0.6016 0.7849 -0.1484
vn -0.7570 0.5639 -0.3301
vn -0.8245 0.4159 -0.3838
vn -0.8725 0.3056 -0.3811
vn -0.8434 0.1912 -0.5022
vn -0.7905 0.0046 -0.6125
vn -0.7054 -0.2605 -0.6592
vn -0.6181 -0.4422 -0.6499
vn -0.5219 -0.6367 -0.5676
vn -0.4364 -0.7339 -0.5205
vn -0.1650 -0.9094 -0.3818
vn 0.0781 -0.9850 -0.1540
vn -0.1719 0.9183 -0.3567
vn -0.6716 0.6378 -0.3770
vn -0.5995 0.7943 -0.0979
vn -0.6652 0.7343 -0.1352
vn -0.8060 0.5156 -0.2909
vn -0.8386 0.4231 -0.3431
vn -0.8699 0.2395 -0.4312
vn -0.8521 0.0645 -0.5194
vn -0.7950 -0.1152 -0.5956
vn -0.7063 -0.3385 -0.6217
vn -0.6469 -0.4283 -0.6309
vn -0.5546 -0.6107 -0.5652
vn -0.4289 -0.7483 -0.5061
vn -0.1858 -0.8895 -0.4174
vn 0.1012 -0.9726 -0.2094
vn -0.2288 0.9371 -0.2636
vn -0.5372 0.7251 -0.4309
vn -0.4365 0.8280 -0.3520
vn -0.5109 0.7939 -0.3298
vn -0.7233 0.6094 -0.3247
vn -0.8495 0.3822 -0.3636
vn -0.8640 0.1467 -0.4816
vn -0.8502 0.0294 -0.5257
vn -0.8424 -0.1772 -0.5089
vn -0.7980 -0.3712 -0.4748
vn -0.7131 -0.4791 -0.5118
vn -0.5443 -0.6471 -0.5339
vn -0.4688 -0.7439 -0.4763
vn -0.3400 -0.8948 -0.2893
vn -0.1025 -0.9923 -0.0701
vn -0.1756 0.9537 -0.2441
vn -0.4056 0.7433 -0.5319
vn -0.3502 0.7978 -0.4908
vn -0.3251 0.8319 -0.4498
vn -0.4869 0.7243 -0.4881
vn -0.6886 0.4405 -0.5760
vn -0.7360 0.1404 -0.6622
vn -0.7470 0.0336 -0.6640
vn -0.7768 -0.0669 -0.6262
vn -0.7718 -0.3714 -0.5161
vn -0.6608 -0.6037 -0.4460
vn -0.5395 -0.7019 -0.4651
vn -0.5115 -0.7290 -0.4549
vn -0.3864 -0.8939 -0.2271
vn -0.2922 -0.9534 0.0757
vn -0.1153 0.9608 -0.2521
vn -0.3936 0.7487 -0.5333
vn -0.4212 0.7754 -0.4706
vn -0.3494 0.8311 -0.4326
vn -0.3565 0.7649 -0.5365
vn -0.4822 0.5536 -0.6790
vn -0.5903 0.1812 -0.7866
vn -0.5566 0.0119 -0.8307
vn -0.5561 -0.1109 -0.8237
vn -0.4263 -0.5417 -0.7244
vn -0.2937 -0.7242 -0.6239
vn -0.2265 -0.7416 -0.6314
vn -0.2009 -0.7586 -0.6198
vn -0.1874 -0.8975 -0.3992
vn -0.2681 -0.9634 0.0094
vn -0.2405 0.9516 -0.1913
vn -0.4319 0.7731 -0.4645
vn -0.4250 0.7655 -0.4831
vn -0.3110 0.8033 -0.5080
vn -0.2444 0.7742 -0.5838
vn -0.2498 0.6244 -0.7400
vn -0.2042 0.1760 -0.9630
vn -0.1066 0.0075 -0.9943
vn -0.1617 -0.1291 -0.9784
vn -0.0645 -0.6305 -0.7735
vn 0.1471 -0.7431 -0.6528
vn 0.2083 -0.6376 -0.7416
vn 0.1300 -0.6706 -0.7303
vn 0.0020 -0.8683 -0.4961
vn -0.1234 -0.9895 -0.0751
vn -0.3889 0.9166 -0.0925
vn -0.1938 0.8020 -0.5650
vn -0.0867 0.8002 -0.5935
vn 0.0833 0.5517 -0.8299
vn -0.0712 -0.6257 -0.7768
vn -0.1494 -0.6321 -0.7604
vn 0.0286 -0.7014 -0.7122
vn 0.3282 -0.8161 -0.4756
vn 0.2140 -0.9631 -0.1633
vt 0.648959 0.714311
vt 0.580462 0.622102
vt 0.551462 0.643144
vt 0.603651 0.741211
vt 0.777029 0.509730
vt 0.991913 0.501364
vt 0.671743 0.598854
vt 0.762579 0.610074
vt 0.559644 0.970614
vt 0.598343 0.716177
vt 0.676781 0.711855
vt 0.572773 0.917225
vt 0.561424 0.164779
vt 0.499911 0.211477
vt 0.497212 0.865864
vt 0.573222 0.045254
vt 0.585671 0.043331
vt 0.607239 0.898785
vt 0.630942 0.627578
vt 0.603773 0.660561
vt 0.630302 0.912897
vt 0.597239 0.026027
vt 0.665162 0.101205
vt 0.615236 0.761720
vt 0.810799 0.848653
vt 0.730665 0.879254
vt 0.689333 0.810100
vt 0.549545 0.756369
vt 0.826411 0.164779
vt 0.631768 0.824126
vt 0.593779 0.884923
vt 0.506636 0.780318
vt 0.514122 0.817085
vt 0.750065 0.715683
vt 0.692456 0.679186
vt 0.648280 0.725125
vt 0.660561 0.790628
vt 0.498756 0.760306
vt 0.409029 0.398512
vt 0.411531 0.506266
vt 0.505182 0.963619
vt 0.494309 0.411749
vt 0.508930 0.599729
vt 0.485607 0.039898
vt 0.489783 0.598460
vt 0.502102 0.972487
vt 0.506636 0.886460
vt 0.574305 0.044672
vt 0.558504 0.045254
vt 0.609157 0.131913
vt 0.664511 0.963012
vt 0.571033 0.676499
vt 0.694387 0.501364
vt 0.584793 0.502949
vt 0.970614 0.597838
vt 0.527550 0.665162
vt 0.505431 0.684186
vt 0.974363 0.407917
vt 0.601824 0.412972
vt 0.784907 0.333228
vt 0.759481 0.761828
vt 0.737914 0.220230
vt 0.746612 0.323997
vt 0.492636 0.615867
vt 0.755324 0.421453
vt 0.841929 0.827502
vt 1.000776 0.506266
vt 0.397177 0.617542
vt 0.505182 0.516171
vt 0.684186 0.060541
vt 0.734599 0.163713
vt 0.693055 0.781393
vt 0.761828 0.256182
vt 0.674014 0.310967
vt 0.579475 0.976009
vt 0.766649 0.743494
vt 0.731051 0.809892
vt 0.534747 0.592931
vt 0.546606 0.585549
vt 0.515933 0.598114
vt 0.553023 0.573361
vt 0.908436 0.519866
vt 0.767811 0.520334
vt 0.737829 0.624270
vt 0.647889 0.624697
vt 0.534137 0.675171
vt 0.500585 0.599911
vt 0.655908 0.224761
vt 0.488324 0.984735
vt 0.579475 0.306890
vt 0.521289 0.746076
vt 0.976009 0.306890
vt 0.689717 0.679476
vt 0.664383 0.857064
vt 0.799296 0.722778
vt 0.652783 0.326124
vt 0.848548 0.340974
vt 0.904668 0.746584
vt 0.666272 0.424898
vt 0.774049 0.820421
vt 0.796720 0.438456
vt 0.726367 0.445958
vt 0.712847 0.414549
vt 0.729301 0.642299
vt 0.667616 0.597166
vt 0.584498 0.541653
vt 0.508560 0.485607
vt 0.574305 0.557698
vt 0.515802 0.958478
vt 0.553689 0.887991
vt 0.623294 0.582092
vt 0.556997 0.558539
vt 0.566004 0.541253
vt 0.696353 0.566602
vt 0.582092 0.894171
vt 0.694387 0.991913
vt 0.610616 0.193706
vt 0.679918 0.166994
vt 0.796895 0.269694
vt 0.634912 0.248854
vt 0.529643 0.597239
vt 0.635661 0.115677
vt 0.858382 0.510400
vt 0.894896 0.610074
vt 0.821560 0.614250
vt 0.721882 0.641641
vt 0.415112 0.346338
vt 0.456846 0.368098
vt 0.464622 0.469581
vt 0.417372 0.425658
vt 0.523542 0.879182
vt 0.573112 0.522484
vt 0.560223 0.706008
vt 0.632672 0.713792
vt 0.807848 0.616652
vt 0.552749 0.777091
vt 0.541685 0.043331
vt 0.712961 0.529097
vt 0.682444 0.784319
vt 0.753166 0.598295
vt 0.667616 0.800990
vt 0.796895 0.678623
vt 0.609157 0.600513
vt 0.714342 0.709121
vt 0.662596 0.559716
vt 0.739286 0.591475
vt 0.555455 0.167519
vt 0.558390 0.240784
vt 0.719860 0.489074
vt 0.624713 0.491669
vt 0.491575 0.228464
vt 0.496041 0.146724
vt 0.591593 0.504159
vt 0.587569 0.523314
vt 0.667639 0.521861
vt 0.941548 0.617127
vt 0.980483 0.598937
vt 0.667206 0.519866
vt 0.579486 0.311011
vt 0.588214 0.408315
vt 0.749143 0.542543
vt 0.705005 0.307809
vt 0.356829 0.802472
vt 0.696543 0.379032
vt 0.671203 0.343709
vt 0.624402 0.459525
vt 0.491669 0.871869
vt 0.576348 0.504239
vt 0.486367 0.936970
vt 0.575151 0.452830
vt 0.629823 0.406877
vt 0.631427 0.433283
vt 0.468310 0.930176
vt 0.845747 0.493723
vt 0.826211 0.552749
vt 0.550179 0.801551
vt 0.784873 0.496571
vt 0.755487 0.488408
vt 0.836886 0.555455
vt 0.861125 0.496041
vt 0.485682 0.705174
vt 0.493723 0.787928
vt 0.459525 0.872249
vt 0.901839 0.558390
vt 0.952340 0.493822
vt 0.672141 0.484734
vt 0.507063 0.623739
vt 0.941548 0.579602
vt 0.522049 0.958478
vt 0.441008 0.929791
vt 0.452830 0.923615
vt 0.861295 0.422510
vt 0.945433 0.405069
vt 0.500316 0.403853
vt 0.410563 0.393862
vt 0.433283 0.873190
vt 0.598937 0.515363
vt 0.875192 0.340409
vt 0.797488 0.356292
vt 0.857826 0.429701
vt 0.413897 0.231106
vt 0.416307 0.626981
vt 0.410680 0.527293
vt 0.505715 0.523159
vt 0.276708 0.703377
vt 0.340888 0.723034
vt 0.828612 0.372265
vt 0.783134 0.325042
vt 0.522049 0.515802
vt 0.318128 0.407510
vt 0.319242 0.526730
vt 0.418286 0.716108
vt 0.412987 0.063860
vt 0.669452 0.447627
vt 0.741543 0.436918
vt 0.723727 0.384495
vt 0.406877 0.877601
vt 0.592590 0.461771
vt 0.593133 0.484985
vt 0.340409 0.217485
vt 0.878933 0.413897
vt 0.917990 0.307061
vt 0.331305 0.619132
vt 0.587887 0.441925
vt 0.238153 0.311649
vt 0.322768 0.307061
vt 0.878523 0.419791
vt 0.924431 0.523159
vt 0.712497 0.184254
vt 0.762370 0.306019
vt 0.807489 0.251723
vt 0.757136 0.218172
vt 0.229688 0.525583
vt 0.249310 0.622251
vt 0.429701 0.138302
vt 0.807489 0.286249
vt 0.410785 0.445249
vt 0.422858 0.428077
vt 0.372836 0.045211
vt 0.310479 0.408928
vt 0.430084 0.944045
vt 0.359550 0.901472
vt 0.616590 0.383257
vt 0.569122 0.441008
vt 0.801392 0.318577
vt 0.823411 0.414510
vt 0.624870 0.086459
vt 0.645701 0.379466
vt 0.697192 0.339665
vt 0.662665 0.299538
vt 0.814718 0.608728
vt 0.883514 0.249310
vt 0.782409 0.690767
vt 0.640121 0.314880
vt 0.596934 0.359550
vt 0.570851 0.594398
vt 0.112018 0.584954
vt 0.653506 0.661016
vt 0.573537 0.665008
vt 0.839917 0.276708
vt 0.563835 0.408578
vt 0.577604 0.422982
vt 0.756800 0.251532
vt 0.325042 0.744525
vt 0.830165 0.520524
vt 0.894009 0.525583
vt 0.953505 0.526730
vt 0.157031 0.520524
vt 0.701984 0.169616
vt 0.732620 0.322715
vt 0.500495 0.322407
vt 0.537079 0.331635
vt 0.521914 0.415607
vt 0.500890 0.411322
vt 0.187654 0.190258
vt 0.663166 0.223380
vt 0.701984 0.243582
vt 0.639636 0.254837
vt 0.732646 0.412811
vt 0.732620 0.124588
vt 0.572107 0.344022
vt 0.542502 0.422303
vt 0.169616 0.243582
vt 0.688770 0.226566
vt 0.661326 0.785140
vt 0.362391 0.639736
vt 0.429941 0.661753
vt 0.434789 0.729226
vt 0.366383 0.174347
vt 0.591743 0.864024
vt 0.344022 0.921903
vt 0.532356 0.385774
vt 0.548898 0.395660
vt 0.598495 0.325044
vt 0.571508 0.307072
vt 0.673952 0.507948
vt 0.736041 0.505579
vt 0.732110 0.583754
vt 0.557762 0.257122
vt 0.627609 0.273017
vt 0.127036 0.505579
vt 0.814718 0.177867
vt 0.314880 0.854777
vt 0.593550 0.242501
vt 0.724262 0.672664
vt 0.632330 0.195785
vt 0.611144 0.240341
vt 0.557370 0.430084
vt 0.946980 0.302737
vt 0.883229 0.332088
vt 0.900411 0.418276
vt 0.319759 0.394589
vt 0.549213 0.272969
vt 0.657317 0.108110
vt 0.539277 0.393279
vt 0.562866 0.814474
vt 0.257122 0.890840
vt 0.615994 0.187654
vt 0.516539 0.379787
vt 0.286776 0.080540
vt 0.545779 0.504547
vt 0.657317 0.346228
vt 0.068446 0.416934
vt 0.463461 0.327000
vt 0.478868 0.411373
vt 0.712497 0.261892
vt 0.782409 0.215405
vt 0.251532 0.759909
vt 0.568781 0.722981
vt 0.632330 0.725665
vt 0.551113 0.223012
vt 0.560529 0.159008
vt 0.468318 0.270405
vt 0.482691 0.514184
vt 0.559676 0.552677
vt 0.484217 0.601749
vt 0.446526 0.244221
vt 0.506889 0.242888
vt 0.676080 0.416934
vt 0.736041 0.127036
vt 0.422351 0.345592
vt 0.455326 0.413654
vt 0.501883 0.212435
vt 0.505533 0.066867
vt 0.544551 0.080540
vt 0.499642 0.724686
vt 0.497550 0.816858
vt 0.377260 0.042039
vt 0.544551 0.286776
vt 0.505533 0.284265
vt 0.415112 0.114788
vt 0.417532 0.258860
vt 0.376267 0.023876
vt 0.463300 0.288863
vt 0.428240 0.171778
vt 0.493205 0.159287
vt 0.500752 0.657572
vt 0.436566 0.806832
vt 0.263763 0.128080
vt 0.351947 0.128815
vt 0.090355 0.558602
vt 0.271699 0.555189
vt 0.447910 0.210240
vt 0.176621 0.367550
vt 0.312461 0.347709
vt 0.337300 0.421610
vt 0.279852 0.168992
vt 0.439770 0.830449
vt 0.381530 0.822369
vt 0.409763 0.908129
vt 0.263168 0.893009
vt 0.364984 0.828786
vt 0.383295 0.910153
vt 0.470331 0.382139
vt 0.508560 0.039898
vt 0.487222 0.376267
vt 0.386568 0.361680
vt 0.437506 0.420599
vt 0.275952 0.915439
vt 0.293961 0.173990
vt 0.357572 0.182026
vt 0.332385 0.273458
vt 0.154231 0.281898
vt 0.426593 0.034406
vt 0.417418 0.501913
vt 0.410342 0.597865
vt 0.351947 0.496680
vt 0.387116 0.087177
vt 0.426593 0.296738
vt 0.387116 0.219393
vt 0.348917 0.379723
vt 0.422359 0.433634
vt 0.217632 0.639871
vt 0.303277 0.630839
vt 0.204353 0.720433
vt 0.263338 0.717070
vt 0.300661 0.907065
vt 0.366383 0.729800
vt 0.251145 0.809289
vt 0.332385 0.109986
vt 0.389230 0.308444
vt 0.330579 0.066291
vt 0.232891 0.148577
vt 0.180788 0.173990
vt 0.208337 0.272617
vt 0.264051 0.359394
vt 0.324887 0.405237
vt 0.134084 0.250510
vt 0.159225 0.228995
vt 0.502134 0.377260
vt 0.437667 0.412034
vt 0.452745 0.394120
vt 0.355408 0.335040
vt 0.156511 0.557921
vt 0.141000 0.478583
vt 0.263763 0.483207
vt 0.255763 0.362831
vt 0.202641 0.425909
vt 0.267588 0.063881
vt 0.337300 0.116179
vt 0.234512 0.812943
vt 0.205118 0.734115
vt 0.300112 0.790471
vt 0.254388 0.320949
vt 0.228995 0.133869
vt 0.185671 0.645314
vt 0.238408 0.639871
vt 0.296720 0.734115
vt 0.308434 0.431010
vt 0.330579 0.224211
vt 0.514166 0.980480
vt 0.522154 0.950121
vt 0.315027 0.966437
vt 0.409307 0.489491
vt 0.234512 0.326235
vt 0.300112 0.298627
vt 0.335063 0.809289
vt 0.222525 0.356572
vt 0.332788 0.372836
vt 0.335040 0.012079
vt 0.239478 0.571608
vt 0.194282 0.156511
vt 0.295054 0.336593
vt 0.153322 0.356572
vt 0.140275 0.430523
vt 0.312059 0.430672
vt 0.185890 0.141000
vt 0.224371 0.372794
vt 0.159225 0.133869
vt 0.301640 0.117401
vt 0.397294 0.120995
vt 0.122376 0.301640
vt 0.277341 0.230188
vt 0.397842 0.217803
vt 0.064866 0.519108
vt 0.218794 0.495031
vt 0.338049 0.568057
vt 0.347180 0.645474
vt 0.356880 0.736842
vt 0.406874 0.448624
vt 0.336968 0.915439
vt 0.397972 0.465497
vt 0.131916 0.495031
vt 0.425328 0.740144
vt 0.173939 0.736842
vt 0.256660 0.689233
vt 0.793215 0.677186
vt 0.763567 0.750499
vt 0.289616 0.819855
vt 0.297481 0.448332
vt 0.207901 0.034812
vt 0.086156 0.405872
vt 0.142539 0.338049
vt 0.412982 0.659653
vt 0.523395 0.867036
vt 0.079085 0.217803
vt 0.398735 0.325291
vt 0.407090 0.467246
vt 0.382046 0.525824
vt 0.430747 0.563631
vt 0.425101 0.548425
vt 0.485100 0.239231
vt 0.015770 0.310092
vt 0.556004 0.150538
vt 0.480760 0.122752
vt 0.571470 0.225449
vt 0.475859 0.519251
vt 0.477403 0.596786
vt 0.397595 0.431173
vt 0.489965 0.310092
vt 0.485084 0.426913
vt 0.173939 0.356880
vt 0.217632 0.510794
vt 0.188171 0.439770
vt 0.329691 0.867036
vt 0.119783 0.397294
vt 0.421078 0.531471
vt 0.419859 0.514166
vt 0.580353 0.316510
vt 0.585330 0.416044
vt 0.569332 0.590060
vt 0.490202 0.669254
vt 0.115675 0.667599
vt 0.412508 0.514414
vt 0.410255 0.494245
vt 0.304421 0.493629
vt 0.321348 0.535888
vt 0.604454 0.850991
vt 0.571864 0.867163
vt 0.377651 0.553360
vt 0.376378 0.933977
vt 0.122633 0.659653
vt 0.808587 0.591440
vt 0.728106 0.590420
vt 0.705992 0.659822
vt 0.496270 0.744285
vt 0.304421 0.041703
vt 0.207901 0.431732
vt 0.207896 0.488596
vt 0.227151 0.542290
vt 0.564512 0.737048
vt 0.149317 0.496270
vt 0.247729 0.577174
vt 0.575289 0.512541
vt 0.126951 0.556004
vt 0.227151 0.079860
vt 0.051051 0.426913
vt 0.124705 0.245074
vt 0.655066 0.333310
vt 0.424993 0.640530
vt 0.397297 0.617918
vt 0.445029 0.579673
vt 0.460886 0.590497
vt 0.216117 0.683569
vt 0.624321 0.173402
vt 0.700814 0.261292
vt 0.078821 0.403452
vt 0.385555 0.597826
vt 0.632705 0.737475
vt 0.255733 0.626691
vt 0.415589 0.701419
vt 0.326866 0.920289
vt 0.354538 0.765294
vt 0.426776 0.887776
vt 0.641685 0.859246
vt 0.426449 0.556762
vt 0.417768 0.535358
vt 0.340041 0.575393
vt 0.360275 0.606437
vt 0.727685 0.506808
vt 0.103233 0.511088
vt 0.655086 0.590102
vt 0.357214 0.665999
vt 0.575393 0.037979
vt 0.321348 0.030497
vt 0.256716 0.593321
vt 0.666688 0.511088
vt 0.291975 0.641822
vt 0.340041 0.037979
vt 0.639625 0.660797
vt 0.221586 0.733030
vt 0.259225 0.674650
vt 0.553360 0.946172
vt 0.548425 0.982712
vt 0.760857 0.265157
vt 0.723875 0.346770
vt 0.796443 0.337977
vt 0.289866 0.716610
vt 0.683569 0.183177
vt 0.575420 0.051619
vt 0.382665 0.636313
vt 0.816192 0.396706
vt 0.160462 0.723875
vt 0.728608 0.404217
vt 0.466239 0.925351
vt 0.475742 0.596351
vt 0.095319 0.333310
vt 0.566937 0.667599
vt 0.180518 0.632705
vt 0.243547 0.763567
vt 0.687497 0.733030
vt 0.331080 0.681963
vt 0.268062 0.730754
vt 0.837440 0.243854
vt 0.270436 0.499788
vt 0.188023 0.502342
vt 0.913683 0.602820
vt 0.443814 0.711393
vt 0.393068 0.690306
vt 0.663624 0.403452
vt 0.501510 0.666970
vt 0.487302 0.599110
vt 0.721576 0.115181
vt 0.408813 0.663518
vt 0.681963 0.123980
vt 0.412508 0.037881
vt 0.289616 0.761130
vt 0.342979 0.748244
vt 0.454476 0.586144
vt 0.439784 0.575420
vt 0.563631 0.980109
vt 0.319865 0.946980
vt 0.341878 0.875076
vt 0.278964 0.837440
vt 0.471758 0.593945
vt 0.435681 0.680791
vt 0.376596 0.169817
vt 0.324522 0.766811
vt 0.394966 0.778283
vt 0.482612 0.732437
vt 0.730754 0.186020
vt 0.405516 0.110677
vt 0.920289 0.690753
vt 0.867113 0.689233
vt 0.858069 0.765294
vt 0.428906 0.187285
vt 0.411254 0.890865
vt 0.471387 0.686951
vt 0.979541 0.496466
vt 0.327936 0.605445
vt 0.250832 0.418276
vt 0.397289 0.967677
vt 0.450272 0.755783
vt 0.449529 0.803658
vt 0.488324 0.324416
vt 0.415589 0.959498
vt 0.341276 0.496466
vt 0.577676 0.933977
vt 0.984735 0.324416
vt 0.593779 0.789502
vt 0.312029 0.720433
vt 0.756800 0.759909
s 1
f 1015/1264/1015 1016/1265/1016 1001/1266/1001 1000/1267/1000
f 1010/1268/1010 995/1269/995 994/1270/994 1009/1271/1009
f 994/1270/994 979/1272/979 978/1273/978 993/1274/993
f 983/1275/983 984/1276/984 1443/1277/1443 971/1278/971
f 1017/1279/1017 1002/1280/1002 1001/1266/1001 1016/1265/1016
f 1019/1281/1019 1020/1282/1020 1005/1283/1005 1004/1284/1004
f 1002/1280/1002 987/1285/987 986/1286/986 1001/1266/1001
f 991/1287/991 976/1288/976 975/1289/975 990/1290/990
f 1000/1267/1000 985/1291/985 984/1292/984 999/1293/999
f 976/1288/976 977/1294/977 967/1295/967 1440/1296/1440
f 1008/1297/1008 1009/1271/1009 994/1270/994 993/1274/993
f 1021/1298/1021 1006/1299/1006 1005/1300/1005 1020/1282/1020
f 984/1292/984 985/1291/985 1444/1301/1444 1443/1277/1443
f 1431/1302/1431 1430/1303/1430 969/1304/969 970/1305/970
f 1446/1306/1446 972/1307/972 1437/1308/1437
f 977/1294/977 978/1273/978 1441/1309/1441 967/1310/967
f 1032/1311/1032 1017/1312/1017 1016/1265/1016 1031/1313/1031
f 989/1314/989 990/1290/990 975/1289/975 974/1315/974
f 995/1316/995 980/1317/980 979/1318/979 994/1270/994
f 985/1291/985 986/1319/986 1445/1320/1445 1444/1301/1444
f 996/1321/996 981/1322/981 980/1317/980 995/1269/995
f 1027/1323/1027 1028/1324/1028 1013/1325/1013 1012/1326/1012
f 978/1273/978 979/1318/979 968/1327/968 1441/1309/1441
f 1027/1323/1027 1012/1326/1012 1011/1328/1011 1026/1329/1026
f 1430/1330/1430 1429/1331/1429 968/1327/968 969/1332/969
f 986/1286/986 987/1285/987 1446/1306/1446 1445/1333/1445
f 1029/1334/1029 1014/1335/1014 1013/1325/1013 1028/1336/1028
f 969/1332/969 968/1327/968 979/1318/979 980/1317/980
f 996/1321/996 997/1337/997 982/1338/982 981/1322/981
f 1022/1339/1022 1007/1340/1007 1006/1299/1006 1021/1298/1021
f 1004/1284/1004 989/1314/989 988/1341/988 1003/1342/1003
f 989/1314/989 974/1315/974 973/1343/973 988/1341/988
f 1019/1281/1019 1004/1284/1004 1003/1342/1003 1018/1344/1018
f 970/1305/970 969/1304/969 980/1317/980 981/1322/981
f 1055/1345/1055 1040/1346/1040 1039/1347/1039 1054/1348/1054
f 973/1343/973 974/1315/974 1439/1349/1439 1438/1350/1438
f 1006/1299/1006 991/1287/991 990/1290/990 1005/1300/1005
f 1014/1335/1014 999/1293/999 998/1351/998 1013/1325/1013
f 981/1322/981 982/1338/982 1442/1352/1442 970/1305/970
f 998/1351/998 983/1275/983 982/1353/982 997/1337/997
f 974/1315/974 975/1289/975 966/1354/966 1439/1349/1439
f 982/1355/982 983/1275/983 971/1278/971 1442/1352/1442
f 1030/1356/1030 1015/1264/1015 1014/1335/1014 1029/1334/1029
f 1008/1297/1008 993/1274/993 992/1357/992 1007/1340/1007
f 975/1289/975 976/1288/976 1440/1296/1440 966/1354/966
f 1023/1358/1023 1008/1297/1008 1007/1340/1007 1022/1339/1022
f 1057/1359/1057 1042/1360/1042 1041/1361/1041 1056/1362/1056
f 1111/1363/1111 1096/1364/1096 1095/1365/1095 1110/1366/1110
f 1036/1367/1036 1021/1298/1021 1020/1282/1020 1035/1368/1035
f 1047/1369/1047 972/1370/972 1032/1371/1032
f 965/1372/965 1018/1344/1018 1003/1342/1003
f 1049/1373/1049 1034/1374/1034 1033/1375/1033 1048/1376/1048
f 1050/1377/1050 1035/1368/1035 1034/1378/1034 1049/1373/1049
f 1011/1328/1011 996/1321/996 995/1379/995 1010/1268/1010
f 965/1372/965 1003/1342/1003 988/1341/988
f 1059/1380/1059 1044/1381/1044 1043/1382/1043 1058/1383/1058
f 1002/1280/1002 972/1370/972 987/1384/987
f 1047/1369/1047 1032/1311/1032 1031/1313/1031 1046/1385/1046
f 1025/1386/1025 1010/1268/1010 1009/1387/1009 1024/1388/1024
f 1040/1346/1040 1025/1386/1025 1024/1388/1024 1039/1347/1039
f 1012/1326/1012 997/1337/997 996/1321/996 1011/1328/1011
f 1005/1300/1005 990/1290/990 989/1314/989 1004/1284/1004
f 1026/1329/1026 1011/1328/1011 1010/1268/1010 1025/1386/1025
f 1042/1360/1042 1027/1323/1027 1026/1329/1026 1041/1361/1041
f 1045/1389/1045 1030/1356/1030 1029/1334/1029 1044/1381/1044
f 1046/1385/1046 1031/1313/1031 1030/1356/1030 1045/1389/1045
f 1222/1390/1222 1207/1391/1207 1206/1392/1206 1221/1393/1221
f 1064/1394/1064 1049/1373/1049 1048/1376/1048 1063/1395/1063
f 1068/1396/1068 1053/1397/1053 1052/1398/1052 1067/1399/1067
f 1017/1279/1017 972/1370/972 1002/1400/1002
f 1065/1401/1065 1050/1377/1050 1049/1373/1049 1064/1394/1064
f 1037/1402/1037 1022/1339/1022 1021/1298/1021 1036/1367/1036
f 965/1372/965 1033/1375/1033 1018/1344/1018
f 1050/1377/1050 1051/1403/1051 1036/1367/1036 1035/1404/1035
f 1044/1381/1044 1029/1334/1029 1028/1336/1028 1043/1405/1043
f 1031/1406/1031 1016/1265/1016 1015/1264/1015 1030/1356/1030
f 1024/1388/1024 1009/1387/1009 1008/1297/1008 1023/1358/1023
f 1053/1397/1053 1038/1407/1038 1037/1402/1037 1052/1398/1052
f 1057/1359/1057 1058/1383/1058 1043/1405/1043 1042/1360/1042
f 1061/1408/1061 1046/1385/1046 1045/1389/1045 1060/1409/1060
f 1074/1410/1074 1059/1380/1059 1058/1383/1058 1073/1411/1073
f 965/1372/965 1048/1376/1048 1033/1375/1033
f 1080/1412/1080 1065/1401/1065 1064/1394/1064 1079/1413/1079
f 1041/1361/1041 1026/1329/1026 1025/1386/1025 1040/1346/1040
f 1060/1409/1060 1045/1389/1045 1044/1381/1044 1059/1380/1059
f 1088/1414/1088 1089/1415/1089 1074/1410/1074 1073/1411/1073
f 1032/1311/1032 972/1370/972 1017/1312/1017
f 1077/1416/1077 1062/1417/1062 1061/1408/1061 1076/1418/1076
f 1069/1419/1069 1070/1420/1070 1055/1421/1055 1054/1348/1054
f 1077/1416/1077 972/1370/972 1062/1417/1062
f 1035/1368/1035 1020/1282/1020 1019/1281/1019 1034/1374/1034
f 1043/1405/1043 1028/1324/1028 1027/1323/1027 1042/1360/1042
f 1072/1422/1072 1057/1359/1057 1056/1362/1056 1071/1423/1071
f 1076/1418/1076 1061/1408/1061 1060/1409/1060 1075/1424/1075
f 1141/1425/1141 1126/1426/1126 1125/1427/1125 1140/1428/1140
f 1094/1429/1094 1079/1430/1079 1078/1431/1078 1093/1432/1093
f 1123/1433/1123 1124/1434/1124 1109/1435/1109 1108/1436/1108
f 965/1372/965 1063/1395/1063 1048/1376/1048
f 1056/1362/1056 1041/1361/1041 1040/1346/1040 1055/1421/1055
f 1082/1437/1082 1067/1438/1067 1066/1439/1066 1081/1440/1081
f 1090/1441/1090 1075/1424/1075 1074/1442/1074 1089/1443/1089
f 1083/1444/1083 1068/1396/1068 1067/1399/1067 1082/1445/1082
f 1095/1365/1095 1080/1412/1080 1079/1430/1079 1094/1446/1094
f 1075/1424/1075 1060/1409/1060 1059/1380/1059 1074/1442/1074
f 1080/1412/1080 1081/1440/1081 1066/1439/1066 1065/1401/1065
f 1067/1399/1067 1052/1398/1052 1051/1403/1051 1066/1439/1066
f 1054/1348/1054 1039/1347/1039 1038/1407/1038 1053/1397/1053
f 1088/1414/1088 1073/1447/1073 1072/1422/1072 1087/1448/1087
f 1062/1417/1062 1047/1369/1047 1046/1385/1046 1061/1408/1061
f 1091/1449/1091 1076/1418/1076 1075/1424/1075 1090/1441/1090
f 1084/1450/1084 1069/1451/1069 1068/1396/1068 1083/1444/1083
f 965/1452/965 1138/1453/1138 1123/1454/1123
f 1097/1455/1097 1082/1437/1082 1081/1440/1081 1096/1364/1096
f 1102/1456/1102 1087/1448/1087 1086/1457/1086 1101/1458/1101
f 1110/1366/1110 1095/1365/1095 1094/1446/1094 1109/1459/1109
f 1071/1423/1071 1056/1362/1056 1055/1345/1055 1070/1460/1070
f 1087/1448/1087 1072/1422/1072 1071/1423/1071 1086/1457/1086
f 1118/1461/1118 1119/1462/1119 1104/1463/1104 1103/1464/1103
f 1062/1417/1062 972/1370/972 1047/1369/1047
f 1099/1465/1099 1100/1466/1100 1085/1467/1085 1084/1450/1084
f 1128/1468/1128 1113/1469/1113 1112/1470/1112 1127/1471/1127
f 1079/1430/1079 1064/1394/1064 1063/1395/1063 1078/1431/1078
f 965/1452/965 1078/1431/1078 1063/1395/1063
f 1073/1447/1073 1058/1383/1058 1057/1359/1057 1072/1422/1072
f 1066/1439/1066 1051/1403/1051 1050/1377/1050 1065/1401/1065
f 1103/1464/1103 1088/1414/1088 1087/1448/1087 1102/1456/1102
f 965/1472/965 1123/1433/1123 1108/1436/1108
f 1086/1457/1086 1071/1423/1071 1070/1420/1070 1085/1467/1085
f 1111/1363/1111 1112/1470/1112 1097/1455/1097 1096/1364/1096
f 1116/1473/1116 1101/1458/1101 1100/1466/1100 1115/1474/1115
f 1113/1469/1113 1098/1475/1098 1097/1455/1097 1112/1470/1112
f 1121/1476/1121 1106/1477/1106 1105/1478/1105 1120/1479/1120
f 1125/1427/1125 1110/1366/1110 1109/1459/1109 1124/1480/1124
f 1098/1475/1098 1083/1444/1083 1082/1445/1082 1097/1455/1097
f 1107/1481/1107 972/1370/972 1092/1482/1092
f 1105/1478/1105 1090/1441/1090 1089/1443/1089 1104/1463/1104
f 1118/1483/1118 1103/1484/1103 1102/1456/1102 1117/1485/1117
f 1092/1482/1092 1077/1416/1077 1076/1418/1076 1091/1449/1091
f 1106/1477/1106 1091/1449/1091 1090/1441/1090 1105/1478/1105
f 1085/1467/1085 1070/1420/1070 1069/1451/1069 1084/1450/1084
f 1114/1486/1114 1099/1465/1099 1098/1475/1098 1113/1469/1113
f 1122/1487/1122 1107/1481/1107 1106/1477/1106 1121/1476/1121
f 965/1452/965 1093/1432/1093 1078/1431/1078
f 1132/1488/1132 1117/1489/1117 1116/1473/1116 1131/1490/1131
f 1101/1458/1101 1086/1457/1086 1085/1491/1085 1100/1466/1100
f 1120/1479/1120 1105/1478/1105 1104/1463/1104 1119/1462/1119
f 1117/1485/1117 1102/1456/1102 1101/1458/1101 1116/1473/1116
f 1149/1492/1149 1134/1493/1134 1133/1494/1133 1148/1495/1148
f 1092/1482/1092 972/1370/972 1077/1416/1077
f 1130/1496/1130 1115/1474/1115 1114/1486/1114 1129/1497/1129
f 965/1472/965 1108/1436/1108 1093/1432/1093
f 1109/1459/1109 1094/1446/1094 1093/1432/1093 1108/1436/1108
f 1096/1364/1096 1081/1440/1081 1080/1412/1080 1095/1365/1095
f 1104/1498/1104 1089/1415/1089 1088/1414/1088 1103/1464/1103
f 1133/1499/1133 1118/1483/1118 1117/1489/1117 1132/1488/1132
f 1126/1426/1126 1111/1363/1111 1110/1366/1110 1125/1427/1125
f 1302/1500/1302 1287/1501/1287 1286/1502/1286 1301/1503/1301
f 1153/1504/1153 1154/1505/1154 1139/1506/1139 1138/1507/1138
f 1147/1508/1147 1132/1488/1132 1131/1490/1131 1146/1509/1146
f 1151/1510/1151 1136/1511/1136 1135/1512/1135 1150/1513/1150
f 1144/1514/1144 1129/1515/1129 1128/1468/1128 1143/1516/1143
f 1155/1517/1155 1140/1428/1140 1139/1506/1139 1154/1518/1154
f 1136/1511/1136 1121/1476/1121 1120/1479/1120 1135/1512/1135
f 1189/1519/1189 1174/1520/1174 1173/1521/1173 1188/1522/1188
f 1135/1512/1135 1120/1479/1120 1119/1462/1119 1134/1493/1134
f 1115/1474/1115 1100/1466/1100 1099/1465/1099 1114/1486/1114
f 1129/1497/1129 1114/1486/1114 1113/1469/1113 1128/1523/1128
f 1152/1524/1152 1137/1525/1137 1136/1511/1136 1151/1510/1151
f 1142/1526/1142 1127/1527/1127 1126/1426/1126 1141/1425/1141
f 1145/1528/1145 1130/1529/1130 1129/1497/1129 1144/1514/1144
f 1130/1496/1130 1131/1490/1131 1116/1473/1116 1115/1530/1115
f 1149/1492/1149 1150/1513/1150 1135/1512/1135 1134/1493/1134
f 1146/1509/1146 1131/1490/1131 1130/1496/1130 1145/1531/1145
f 1163/1532/1163 1148/1495/1148 1147/1508/1147 1162/1533/1162
f 1199/1534/1199 1184/1535/1184 1183/1536/1183 1198/1537/1198
f 1179/1538/1179 1164/1539/1164 1163/1540/1163 1178/1541/1178
f 1122/1487/1122 972/1370/972 1107/1481/1107
f 1148/1495/1148 1133/1494/1133 1132/1488/1132 1147/1508/1147
f 1140/1428/1140 1125/1427/1125 1124/1480/1124 1139/1506/1139
f 1161/1542/1161 1162/1543/1162 1147/1508/1147 1146/1509/1146
f 1134/1493/1134 1119/1462/1119 1118/1461/1118 1133/1494/1133
f 1184/1535/1184 1169/1544/1169 1168/1545/1168 1183/1536/1183
f 1127/1527/1127 1112/1470/1112 1111/1363/1111 1126/1426/1126
f 1164/1539/1164 1149/1492/1149 1148/1495/1148 1163/1546/1163
f 1157/1547/1157 1142/1526/1142 1141/1425/1141 1156/1548/1156
f 1233/1549/1233 1218/1550/1218 1217/1551/1217 1232/1552/1232
f 1170/1553/1170 1155/1517/1155 1154/1505/1154 1169/1554/1169
f 1182/1555/1182 1167/1556/1167 1166/1557/1166 1181/1558/1181
f 1175/1559/1175 1160/1560/1160 1159/1561/1159 1174/1520/1174
f 1184/1535/1184 1185/1562/1185 1170/1553/1170 1169/1544/1169
f 1167/1556/1167 1152/1524/1152 1151/1510/1151 1166/1557/1166
f 1166/1557/1166 1151/1510/1151 1150/1513/1150 1165/1563/1165
f 1160/1564/1160 1145/1528/1145 1144/1565/1144 1159/1561/1159
f 1156/1548/1156 1141/1425/1141 1140/1428/1140 1155/1566/1155
f 1180/1567/1180 1181/1558/1181 1166/1557/1166 1165/1563/1165
f 1159/1561/1159 1144/1514/1144 1143/1516/1143 1158/1568/1158
f 1137/1525/1137 972/1370/972 1122/1487/1122
f 1172/1569/1172 1157/1547/1157 1156/1548/1156 1171/1570/1171
f 1139/1506/1139 1124/1434/1124 1123/1433/1123 1138/1453/1138
f 965/1452/965 1153/1571/1153 1138/1453/1138
f 1417/1572/1417 1402/1573/1402 1401/1574/1401 1416/1575/1416
f 1193/1576/1193 1178/1541/1178 1177/1577/1177 1192/1578/1192
f 1161/1542/1161 1146/1509/1146 1145/1528/1145 1160/1564/1160
f 1186/1579/1186 1171/1570/1171 1170/1553/1170 1185/1580/1185
f 1180/1567/1180 1165/1563/1165 1164/1539/1164 1179/1581/1179
f 1174/1520/1174 1159/1561/1159 1158/1568/1158 1173/1521/1173
f 1197/1582/1197 1182/1555/1182 1181/1558/1181 1196/1583/1196
f 1152/1524/1152 972/1370/972 1137/1525/1137
f 1171/1570/1171 1156/1548/1156 1155/1517/1155 1170/1553/1170
f 1191/1584/1191 1192/1578/1192 1177/1585/1177 1176/1586/1176
f 1214/1587/1214 1199/1534/1199 1198/1537/1198 1213/1588/1213
f 1178/1541/1178 1163/1532/1163 1162/1543/1162 1177/1585/1177
f 1165/1563/1165 1150/1513/1150 1149/1589/1149 1164/1539/1164
f 1158/1568/1158 1143/1590/1143 1142/1591/1142 1157/1547/1157
f 1187/1592/1187 1172/1593/1172 1171/1570/1171 1186/1579/1186
f 1195/1594/1195 1180/1567/1180 1179/1581/1179 1194/1595/1194
f 1208/1596/1208 1193/1576/1193 1192/1578/1192 1207/1391/1207
f 1205/1597/1205 1190/1598/1190 1189/1519/1189 1204/1599/1204
f 1214/1587/1214 1215/1600/1215 1200/1601/1200 1199/1534/1199
f 1190/1598/1190 1175/1559/1175 1174/1520/1174 1189/1519/1189
f 1176/1602/1176 1161/1542/1161 1160/1603/1160 1175/1559/1175
f 1229/1604/1229 1214/1587/1214 1213/1588/1213 1228/1605/1228
f 1210/1606/1210 1211/1607/1211 1196/1608/1196 1195/1594/1195
f 1167/1556/1167 972/1370/972 1152/1524/1152
f 1202/1609/1202 1187/1592/1187 1186/1579/1186 1201/1610/1201
f 1212/1611/1212 1197/1582/1197 1196/1612/1196 1211/1613/1211
f 1169/1544/1169 1154/1518/1154 1153/1571/1153 1168/1545/1168
f 1177/1585/1177 1162/1543/1162 1161/1542/1161 1176/1602/1176
f 965/1452/965 1183/1536/1183 1168/1545/1168
f 1222/1614/1222 1223/1615/1223 1208/1596/1208 1207/1391/1207
f 1191/1584/1191 1176/1586/1176 1175/1559/1175 1190/1598/1190
f 1227/1616/1227 1212/1611/1212 1211/1613/1211 1226/1617/1226
f 1224/1618/1224 1209/1619/1209 1208/1596/1208 1223/1615/1223
f 1210/1606/1210 1195/1594/1195 1194/1595/1194 1209/1619/1209
f 1203/1620/1203 1204/1599/1204 1189/1519/1189 1188/1522/1188
f 1217/1551/1217 1202/1609/1202 1201/1610/1201 1216/1621/1216
f 1182/1555/1182 972/1370/972 1167/1556/1167
f 1250/1622/1250 1235/1623/1235 1234/1624/1234 1249/1625/1249
f 1209/1619/1209 1194/1595/1194 1193/1576/1193 1208/1596/1208
f 1201/1610/1201 1186/1579/1186 1185/1580/1185 1200/1601/1200
f 1216/1621/1216 1201/1610/1201 1200/1601/1200 1215/1600/1215
f 1188/1522/1188 1173/1521/1173 1172/1569/1172 1187/1592/1187
f 1196/1608/1196 1181/1558/1181 1180/1567/1180 1195/1594/1195
f 1225/1626/1225 1210/1606/1210 1209/1619/1209 1224/1618/1224
f 1218/1550/1218 1203/1620/1203 1202/1609/1202 1217/1551/1217
f 1252/1627/1252 1237/1628/1237 1236/1629/1236 1251/1630/1251
f 1306/1631/1306 1291/1632/1291 1290/1633/1290 1305/1634/1305
f 1231/1635/1231 1216/1621/1216 1215/1600/1215 1230/1636/1230
f 1242/1637/1242 972/1638/972 1227/1639/1227
f 965/1472/965 1213/1588/1213 1198/1537/1198
f 1244/1640/1244 1229/1604/1229 1228/1605/1228 1243/1641/1243
f 1245/1642/1245 1230/1636/1230 1229/1604/1229 1244/1640/1244
f 1206/1392/1206 1191/1584/1191 1190/1598/1190 1205/1597/1205
f 965/1472/965 1198/1537/1198 1183/1536/1183
f 1254/1643/1254 1239/1644/1239 1238/1645/1238 1253/1646/1253
f 1197/1582/1197 972/1307/972 1182/1555/1182
f 1242/1637/1242 1227/1639/1227 1226/1617/1226 1241/1647/1241
f 1220/1648/1220 1205/1597/1205 1204/1599/1204 1219/1649/1219
f 1235/1650/1235 1220/1648/1220 1219/1649/1219 1234/1624/1234
f 1207/1391/1207 1192/1578/1192 1191/1584/1191 1206/1392/1206
f 1200/1601/1200 1185/1562/1185 1184/1535/1184 1199/1534/1199
f 1221/1393/1221 1206/1392/1206 1205/1597/1205 1220/1648/1220
f 1237/1628/1237 1222/1390/1222 1221/1393/1221 1236/1629/1236
f 1240/1651/1240 1225/1626/1225 1224/1618/1224 1239/1644/1239
f 1241/1652/1241 1226/1617/1226 1225/1626/1225 1240/1653/1240
f 1259/1654/1259 1244/1640/1244 1243/1641/1243 1258/1655/1258
f 1263/1656/1263 1248/1657/1248 1247/1658/1247 1262/1659/1262
f 1212/1611/1212 972/1307/972 1197/1582/1197
f 1260/1660/1260 1245/1642/1245 1244/1640/1244 1259/1654/1259
f 1232/1661/1232 1217/1551/1217 1216/1621/1216 1231/1635/1231
f 965/1452/965 1228/1605/1228 1213/1588/1213
f 1245/1642/1245 1246/1662/1246 1231/1635/1231 1230/1636/1230
f 1239/1644/1239 1224/1618/1224 1223/1615/1223 1238/1645/1238
f 1226/1617/1226 1211/1607/1211 1210/1606/1210 1225/1626/1225
f 1219/1649/1219 1204/1599/1204 1203/1620/1203 1218/1550/1218
f 1248/1657/1248 1233/1549/1233 1232/1552/1232 1247/1658/1247
f 1252/1627/1252 1253/1646/1253 1238/1663/1238 1237/1628/1237
f 1256/1664/1256 1241/1652/1241 1240/1653/1240 1255/1665/1255
f 1269/1666/1269 1254/1667/1254 1253/1646/1253 1268/1668/1268
f 965/1472/965 1243/1641/1243 1228/1605/1228
f 1275/1669/1275 1260/1660/1260 1259/1654/1259 1274/1670/1274
f 1236/1629/1236 1221/1393/1221 1220/1648/1220 1235/1650/1235
f 1255/1665/1255 1240/1651/1240 1239/1644/1239 1254/1643/1254
f 1283/1671/1283 1284/1672/1284 1269/1666/1269 1268/1668/1268
f 1227/1616/1227 972/1307/972 1212/1673/1212
f 1272/1674/1272 1257/1675/1257 1256/1664/1256 1271/1676/1271
f 1264/1677/1264 1265/1678/1265 1250/1679/1250 1249/1625/1249
f 1230/1636/1230 1215/1600/1215 1214/1587/1214 1229/1604/1229
f 1238/1645/1238 1223/1615/1223 1222/1614/1222 1237/1628/1237
f 1267/1680/1267 1252/1627/1252 1251/1630/1251 1266/1681/1266
f 1271/1676/1271 1256/1664/1256 1255/1665/1255 1270/1682/1270
f 1272/1674/1272 972/1307/972 1257/1675/1257
f 1251/1630/1251 1236/1683/1236 1235/1650/1235 1250/1622/1250
f 1276/1684/1276 1277/1685/1277 1262/1659/1262 1261/1686/1261
f 1285/1687/1285 1270/1682/1270 1269/1666/1269 1284/1688/1284
f 1278/1689/1278 1263/1690/1263 1262/1659/1262 1277/1691/1277
f 1290/1633/1290 1275/1669/1275 1274/1670/1274 1289/1692/1289
f 1270/1682/1270 1255/1693/1255 1254/1643/1254 1269/1666/1269
f 1318/1694/1318 1319/1695/1319 1304/1696/1304 1303/1697/1303
f 1276/1698/1276 1261/1699/1261 1260/1660/1260 1275/1669/1275
f 1262/1659/1262 1247/1658/1247 1246/1700/1246 1261/1699/1261
f 1249/1625/1249 1234/1624/1234 1233/1549/1233 1248/1657/1248
f 1283/1671/1283 1268/1668/1268 1267/1680/1267 1282/1701/1282
f 1257/1675/1257 1242/1637/1242 1241/1647/1241 1256/1664/1256
f 1286/1702/1286 1271/1703/1271 1270/1682/1270 1285/1687/1285
f 1279/1704/1279 1264/1705/1264 1263/1690/1263 1278/1689/1278
f 965/1472/965 1258/1655/1258 1243/1641/1243
f 1297/1706/1297 1282/1707/1282 1281/1708/1281 1296/1709/1296
f 1266/1681/1266 1251/1630/1251 1250/1622/1250 1265/1710/1265
f 1300/1711/1300 1285/1687/1285 1284/1712/1284 1299/1713/1299
f 1282/1707/1282 1267/1680/1267 1266/1681/1266 1281/1708/1281
f 1314/1714/1314 1299/1715/1299 1298/1716/1298 1313/1717/1313
f 1257/1675/1257 972/1638/972 1242/1637/1242
f 1295/1718/1295 1280/1719/1280 1279/1704/1279 1294/1720/1294
f 1293/1721/1293 1278/1689/1278 1277/1691/1277 1292/1722/1292
f 1305/1634/1305 1290/1633/1290 1289/1692/1289 1304/1696/1304
f 1274/1670/1274 1259/1654/1259 1258/1655/1258 1273/1723/1273
f 965/1452/965 1273/1723/1273 1258/1655/1258
f 1268/1668/1268 1253/1646/1253 1252/1627/1252 1267/1680/1267
f 1261/1699/1261 1246/1662/1246 1245/1724/1245 1260/1660/1260
f 1289/1692/1289 1274/1670/1274 1273/1723/1273 1288/1725/1288
f 1298/1716/1298 1283/1671/1283 1282/1707/1282 1297/1706/1297
f 1281/1708/1281 1266/1681/1266 1265/1710/1265 1280/1726/1280
f 1306/1631/1306 1307/1727/1307 1292/1728/1292 1291/1632/1291
f 1291/1632/1291 1276/1698/1276 1275/1669/1275 1290/1633/1290
f 1398/1729/1398 1383/1730/1383 1382/1731/1382 1397/1732/1397
f 1304/1696/1304 1289/1692/1289 1288/1725/1288 1303/1697/1303
f 1302/1500/1302 972/1307/972 1287/1501/1287
f 1316/1733/1316 1301/1503/1301 1300/1711/1300 1315/1734/1315
f 1309/1735/1309 1294/1736/1294 1293/1721/1293 1308/1737/1308
f 1320/1738/1320 1305/1634/1305 1304/1696/1304 1319/1695/1319
f 1301/1503/1301 1286/1702/1286 1285/1687/1285 1300/1711/1300
f 1313/1739/1313 1298/1716/1298 1297/1706/1297 1312/1740/1312
f 1287/1501/1287 1272/1674/1272 1271/1703/1271 1286/1502/1286
f 1280/1726/1280 1265/1678/1265 1264/1677/1264 1279/1704/1279
f 1317/1741/1317 1302/1500/1302 1301/1503/1301 1316/1733/1316
f 1310/1742/1310 1295/1718/1295 1294/1736/1294 1309/1735/1309
f 965/1472/965 1363/1743/1363 1348/1744/1348
f 965/1452/965 1288/1725/1288 1273/1723/1273
f 1328/1745/1328 1313/1717/1313 1312/1740/1312 1327/1746/1327
f 1295/1718/1295 1296/1709/1296 1281/1708/1281 1280/1719/1280
f 1314/1714/1314 1315/1734/1315 1300/1711/1300 1299/1713/1299
f 1344/1747/1344 1329/1748/1329 1328/1745/1328 1343/1749/1343
f 1287/1501/1287 972/1307/972 1272/1674/1272
f 1325/1750/1325 1310/1742/1310 1309/1735/1309 1324/1751/1324
f 1311/1752/1311 1296/1709/1296 1295/1718/1295 1310/1742/1310
f 965/1472/965 1303/1697/1303 1288/1725/1288
f 1312/1740/1312 1297/1706/1297 1296/1709/1296 1311/1752/1311
f 1327/1753/1327 1312/1740/1312 1311/1752/1311 1326/1754/1326
f 1299/1713/1299 1284/1712/1284 1283/1671/1283 1298/1716/1298
f 1292/1755/1292 1277/1691/1277 1276/1684/1276 1291/1632/1291
f 1321/1756/1321 1306/1757/1306 1305/1634/1305 1320/1758/1320
f 1329/1748/1329 1314/1759/1314 1313/1739/1313 1328/1745/1328
f 965/1472/965 1333/1760/1333 1318/1761/1318
f 1342/1762/1342 1327/1753/1327 1326/1754/1326 1341/1763/1341
f 1339/1764/1339 1324/1751/1324 1323/1765/1323 1338/1766/1338
f 1347/1767/1347 1332/1768/1332 1331/1769/1331 1346/1770/1346
f 1350/1771/1350 1335/1772/1335 1334/1773/1334 1349/1774/1349
f 1324/1751/1324 1309/1735/1309 1308/1775/1308 1323/1765/1323
f 1384/1776/1384 1369/1777/1369 1368/1778/1368 1383/1730/1383
f 1323/1765/1323 1308/1775/1308 1307/1727/1307 1322/1779/1322
f 1331/1780/1331 1316/1733/1316 1315/1781/1315 1330/1782/1330
f 1332/1768/1332 1317/1741/1317 1316/1733/1316 1331/1769/1331
f 1346/1770/1346 1331/1769/1331 1330/1782/1330 1345/1783/1345
f 1337/1784/1337 1322/1785/1322 1321/1756/1321 1336/1786/1336
f 1340/1787/1340 1325/1750/1325 1324/1751/1324 1339/1764/1339
f 965/1472/965 1318/1761/1318 1303/1697/1303
f 1325/1750/1325 1326/1754/1326 1311/1752/1311 1310/1742/1310
f 1336/1786/1336 1321/1756/1321 1320/1738/1320 1335/1772/1335
f 1344/1788/1344 1345/1789/1345 1330/1782/1330 1329/1748/1329
f 1341/1763/1341 1326/1790/1326 1325/1750/1325 1340/1787/1340
f 1358/1791/1358 1343/1749/1343 1342/1762/1342 1357/1792/1357
f 1394/1793/1394 1379/1794/1379 1378/1795/1378 1393/1796/1393
f 1374/1797/1374 1359/1798/1359 1358/1791/1358 1373/1799/1373
f 1317/1741/1317 972/1307/972 1302/1500/1302
f 1343/1749/1343 1328/1745/1328 1327/1753/1327 1342/1762/1342
f 1356/1800/1356 1357/1792/1357 1342/1762/1342 1341/1763/1341
f 1335/1772/1335 1320/1738/1320 1319/1695/1319 1334/1773/1334
f 1379/1794/1379 1364/1801/1364 1363/1743/1363 1378/1795/1378
f 1322/1785/1322 1307/1727/1307 1306/1631/1306 1321/1756/1321
f 1330/1782/1330 1315/1781/1315 1314/1714/1314 1329/1748/1329
f 1359/1798/1359 1344/1788/1344 1343/1749/1343 1358/1791/1358
f 1352/1802/1352 1337/1784/1337 1336/1786/1336 1351/1803/1351
f 1428/1804/1428 1413/1805/1413 1412/1806/1412 1427/1807/1427
f 1365/1808/1365 1350/1771/1350 1349/1774/1349 1364/1801/1364
f 1377/1809/1377 1362/1810/1362 1361/1811/1361 1376/1812/1376
f 1370/1813/1370 1355/1814/1355 1354/1815/1354 1369/1777/1369
f 1379/1794/1379 1380/1816/1380 1365/1808/1365 1364/1801/1364
f 1362/1810/1362 1347/1767/1347 1346/1770/1346 1361/1811/1361
f 1361/1817/1361 1346/1818/1346 1345/1783/1345 1360/1819/1360
f 1355/1820/1355 1340/1787/1340 1339/1764/1339 1354/1815/1354
f 1351/1803/1351 1336/1786/1336 1335/1772/1335 1350/1771/1350
f 1375/1821/1375 1376/1812/1376 1361/1822/1361 1360/1819/1360
f 1354/1815/1354 1339/1764/1339 1338/1766/1338 1353/1823/1353
f 1332/1768/1332 972/1307/972 1317/1741/1317
f 1367/1824/1367 1352/1802/1352 1351/1803/1351 1366/1825/1366
f 1334/1826/1334 1319/1695/1319 1318/1761/1318 1333/1760/1333
f 965/1472/965 1348/1827/1348 1333/1760/1333
f 1388/1828/1388 1373/1799/1373 1372/1829/1372 1387/1830/1387
f 1356/1800/1356 1341/1763/1341 1340/1787/1340 1355/1820/1355
f 1381/1831/1381 1366/1825/1366 1365/1808/1365 1380/1816/1380
f 1375/1821/1375 1360/1819/1360 1359/1798/1359 1374/1832/1374
f 1369/1777/1369 1354/1815/1354 1353/1823/1353 1368/1778/1368
f 1392/1833/1392 1377/1809/1377 1376/1812/1376 1391/1834/1391
f 1347/1767/1347 972/1307/972 1332/1768/1332
f 1366/1825/1366 1351/1803/1351 1350/1771/1350 1365/1808/1365
f 1386/1835/1386 1387/1830/1387 1372/1836/1372 1371/1837/1371
f 1409/1838/1409 1394/1793/1394 1393/1796/1393 1408/1839/1408
f 1373/1799/1373 1358/1791/1358 1357/1840/1357 1372/1836/1372
f 1360/1819/1360 1345/1783/1345 1344/1788/1344 1359/1798/1359
f 1353/1823/1353 1338/1841/1338 1337/1784/1337 1352/1842/1352
f 1382/1843/1382 1367/1844/1367 1366/1825/1366 1381/1831/1381
f 1390/1845/1390 1375/1821/1375 1374/1832/1374 1389/1846/1389
f 1403/1847/1403 1388/1828/1388 1387/1830/1387 1402/1573/1402
f 1400/1848/1400 1385/1849/1385 1384/1776/1384 1399/1850/1399
f 1410/1851/1410 1395/1852/1395 1394/1793/1394 1409/1838/1409
f 1385/1849/1385 1370/1813/1370 1369/1777/1369 1384/1776/1384
f 1371/1837/1371 1356/1853/1356 1355/1814/1355 1370/1813/1370
f 1424/1854/1424 1409/1838/1409 1408/1839/1408 1423/1855/1423
f 1405/1856/1405 1406/1857/1406 1391/1834/1391 1390/1858/1390
f 1362/1810/1362 972/1307/972 1347/1859/1347
f 1397/1860/1397 1382/1843/1382 1381/1831/1381 1396/1861/1396
f 1407/1862/1407 1392/1863/1392 1391/1834/1391 1406/1857/1406
f 1364/1801/1364 1349/1774/1349 1348/1827/1348 1363/1743/1363
f 1372/1836/1372 1357/1840/1357 1356/1800/1356 1371/1837/1371
f 965/1472/965 1378/1795/1378 1363/1864/1363
f 1417/1865/1417 1418/1866/1418 1403/1867/1403 1402/1573/1402
f 1386/1835/1386 1371/1837/1371 1370/1813/1370 1385/1849/1385
f 1422/1868/1422 1407/1862/1407 1406/1857/1406 1421/1869/1421
f 1419/1870/1419 1404/1871/1404 1403/1867/1403 1418/1866/1418
f 1405/1856/1405 1390/1845/1390 1389/1846/1389 1404/1871/1404
f 1398/1729/1398 1399/1850/1399 1384/1776/1384 1383/1730/1383
f 1412/1806/1412 1397/1860/1397 1396/1861/1396 1411/1872/1411
f 1377/1809/1377 972/1307/972 1362/1810/1362
f 1425/1873/1425 1410/1851/1410 1409/1838/1409 1424/1854/1424
f 1404/1871/1404 1389/1874/1389 1388/1828/1388 1403/1867/1403
f 1396/1861/1396 1381/1831/1381 1380/1816/1380 1395/1852/1395
f 1410/1851/1410 1411/1872/1411 1396/1861/1396 1395/1852/1395
f 1383/1730/1383 1368/1778/1368 1367/1824/1367 1382/1843/1382
f 1391/1834/1391 1376/1812/1376 1375/1821/1375 1390/1858/1390
f 1420/1875/1420 1405/1856/1405 1404/1871/1404 1419/1870/1419
f 1413/1876/1413 1398/1877/1398 1397/1732/1397 1412/1878/1412
f 1434/1879/1434 1419/1870/1419 1418/1866/1418 1433/1880/1433
f 1437/1308/1437 972/1307/972 1422/1868/1422
f 965/1472/965 1408/1839/1408 1393/1796/1393
f 993/1274/993 978/1273/978 977/1294/977 992/1357/992
f 966/1354/966 1425/1873/1425 1424/1854/1424 1439/1349/1439
f 1401/1574/1401 1386/1835/1386 1385/1849/1385 1400/1848/1400
f 965/1372/965 1393/1796/1393 1378/1795/1378
f 971/1278/971 1443/1277/1443 1434/1879/1434 1433/1880/1433
f 1392/1833/1392 972/1307/972 1377/1809/1377
f 1437/1308/1437 1422/1868/1422 1421/1869/1421 1436/1881/1436
f 1415/1882/1415 1400/1848/1400 1399/1850/1399 1414/1883/1414
f 1429/1331/1429 1430/1303/1430 1415/1882/1415 1414/1883/1414
f 1402/1573/1402 1387/1830/1387 1386/1835/1386 1401/1884/1401
f 1395/1852/1395 1380/1816/1380 1379/1794/1379 1394/1793/1394
f 1416/1575/1416 1401/1574/1401 1400/1848/1400 1415/1882/1415
f 1432/1885/1432 1417/1572/1417 1416/1575/1416 1431/1302/1431
f 965/1372/965 1423/1855/1423 1408/1839/1408
f 1436/1881/1436 1421/1869/1421 1420/1875/1420 1435/1886/1435
f 1407/1862/1407 972/1307/972 1392/1863/1392
f 967/1295/967 1427/1807/1427 1426/1887/1426 1440/1296/1440
f 1444/1301/1444 1435/1886/1435 1434/1879/1434 1443/1277/1443
f 967/1310/967 1441/1309/1441 1428/1804/1428 1427/1807/1427
f 1435/1886/1435 1420/1875/1420 1419/1870/1419 1434/1879/1434
f 966/1354/966 1440/1296/1440 1426/1887/1426 1425/1873/1425
f 1427/1807/1427 1412/1806/1412 1411/1872/1411 1426/1887/1426
f 1421/1869/1421 1406/1857/1406 1405/1856/1405 1420/1875/1420
f 1414/1883/1414 1399/1850/1399 1398/1877/1398 1413/1876/1413
f 1445/1320/1445 1436/1881/1436 1435/1886/1435 1444/1301/1444
f 971/1278/971 1433/1880/1433 1432/1885/1432 1442/1888/1442
f 968/1327/968 1429/1331/1429 1428/1889/1428 1441/1309/1441
f 1389/1874/1389 1374/1797/1374 1373/1799/1373 1388/1828/1388
f 1431/1302/1431 1416/1575/1416 1415/1890/1415 1430/1303/1430
f 1348/1744/1348 1349/1891/1349 1334/1826/1334 1333/1760/1333
f 970/1305/970 1442/1892/1442 1432/1885/1432 1431/1302/1431
f 1034/1374/1034 1019/1281/1019 1018/1344/1018 1033/1375/1033
f 1422/1868/1422 972/1307/972 1407/1862/1407
f 965/1372/965 1438/1350/1438 1423/1855/1423
f 1439/1349/1439 1424/1854/1424 1423/1855/1423 1438/1350/1438
f 1433/1880/1433 1418/1866/1418 1417/1572/1417 1432/1885/1432
f 1426/1887/1426 1411/1872/1411 1410/1851/1410 1425/1873/1425
f 992/1357/992 977/1893/977 976/1288/976 991/1287/991
f 1013/1325/1013 998/1351/998 997/1337/997 1012/1326/1012
f 1007/1340/1007 992/1357/992 991/1287/991 1006/1299/1006
f 987/1285/987 972/1370/972 1446/1306/1446
f 1264/1705/1264 1249/1625/1249 1248/1657/1248 1263/1656/1263
f 999/1293/999 984/1292/984 983/1275/983 998/1351/998
f 1429/1331/1429 1414/1883/1414 1413/1876/1413 1428/1889/1428
f 1099/1465/1099 1084/1450/1084 1083/1444/1083 1098/1475/1098
f 1001/1266/1001 986/1319/986 985/1291/985 1000/1267/1000
f 1038/1407/1038 1023/1358/1023 1022/1339/1022 1037/1402/1037
f 1367/1824/1367 1368/1778/1368 1353/1823/1353 1352/1802/1352
f 965/1372/965 973/1343/973 1438/1350/1438
f 1247/1894/1247 1232/1661/1232 1231/1635/1231 1246/1662/1246
f 1308/1737/1308 1293/1721/1293 1292/1728/1292 1307/1727/1307
f 1337/1784/1337 1338/1766/1338 1323/1765/1323 1322/1779/1322
f 1446/1306/1446 1437/1308/1437 1436/1881/1436 1445/1333/1445
f 965/1372/965 988/1341/988 973/1343/973
f 1233/1549/1233 1234/1624/1234 1219/1649/1219 1218/1550/1218
f 1194/1595/1194 1179/1538/1179 1178/1541/1178 1193/1576/1193
f 1172/1569/1172 1173/1521/1173 1158/1568/1158 1157/1547/1157
f 1137/1525/1137 1122/1487/1122 1121/1476/1121 1136/1511/1136
f 1142/1895/1142 1143/1516/1143 1128/1468/1128 1127/1527/1127
f 1294/1720/1294 1279/1704/1279 1278/1689/1278 1293/1721/1293
f 1203/1620/1203 1188/1522/1188 1187/1592/1187 1202/1609/1202
f 1052/1398/1052 1037/1402/1037 1036/1367/1036 1051/1403/1051
f 1107/1481/1107 1092/1482/1092 1091/1449/1091 1106/1477/1106
f 1038/1407/1038 1039/1347/1039 1024/1388/1024 1023/1358/1023
f 1069/1451/1069 1054/1348/1054 1053/1397/1053 1068/1396/1068
f 965/1452/965 1168/1545/1168 1153/1571/1153
f 1015/1264/1015 1000/1267/1000 999/1293/999 1014/1335/1014
g Asteroid_4_Cube.004
v -0.424683 -0.424682 0.424682
v -0.540417 0.540725 0.538193
v -0.414351 -0.420132 -0.406210
v -0.486594 0.390286 -0.390463
v 0.391234 -0.391234 0.391233
v 0.388319 0.409750 0.387022
v 0.377118 -0.377117 -0.377117
v 0.443603 0.413527 -0.414221
v -0.506833 -0.509271 -0.256901
v -0.550905 -0.550905 0.000000
v -0.473154 -0.473154 0.247978
v -0.565440 -0.293423 0.566051
v -0.619725 0.000000 0.619725
v -0.593863 0.306130 0.587034
v -0.681851 0.677364 0.359265
v -0.661145 0.618758 0.048718
v -0.579708 0.486138 -0.207809
v -0.505466 0.216844 -0.451040
v -0.545857 -0.014406 -0.533699
v -0.476550 -0.249727 -0.472540
v 0.248886 -0.474995 -0.474995
v -0.000000 -0.511203 -0.511203
v -0.246715 -0.471955 -0.471115
v -0.249964 0.375155 -0.359581
v 0.050704 0.477792 -0.485256
v 0.295039 0.500842 -0.508098
v 0.409934 0.203589 -0.394257
v 0.466568 -0.001770 -0.464105
v 0.421950 -0.222726 -0.421949
v 0.466461 -0.466461 0.244677
v 0.478928 -0.478928 0.000000
v 0.404760 -0.404760 -0.214249
v 0.543493 0.518474 -0.262864
v 0.581829 0.570844 0.008518
v 0.506035 0.509148 0.259557
v 0.462834 0.242046 0.462481
v 0.495741 0.000000 0.495741
v 0.481453 -0.252070 0.481453
v -0.221084 -0.417158 0.417823
v 0.000130 -0.408151 0.409914
v 0.221932 -0.418199 0.419057
v 0.254537 0.499664 0.497304
v 0.000158 0.597638 0.598564
v -0.297837 0.570691 0.569694
v -0.724518 -0.314082 0.313776
v -0.925771 -0.000000 0.385797
v -0.908763 0.385991 0.385990
v -0.756188 -0.323528 0.000000
v -0.903116 0.001403 0.002141
v -0.941363 0.386008 0.006589
v -0.672537 -0.293205 -0.290668
v -0.776702 -0.006094 -0.324814
v -0.763928 0.314522 -0.312259
v -0.260599 -0.263460 -0.585170
v -0.267681 -0.019556 -0.600762
v -0.255940 0.191974 -0.530980
v 0.000094 -0.298068 -0.685834
v 0.006626 -0.017537 -0.635811
v 0.016435 0.218213 -0.550386
v 0.270176 -0.270176 -0.610155
v 0.278724 -0.004698 -0.624807
v 0.271468 0.245352 -0.575895
v 0.511843 -0.232045 -0.232045
v 0.526822 -0.000362 -0.238884
v 0.538517 0.236005 -0.235769
v 0.601305 -0.266657 -0.000000
v 0.642487 0.000000 0.000000
v 0.675362 0.293663 0.000172
v 0.596951 -0.265055 0.265055
v 0.608498 -0.000000 0.269298
v 0.575162 0.255684 0.253131
v 0.256900 -0.256900 0.575926
v 0.306810 0.000000 0.710657
v 0.273789 0.274279 0.621188
v 0.000000 -0.259359 0.581428
v 0.000039 0.000579 0.713889
v -0.000000 0.293298 0.673859
v -0.253836 -0.253836 0.568025
v -0.295259 0.004148 0.663470
v -0.294065 0.294784 0.669184
v -0.278606 -0.630140 -0.276567
v 0.000020 -0.643824 -0.282240
v 0.249008 -0.555577 -0.249008
v -0.279361 -0.635861 0.000003
v 0.000000 -0.634279 0.000000
v 0.271642 -0.614881 0.000000
v -0.229684 -0.494493 0.220196
v 0.000301 -0.495780 0.225923
v 0.240044 -0.532398 0.240007
v 0.332715 0.694457 -0.277446
v 0.053970 0.671420 -0.179961
v -0.283072 0.531390 -0.059346
v 0.343247 0.761533 0.027874
v 0.018213 0.853292 0.060742
v -0.332881 0.731169 0.095737
v 0.298437 0.674190 0.302658
v 0.003001 0.741166 0.333276
v -0.334211 0.774228 0.348445
vn -0.1348 -0.8555 0.5000
vn -0.3004 0.4810 0.8236
vn -0.4713 -0.5435 -0.6946
vn -0.1253 0.7014 -0.7017
vn 0.3925 -0.7091 0.5858
vn 0.6665 0.4090 0.6233
vn 0.7709 -0.5184 -0.3702
vn 0.7335 0.1435 -0.6643
vn -0.5542 -0.7238 -0.4110
vn -0.5174 -0.8522 0.0776
vn -0.3166 -0.8811 0.3514
vn -0.3297 -0.5727 0.7505
vn -0.4034 -0.1476 0.9031
vn -0.3796 0.1930 0.9048
vn -0.5007 0.7995 0.3318
vn -0.4093 0.8428 -0.3495
vn -0.2135 0.7858 -0.5804
vn -0.3093 0.4080 -0.8590
vn -0.4663 -0.0047 -0.8846
vn -0.4933 -0.3682 -0.7881
vn 0.4929 -0.6843 -0.5374
vn 0.0222 -0.7416 -0.6705
vn -0.3174 -0.6373 -0.7022
vn -0.2063 0.7130 -0.6701
vn -0.2788 0.5977 -0.7516
vn 0.2454 0.4932 -0.8346
vn 0.7959 0.0910 -0.5986
vn 0.8326 0.0305 -0.5531
vn 0.8271 -0.2857 -0.4839
vn 0.5869 -0.7442 0.3188
vn 0.7038 -0.6999 -0.1214
vn 0.7348 -0.5906 -0.3337
vn 0.7997 0.3896 -0.4568
vn 0.8456 0.5326 0.0357
vn 0.7388 0.4628 0.4899
vn 0.7509 0.2982 0.5893
vn 0.7871 0.0133 0.6167
vn 0.6540 -0.4043 0.6394
vn 0.0188 -0.8365 0.5476
vn -0.0290 -0.8199 0.5718
vn 0.0798 -0.7888 0.6094
vn 0.4904 0.5166 0.7018
vn 0.1552 0.5914 0.7913
vn -0.1140 0.5545 0.8244
vn -0.6974 -0.6390 0.3244
vn -0.8816 -0.2167 0.4193
vn -0.8394 0.3307 0.4314
vn -0.8091 -0.5819 -0.0815
vn -0.9557 -0.2312 -0.1824
vn -0.8867 0.3852 -0.2556
vn -0.7278 -0.4727 -0.4968
vn -0.7883 -0.1380 -0.5995
vn -0.6536 0.3815 -0.6537
vn -0.3374 -0.2863 -0.8968
vn -0.2399 0.1338 -0.9615
vn -0.1811 0.4173 -0.8905
vn -0.0380 -0.2824 -0.9585
vn -0.0599 0.1807 -0.9817
vn -0.1546 0.3412 -0.9272
vn 0.4842 -0.2878 -0.8263
vn 0.4168 0.1183 -0.9013
vn 0.3258 0.2216 -0.9191
vn 0.8776 -0.2982 -0.3753
vn 0.9082 -0.0430 -0.4163
vn 0.8865 0.0149 -0.4625
vn 0.9307 -0.3202 -0.1771
vn 0.9873 -0.0704 -0.1427
vn 0.9938 0.1009 -0.0476
vn 0.9035 -0.3275 0.2764
vn 0.9488 0.0027 0.3160
vn 0.8865 0.1920 0.4210
vn 0.2199 -0.5570 0.8008
vn 0.3804 -0.0714 0.9221
vn 0.4580 0.3301 0.8254
vn -0.0298 -0.5871 0.8089
vn -0.0218 -0.1511 0.9883
vn 0.0706 0.2340 0.9697
vn -0.0265 -0.5284 0.8486
vn -0.1149 -0.1412 0.9833
vn -0.1402 0.1715 0.9752
vn -0.2504 -0.9078 -0.3365
vn 0.0819 -0.9556 -0.2830
vn 0.4538 -0.8471 -0.2764
vn -0.1538 -0.9627 0.2226
vn 0.0367 -0.9737 0.2248
vn 0.3227 -0.9451 0.0515
vn -0.0366 -0.9006 0.4331
vn -0.0357 -0.8876 0.4593
vn 0.1229 -0.8975 0.4236
vn 0.2694 0.8291 -0.4898
vn -0.2552 0.8055 -0.5349
vn -0.2023 0.7822 -0.5893
vn 0.4079 0.9130 0.0080
vn -0.0654 0.9833 -0.1699
vn -0.2221 0.9078 -0.3558
vn 0.4703 0.7337 0.4905
vn 0.1267 0.8990 0.4193
vn -0.1607 0.9351 0.3158
vt 0.701807 0.676398
vt 0.709383 0.482917
vt 0.512076 0.487441
vt 0.509392 0.719538
vt 0.368607 0.730364
vt 0.365001 0.833798
vt 0.214419 0.617453
vt 0.225808 0.749000
vt 0.357915 0.474793
vt 0.866500 0.327604
vt 0.231869 0.335891
vt 0.190045 0.477901
vt 0.351323 0.680268
vt 0.213594 0.668400
vt 0.758503 0.233058
vt 0.370568 0.797671
vt 0.348628 0.807272
vt 0.169617 0.638775
vt 0.523451 0.476011
vt 0.529371 0.618279
vt 0.519509 0.306720
vt 0.669721 0.663637
vt 0.519465 0.683691
vt 0.519452 0.178099
vt 0.669647 0.800013
vt 0.726592 0.496547
vt 0.720236 0.680798
vt 0.552022 0.891776
vt 0.530444 0.476712
vt 0.664312 0.368531
vt 0.519634 0.377031
vt 0.519453 0.513368
vt 0.683380 0.513368
vt 0.655648 0.629016
vt 0.657527 0.486376
vt 0.793441 0.485526
vt 0.751290 0.609454
vt 0.082228 0.324014
vt 0.233919 0.363721
vt 0.263170 0.257085
vt 0.178227 0.309523
vt 0.341273 0.489097
vt 0.341994 0.664487
vt 0.161075 0.671334
vt 0.145468 0.486594
vt 0.280551 0.486594
vt 0.318569 0.455594
vt 0.120472 0.483968
vt 0.317767 0.303092
vt 0.107977 0.296563
vt 0.193328 0.812905
vt 0.339717 0.830989
vt 0.280435 0.719527
vt 0.380845 0.380487
vt 0.513368 0.154140
vt 0.350867 0.513366
vt 0.687654 0.483759
vt 0.682496 0.323551
vt 0.058446 0.676398
vt 0.225808 0.722120
vt 0.798531 0.335891
vt 0.688778 0.309654
vt 0.113597 0.309654
vt 0.513368 0.291355
vt 0.653400 0.346562
vt 0.768002 0.352186
vt 0.642661 0.242334
vt 0.747032 0.740947
vt 0.680798 0.905678
vt 0.671998 0.799477
vt 0.787154 0.736145
vt 0.697500 0.788837
vt 0.513368 0.486594
vt 0.844431 0.629016
vt 0.513264 0.663811
vt 0.513368 0.325675
vt 0.837373 0.486376
vt 0.808471 0.513368
vt 0.800947 0.365713
vt 0.684676 0.138500
vt 0.704603 0.486594
vt 0.818617 0.486594
vt 0.798759 0.632662
vt 0.621969 0.891776
vt 0.806205 0.774927
vt 0.683275 0.634657
vt 0.350855 0.486594
vt 0.353416 0.326642
vt 0.521264 0.312247
vt 0.881578 0.323551
vt 0.386035 0.261225
vt 0.362189 0.327604
vt 0.674484 0.165814
vt 0.809995 0.334477
vt 0.521264 0.933865
vt 0.699550 0.893447
vt 0.653382 0.260480
vt 0.755550 0.277271
vt 0.673058 0.788126
vt 0.279812 0.733866
vt 0.356733 0.793849
vt 0.519476 0.486943
vt 0.519453 0.663590
vt 0.519453 0.330079
vt 0.519531 0.265997
vt 0.508228 0.831081
vt 0.720236 0.905678
vt 0.360611 0.640892
vt 0.366270 0.170582
vt 0.214204 0.486594
vt 0.222826 0.334477
vt 0.365713 0.205099
vt 0.186998 0.513368
vt 0.519548 0.847250
vt 0.673058 0.213261
vt 0.213261 0.788126
vt 0.138500 0.652113
vt 0.265997 0.240287
vt 0.519453 0.162494
vt 0.366270 0.333412
vt 0.519531 0.240287
vt 0.519548 0.152153
s 1
f 1499/1896/1499 1498/1897/1498 1495/1898/1495 1496/1899/1496
f 1470/1900/1470 1502/1901/1502 1464/1902/1464 1450/1903/1450
f 1501/1904/1501 1500/1905/1500 1466/1906/1466 1465/1907/1465
f 1527/1908/1527 1455/1909/1455 1449/1910/1449 1469/1911/1469
f 1500/1905/1500 1469/1911/1469 1449/1910/1449 1466/1906/1466
f 1538/1912/1538 1470/1900/1470 1450/1903/1450 1463/1913/1463
f 1504/1914/1504 1501/1904/1501 1502/1901/1502 1505/1915/1505
f 1503/1916/1503 1500/1905/1500 1501/1904/1501 1504/1914/1504
f 1529/1917/1529 1528/1918/1528 1468/1919/1468 1467/1920/1467
f 1539/1921/1539 1536/1922/1536 1537/1923/1537 1540/1924/1540
f 1535/1925/1535 1534/1926/1534 1531/1927/1531 1532/1928/1532
f 1511/1929/1511 1510/1930/1510 1474/1931/1474 1473/1932/1473
f 1491/1933/1491 1457/1934/1457 1447/1935/1447 1458/1936/1458
f 1525/1937/1525 1526/1938/1526 1460/1939/1460 1459/1940/1459
f 1458/1936/1458 1459/1940/1459 1492/1941/1492 1491/1933/1491
f 1541/1942/1541 1538/1912/1538 1463/1913/1463 1462/1943/1462
f 1544/1944/1544 1541/1942/1541 1462/1943/1462 1461/1945/1461
f 1544/1944/1544 1461/1945/1461 1448/1946/1448 1490/1947/1490
f 1459/1940/1459 1460/1939/1460 1493/1948/1493 1492/1941/1492
f 1533/1949/1533 1457/1934/1457 1456/1950/1456 1530/1951/1530
f 1460/1939/1460 1448/1946/1448 1461/1945/1461 1493/1948/1493
f 1461/1945/1461 1462/1943/1462 1496/1899/1496 1493/1948/1493
f 1462/1943/1462 1463/1913/1463 1499/1896/1499 1496/1899/1496
f 1507/1952/1507 1506/1953/1506 1503/1916/1503 1504/1914/1504
f 1499/1954/1499 1463/1913/1463 1450/1955/1450 1464/1902/1464
f 1464/1902/1464 1465/1907/1465 1498/1897/1498 1499/1954/1499
f 1465/1907/1465 1466/1956/1466 1497/1957/1497 1498/1897/1498
f 1449/1910/1449 1455/1909/1455 1497/1958/1497 1466/1956/1466
f 1455/1909/1455 1456/1950/1456 1494/1959/1494 1497/1957/1497
f 1456/1950/1456 1457/1934/1457 1491/1933/1491 1494/1959/1494
f 1510/1930/1510 1509/1960/1509 1475/1961/1475 1474/1931/1474
f 1478/1962/1478 1529/1917/1529 1467/1920/1467 1453/1963/1453
f 1509/1960/1509 1478/1962/1478 1453/1963/1453 1475/1961/1475
f 1536/1964/1536 1479/1965/1479 1454/1966/1454 1472/1967/1472
f 1513/1968/1513 1510/1930/1510 1511/1969/1511 1514/1970/1514
f 1512/1971/1512 1509/1960/1509 1510/1972/1510 1513/1968/1513
f 1535/1925/1535 1532/1928/1532 1477/1973/1477 1476/1974/1476
f 1520/1975/1520 1519/1976/1519 1483/1977/1483 1482/1978/1482
f 1538/1912/1538 1537/1979/1537 1471/1980/1471 1470/1900/1470
f 1470/1900/1470 1471/1980/1471 1505/1915/1505 1502/1901/1502
f 1471/1980/1471 1472/1967/1472 1508/1981/1508 1505/1915/1505
f 1516/1982/1516 1515/1983/1515 1512/1971/1512 1513/1968/1513
f 1508/1981/1508 1472/1967/1472 1454/1966/1454 1473/1932/1473
f 1544/1944/1544 1543/1984/1543 1540/1924/1540 1541/1942/1541
f 1473/1932/1473 1474/1931/1474 1507/1952/1507 1508/1981/1508
f 1474/1931/1474 1475/1961/1475 1506/1985/1506 1507/1952/1507
f 1533/1949/1533 1485/1986/1485 1447/1935/1447 1457/1934/1457
f 1453/1963/1453 1467/1920/1467 1506/1985/1506 1475/1961/1475
f 1467/1920/1467 1468/1919/1468 1503/1916/1503 1506/1953/1506
f 1468/1919/1468 1469/1911/1469 1500/1987/1500 1503/1916/1503
f 1519/1976/1519 1518/1988/1518 1484/1989/1484 1483/1977/1483
f 1543/1990/1543 1542/1991/1542 1539/1921/1539 1540/1924/1540
f 1487/1992/1487 1535/1925/1535 1476/1974/1476 1451/1993/1451
f 1518/1988/1518 1487/1992/1487 1451/1993/1451 1484/1989/1484
f 1542/1991/1542 1488/1994/1488 1452/1995/1452 1481/1996/1481
f 1522/1997/1522 1519/1976/1519 1520/1975/1520 1523/1998/1523
f 1521/1999/1521 1518/1988/1518 1519/1976/1519 1522/1997/1522
f 1533/1949/1533 1534/1926/1534 1486/2000/1486 1485/1986/1485
f 1539/1921/1539 1480/2001/1480 1479/1965/1479 1536/2002/1536
f 1488/1994/1488 1520/1975/1520 1482/1978/1482 1452/1995/1452
f 1479/1965/1479 1480/2001/1480 1514/1970/1514 1511/1969/1511
f 1480/2001/1480 1481/1996/1481 1517/2003/1517 1514/1970/1514
f 1525/1937/1525 1524/2004/1524 1521/1999/1521 1522/1997/1522
f 1528/1918/1528 1527/1908/1527 1469/1911/1469 1468/1919/1468
f 1517/2003/1517 1481/1996/1481 1452/1995/1452 1482/1978/1482
f 1482/1978/1482 1483/1977/1483 1516/1982/1516 1517/2003/1517
f 1483/2005/1483 1484/2006/1484 1515/1983/1515 1516/1982/1516
f 1451/1993/1451 1476/2007/1476 1515/1983/1515 1484/2006/1484
f 1476/1974/1476 1477/1973/1477 1512/1971/1512 1515/1983/1515
f 1477/1973/1477 1478/1962/1478 1509/1960/1509 1512/1971/1512
f 1537/1979/1537 1536/1922/1536 1472/1967/1472 1471/1980/1471
f 1534/1926/1534 1535/1925/1535 1487/1992/1487 1486/2000/1486
f 1531/1927/1531 1528/1918/1528 1529/1917/1529 1532/1928/1532
f 1530/1951/1530 1456/2008/1456 1455/1909/1455 1527/1908/1527
f 1534/1926/1534 1533/1949/1533 1530/1951/1530 1531/1927/1531
f 1542/1991/1542 1543/1984/1543 1489/2009/1489 1488/2010/1488
f 1488/2011/1488 1489/2009/1489 1523/1998/1523 1520/2012/1520
f 1489/2009/1489 1490/1947/1490 1526/1938/1526 1523/1998/1523
f 1485/1986/1485 1486/2013/1486 1521/2014/1521 1524/2015/1524
f 1526/1938/1526 1490/1947/1490 1448/1946/1448 1460/1939/1460
f 1486/2016/1486 1487/1992/1487 1518/1988/1518 1521/2014/1521
f 1524/2004/1524 1458/1936/1458 1447/1935/1447 1485/1986/1485
f 1540/1924/1540 1537/1979/1537 1538/1912/1538 1541/1942/1541
f 1502/1901/1502 1501/1904/1501 1465/1907/1465 1464/1902/1464
f 1498/1897/1498 1497/1957/1497 1494/1959/1494 1495/1898/1495
f 1479/1965/1479 1511/1969/1511 1473/1932/1473 1454/1966/1454
f 1543/1984/1543 1544/1944/1544 1490/1947/1490 1489/2017/1489
f 1526/1938/1526 1525/1937/1525 1522/1997/1522 1523/1998/1523
f 1495/1898/1495 1492/1941/1492 1493/1948/1493 1496/1899/1496
f 1494/1959/1494 1491/1933/1491 1492/1941/1492 1495/1898/1495
f 1532/1928/1532 1529/1917/1529 1478/1962/1478 1477/1973/1477
f 1508/1981/1508 1507/1952/1507 1504/1914/1504 1505/1915/1505
f 1542/1991/1542 1481/1996/1481 1480/2001/1480 1539/1921/1539
f 1517/2003/1517 1516/1982/1516 1513/1968/1513 1514/1970/1514
f 1524/2004/1524 1525/1937/1525 1459/1940/1459 1458/1936/1458
f 1530/1951/1530 1527/1908/1527 1528/1918/1528 1531/1927/1531
g Asteroid_5_Sphere.005
v -0.034203 0.997825 0.056529
v -0.003473 0.828713 -0.556321
v -0.000700 0.535913 -0.787261
v -0.001044 0.190462 -0.967714
v 0.003680 0.003581 -1.012721
v 0.005788 -0.205888 -1.021587
v -0.001442 -0.567305 -0.844022
v -0.002905 -1.012778 -0.009909
v 0.006391 0.873630 -0.143033
v 0.049287 0.812428 -0.327496
v 0.100027 0.796207 -0.525395
v 0.136170 0.708709 -0.691145
v 0.154929 0.548418 -0.803762
v 0.177665 0.374633 -0.891625
v 0.185297 0.186262 -0.928841
v 0.196843 0.000000 -0.989598
v 0.202664 -0.207594 -1.017455
v 0.184927 -0.394976 -0.929694
v 0.158574 -0.549102 -0.800841
v 0.131321 -0.686064 -0.669616
v 0.099347 -0.794393 -0.516779
v 0.072162 -0.899598 -0.364354
v 0.038091 -0.979791 -0.208422
v 0.047909 0.880641 -0.135779
v 0.107996 0.768040 -0.287405
v 0.186459 0.738634 -0.459146
v 0.246117 0.655878 -0.603781
v 0.302143 0.531060 -0.737636
v 0.361111 0.382741 -0.871942
v 0.385777 0.198942 -0.927999
v 0.380733 0.000000 -0.919170
v 0.373828 -0.195540 -0.902500
v 0.340940 -0.371523 -0.823102
v 0.299032 -0.525825 -0.721926
v 0.249433 -0.656684 -0.602305
v 0.195458 -0.772762 -0.473418
v 0.137953 -0.874291 -0.336121
v 0.077124 -0.986732 -0.200283
v 0.086340 0.894680 -0.121895
v 0.177212 0.797498 -0.263534
v 0.257824 0.699563 -0.390100
v 0.346153 0.628770 -0.523947
v 0.431044 0.514666 -0.649809
v 0.499098 0.362972 -0.748337
v 0.536348 0.190726 -0.801878
v 0.542390 -0.000000 -0.811744
v 0.535749 -0.193062 -0.801805
v 0.490768 -0.368411 -0.734486
v 0.419821 -0.508730 -0.628306
v 0.355918 -0.645504 -0.532668
v 0.285075 -0.773574 -0.426645
v 0.196146 -0.853402 -0.297784
v 0.112746 -0.982804 -0.183868
v 0.118122 0.906390 -0.100283
v 0.229589 0.795103 -0.214932
v 0.324449 0.690089 -0.324295
v 0.430098 0.608481 -0.431873
v 0.568962 0.530337 -0.570894
v 0.640562 0.372903 -0.640606
v 0.701302 0.198491 -0.701302
v 0.703061 -0.000995 -0.700903
v 0.715043 -0.200887 -0.711868
v 0.657435 -0.386706 -0.654990
v 0.511161 -0.486974 -0.511163
v 0.445289 -0.632983 -0.448511
v 0.356231 -0.760038 -0.356878
v 0.246784 -0.840110 -0.252389
v 0.141702 -0.963673 -0.157223
v 0.142832 0.909469 -0.071207
v 0.268211 0.784062 -0.151890
v 0.387216 0.691326 -0.248792
v 0.489043 0.580470 -0.325391
v 0.607075 0.478812 -0.406174
v 0.729561 0.360515 -0.487689
v 0.816233 0.196150 -0.545579
v 0.843787 0.000108 -0.563864
v 0.833699 -0.200184 -0.556230
v 0.782207 -0.391990 -0.522518
v 0.653602 -0.526411 -0.437596
v 0.492588 -0.579485 -0.342097
v 0.410855 -0.744642 -0.276847
v 0.292442 -0.845034 -0.202023
v 0.166027 -0.956321 -0.125710
v 0.156312 0.899445 -0.029196
v 0.291983 0.763831 -0.083420
v 0.457907 0.733048 -0.175615
v 0.588924 0.634788 -0.239668
v 0.683634 0.489006 -0.280142
v 0.827697 0.371135 -0.342291
v 0.902195 0.195475 -0.373701
v 0.919455 0.000603 -0.380154
v 0.893500 -0.194438 -0.369095
v 0.849493 -0.381096 -0.351930
v 0.764182 -0.548511 -0.316799
v 0.576473 -0.620682 -0.239667
v 0.438020 -0.710096 -0.183929
v 0.327784 -0.849689 -0.143550
v 0.183834 -0.950544 -0.090328
v 0.171935 0.910988 0.007486
v 0.332592 0.811140 -0.020005
v 0.520813 0.786142 -0.090246
v 0.669034 0.680824 -0.128337
v 0.757186 0.515558 -0.148191
v 0.857934 0.360574 -0.168786
v 0.954382 0.192266 -0.189072
v 1.011441 0.000000 -0.201188
v 1.013668 -0.206743 -0.201619
v 0.940721 -0.392781 -0.186113
v 0.805674 -0.536258 -0.157246
v 0.603487 -0.591578 -0.111882
v 0.477605 -0.723015 -0.096419
v 0.353992 -0.857731 -0.080176
v 0.191809 -0.934074 -0.051115
v 0.180181 0.928157 0.048425
v 0.359536 0.858601 0.032937
v 0.545039 0.794539 0.022584
v 0.736256 0.739394 0.000852
v 0.801731 0.539317 0.000000
v 0.909315 0.376504 0.002361
v 1.016445 0.202687 0.000465
v 1.072519 0.000372 0.000478
v 1.091385 -0.217937 -0.002078
v 0.980154 -0.401240 0.002147
v 0.845951 -0.563587 0.001954
v 0.623662 -0.586898 0.023991
v 0.510029 -0.754168 0.000003
v 0.364160 -0.855752 -0.012333
v 0.194309 -0.926945 -0.012785
v 0.180182 0.938126 0.088763
v 0.361126 0.881060 0.103059
v 0.560159 0.846457 0.125430
v 0.711085 0.730466 0.141968
v 0.843429 0.577969 0.167768
v 0.908136 0.384941 0.177547
v 1.016793 0.207051 0.201828
v 1.025142 0.000684 0.203384
v 0.978714 -0.198357 0.188435
v 0.918346 -0.385791 0.184619
v 0.811857 -0.545195 0.168239
v 0.678306 -0.693757 0.136783
v 0.518312 -0.777608 0.104452
v 0.355941 -0.846102 0.057046
v 0.188924 -0.915430 0.023264
v 0.168550 0.944916 0.129798
v 0.341190 0.885834 0.169628
v 0.546415 0.883102 0.232734
v 0.671728 0.731386 0.278239
v 0.753728 0.548715 0.312063
v 0.800334 0.356069 0.319162
v 0.881899 0.188000 0.362232
v 0.967260 -0.001150 0.400953
v 0.900171 -0.195040 0.372865
v 0.823152 -0.370837 0.341425
v 0.736129 -0.530664 0.309463
v 0.659730 -0.712285 0.280597
v 0.512196 -0.814161 0.211904
v 0.340281 -0.853812 0.125372
v 0.174985 -0.895981 0.055886
v 0.155338 0.972626 0.160254
v 0.317777 0.922364 0.231993
v 0.471259 0.849119 0.317547
v 0.604120 0.730885 0.403660
v 0.646083 0.522761 0.431109
v 0.700175 0.350819 0.466408
v 0.762121 0.183013 0.508256
v 0.820745 -0.001898 0.545295
v 0.777308 -0.187240 0.519381
v 0.700889 -0.351782 0.468319
v 0.657462 -0.531476 0.439954
v 0.598082 -0.720692 0.401371
v 0.468696 -0.823267 0.305093
v 0.316722 -0.879545 0.192466
v 0.154611 -0.877245 0.084827
v 0.132989 0.975134 0.184209
v 0.276720 0.944106 0.285165
v 0.393114 0.818261 0.375592
v 0.491408 0.690515 0.483743
v 0.526547 0.496177 0.520230
v 0.575743 0.336878 0.573229
v 0.628864 0.176925 0.628763
v 0.681315 -0.003778 0.681196
v 0.672494 -0.190439 0.672494
v 0.597701 -0.352738 0.597701
v 0.571080 -0.542931 0.570828
v 0.495908 -0.694835 0.488842
v 0.400784 -0.817157 0.381919
v 0.267548 -0.858763 0.239206
v 0.131054 -0.877998 0.113268
v 0.105828 0.995680 0.206871
v 0.216859 0.924177 0.315203
v 0.310443 0.769953 0.390816
v 0.377704 0.645675 0.530068
v 0.424079 0.485919 0.608252
v 0.483310 0.355374 0.708150
v 0.524244 0.186195 0.760812
v 0.528806 -0.003571 0.771498
v 0.535124 -0.195431 0.790068
v 0.491664 -0.369711 0.733773
v 0.446605 -0.533038 0.661807
v 0.368560 -0.634167 0.526232
v 0.298247 -0.738120 0.404474
v 0.206346 -0.827375 0.274623
v 0.102559 -0.878848 0.134707
v 0.071781 1.000312 0.219734
v 0.153032 0.916053 0.334306
v 0.218473 0.751017 0.429999
v 0.259360 0.589479 0.535411
v 0.300962 0.443625 0.639163
v 0.340906 0.337160 0.761189
v 0.349427 0.167933 0.759738
v 0.366222 -0.008207 0.825998
v 0.352865 -0.193268 0.823185
v 0.351849 -0.386946 0.839472
v 0.301988 -0.508932 0.709513
v 0.247628 -0.610352 0.565785
v 0.201671 -0.719192 0.441336
v 0.135649 -0.779551 0.289930
v 0.069838 -0.885672 0.152054
v 0.034914 1.014738 0.227838
v 0.082669 0.935463 0.359039
v 0.119242 0.705399 0.415086
v 0.147692 0.519968 0.497599
v 0.164635 0.408133 0.644727
v 0.179015 0.295158 0.764990
v 0.180533 0.144041 0.774114
v 0.184138 -0.020212 0.838413
v 0.188423 -0.207809 0.894210
v 0.176863 -0.381450 0.875103
v 0.157242 -0.510184 0.761105
v 0.131107 -0.586318 0.583332
v 0.105140 -0.729180 0.475747
v 0.068214 -0.778767 0.308444
v 0.032772 -0.882580 0.161437
v -0.006183 1.022514 0.230616
v 0.004439 0.957943 0.374274
v 0.020834 0.698672 0.402182
v 0.027723 0.496854 0.495775
v 0.017408 0.421701 0.678951
v 0.010928 0.310398 0.821777
v 0.005746 0.148441 0.838075
v 0.004472 -0.030762 0.870966
v -0.000959 -0.217974 0.944521
v 0.000747 -0.390970 0.923365
v 0.002201 -0.530525 0.799920
v 0.006669 -0.582618 0.593929
v 0.002938 -0.734770 0.487314
v -0.000405 -0.803828 0.324139
v -0.005590 -0.851279 0.156728
v -0.047574 1.022697 0.223266
v -0.075824 0.945280 0.365604
v -0.086756 0.715939 0.402137
v -0.106084 0.517619 0.503404
v -0.137320 0.443745 0.687916
v -0.158643 0.302624 0.794840
v -0.167445 0.137471 0.826775
v -0.178088 -0.017692 0.874297
v -0.185322 -0.205447 0.915903
v -0.175139 -0.377999 0.877327
v -0.153691 -0.514885 0.769299
v -0.106510 -0.523348 0.539532
v -0.096384 -0.714134 0.463309
v -0.067256 -0.768637 0.298821
v -0.042350 -0.859623 0.155354
v -0.087587 1.016007 0.208939
v -0.141880 0.887368 0.316978
v -0.177741 0.662663 0.362851
v -0.217588 0.504789 0.458292
v -0.284825 0.455658 0.655837
v -0.322931 0.310771 0.754645
v -0.346693 0.161379 0.821019
v -0.365000 -0.008675 0.867757
v -0.352937 -0.191256 0.842266
v -0.346949 -0.378145 0.837408
v -0.292553 -0.499399 0.697713
v -0.234689 -0.582209 0.542451
v -0.180435 -0.673727 0.407824
v -0.119098 -0.721243 0.247113
v -0.078404 -0.871709 0.148707
v -0.124783 1.014779 0.188971
v -0.199776 0.855181 0.278777
v -0.250155 0.639908 0.320654
v -0.299675 0.481612 0.388123
v -0.389900 0.392237 0.526717
v -0.468470 0.316330 0.675064
v -0.481954 0.162068 0.713334
v -0.546837 -0.000000 0.818399
v -0.535504 -0.192975 0.801438
v -0.493593 -0.370504 0.738714
v -0.415088 -0.498459 0.618362
v -0.338145 -0.598659 0.495876
v -0.256497 -0.674180 0.365277
v -0.183868 -0.754242 0.236008
v -0.114124 -0.907247 0.142371
v -0.160165 1.028313 0.166765
v -0.253665 0.848988 0.238049
v -0.334846 0.684645 0.298126
v -0.397478 0.529488 0.360450
v -0.538697 0.487720 0.516958
v -0.599353 0.342144 0.590242
v -0.632159 0.176420 0.630127
v -0.662475 -0.000000 0.662475
v -0.666522 -0.188770 0.666522
v -0.642180 -0.378626 0.642180
v -0.521134 -0.495520 0.523058
v -0.391251 -0.559828 0.392873
v -0.310036 -0.661463 0.304562
v -0.239738 -0.785567 0.216192
v -0.144441 -0.917651 0.122202
v -0.188905 1.026502 0.135811
v -0.299854 0.850099 0.192571
v -0.405935 0.721552 0.253748
v -0.496591 0.586981 0.316540
v -0.631470 0.504000 0.415582
v -0.741227 0.371075 0.494721
v -0.755782 0.182123 0.504997
v -0.852754 0.000000 0.569792
v -0.797194 -0.191966 0.532668
v -0.714230 -0.358253 0.477249
v -0.554977 -0.446420 0.371048
v -0.451933 -0.552449 0.302103
v -0.369529 -0.677250 0.244247
v -0.290984 -0.831744 0.185641
v -0.171642 -0.943826 0.098491
v -0.211876 1.023265 0.098291
v -0.349120 0.889488 0.148066
v -0.481234 0.782618 0.197441
v -0.581666 0.632857 0.239342
v -0.708752 0.516216 0.293448
v -0.830232 0.374699 0.343893
v -0.910865 0.197329 0.377292
v -0.940533 0.000845 0.389551
v -0.847249 -0.181369 0.351673
v -0.762960 -0.342179 0.317445
v -0.608378 -0.434908 0.247618
v -0.511696 -0.561663 0.209823
v -0.427013 -0.704865 0.175461
v -0.325205 -0.844062 0.130993
v -0.190457 -0.957126 0.067300
v -0.229099 1.036118 0.060468
v -0.394096 0.944828 0.086244
v -0.546608 0.841684 0.109800
v -0.645475 0.664220 0.129047
v -0.756984 0.519457 0.150573
v -0.864498 0.367619 0.171959
v -0.924841 0.188840 0.183962
v -0.952162 0.000937 0.188781
v -0.928068 -0.185463 0.183402
v -0.777627 -0.321523 0.155529
v -0.668230 -0.453878 0.129562
v -0.563812 -0.583818 0.106115
v -0.481975 -0.747229 0.094601
v -0.363460 -0.893804 0.070368
v -0.204921 -0.977660 0.031420
v -0.237848 1.016502 0.008842
v -0.412731 0.965057 0.009707
v -0.561850 0.845004 0.001226
v -0.666643 0.672341 -0.000116
v -0.738434 0.497296 -0.000000
v -0.858400 0.358139 -0.000000
v -0.903872 0.181115 -0.000000
v -1.010708 -0.000000 -0.000000
v -0.979157 -0.190417 -0.001818
v -0.854659 -0.347013 -0.004813
v -0.675904 -0.445093 -0.014812
v -0.617904 -0.626610 -0.004263
v -0.514622 -0.784787 -0.002863
v -0.388901 -0.942342 -0.000602
v -0.212559 -1.004603 -0.006631
v -0.239802 1.026316 -0.031730
v -0.408018 0.965857 -0.068059
v -0.533162 0.809659 -0.102658
v -0.645891 0.663300 -0.128476
v -0.715062 0.490909 -0.142184
v -0.819087 0.347488 -0.162724
v -0.902861 0.184411 -0.179590
v -1.005022 0.001453 -0.199573
v -0.956990 -0.190794 -0.192840
v -0.859594 -0.361547 -0.175101
v -0.690153 -0.463716 -0.169308
v -0.625149 -0.645835 -0.130430
v -0.522791 -0.816215 -0.107992
v -0.386270 -0.955676 -0.077024
v -0.212679 -1.029727 -0.047450
v -0.226879 1.041522 -0.067630
v -0.384354 0.963688 -0.144459
v -0.510292 0.823610 -0.209090
v -0.616368 0.671852 -0.255308
v -0.675695 0.492976 -0.281003
v -0.804492 0.363233 -0.333231
v -0.862408 0.184537 -0.357417
v -0.937635 0.000096 -0.388431
v -0.907335 -0.194545 -0.378167
v -0.869643 -0.387504 -0.368265
v -0.725408 -0.526219 -0.315042
v -0.595448 -0.657532 -0.261269
v -0.488841 -0.828055 -0.214107
v -0.367418 -0.965632 -0.152212
v -0.199906 -1.024942 -0.088014
v -0.207551 1.035225 -0.102630
v -0.346018 0.946091 -0.209790
v -0.465614 0.829642 -0.307208
v -0.548792 0.666014 -0.366590
v -0.628169 0.508624 -0.419738
v -0.708910 0.355752 -0.473679
v -0.791712 0.190662 -0.529006
v -0.841636 -0.000761 -0.562526
v -0.872985 -0.209981 -0.583310
v -0.817991 -0.408785 -0.548971
v -0.675168 -0.546149 -0.462180
v -0.577094 -0.704121 -0.395301
v -0.464705 -0.856360 -0.317738
v -0.335203 -0.977858 -0.223725
v -0.176810 -1.004735 -0.123203
v -0.182469 0.997200 -0.124477
v -0.291435 0.923652 -0.264621
v -0.393570 0.820944 -0.386876
v -0.482959 0.687789 -0.483077
v -0.528651 0.503398 -0.528651
v -0.588029 0.347109 -0.588029
v -0.643268 0.181631 -0.643107
v -0.707070 0.000089 -0.706936
v -0.729537 -0.206484 -0.729464
v -0.696508 -0.410212 -0.696496
v -0.609252 -0.579369 -0.609830
v -0.524269 -0.745679 -0.524328
v -0.424895 -0.904165 -0.424941
v -0.284920 -0.969013 -0.281249
v -0.148261 -0.989493 -0.152632
v -0.149127 0.993647 -0.149720
v -0.227209 0.891788 -0.303082
v -0.316608 0.832311 -0.463040
v -0.401179 0.726432 -0.600399
v -0.431007 0.522098 -0.645048
v -0.476314 0.357646 -0.714557
v -0.490493 0.168072 -0.744850
v -0.543958 -0.000459 -0.816524
v -0.543513 -0.196521 -0.811213
v -0.524002 -0.393129 -0.782641
v -0.483777 -0.591820 -0.732629
v -0.424270 -0.769245 -0.636083
v -0.324211 -0.858867 -0.474992
v -0.222501 -0.957960 -0.326475
v -0.115202 -0.975390 -0.175877
v -0.108880 0.979046 -0.165202
v -0.157463 0.856411 -0.325406
v -0.225310 0.855189 -0.529879
v -0.280123 0.736244 -0.676259
v -0.307069 0.539768 -0.741329
v -0.337445 0.367791 -0.814744
v -0.365904 0.191567 -0.884807
v -0.398522 0.002661 -0.960033
v -0.389613 -0.202832 -0.936403
v -0.359465 -0.394293 -0.863921
v -0.341696 -0.600000 -0.825012
v -0.297819 -0.782224 -0.719000
v -0.221920 -0.863253 -0.531263
v -0.148964 -0.921121 -0.348605
v -0.079799 -0.975520 -0.194387
v -0.067478 0.953150 -0.169905
v -0.088730 0.852393 -0.346472
v -0.113449 0.834793 -0.549436
v -0.142717 0.734881 -0.714715
v -0.159842 0.547412 -0.792448
v -0.179805 0.384171 -0.903942
v -0.190311 0.198422 -0.966970
v -0.195482 0.003213 -0.997043
v -0.186620 -0.198285 -0.975560
v -0.183513 -0.401330 -0.935517
v -0.166316 -0.573604 -0.836550
v -0.143423 -0.739423 -0.721035
v -0.117213 -0.813070 -0.543064
v -0.075225 -0.923889 -0.372145
v -0.041212 -0.970569 -0.205177
v -0.033884 0.906666 -0.157261
v -0.015681 0.859517 -0.354631
v 0.000018 0.728020 -0.720918
v -0.001865 0.372668 -0.897154
v 0.001184 -0.402043 -0.963388
v -0.000223 -0.718958 -0.714686
v -0.003431 -0.807729 -0.539244
v -0.000745 -0.909768 -0.373378
v -0.001431 -0.977754 -0.209898
vn 0.2426 0.9503 -0.1954
vn 0.1868 0.9325 -0.3091
vn 0.0218 0.4709 -0.8819
vn 0.0675 0.2719 -0.9599
vn 0.0096 0.1323 -0.9912
vn -0.0433 -0.1377 -0.9895
vn 0.1259 -0.6104 -0.7820
vn 0.1497 -0.9537 0.2609
vn 0.4493 0.8331 -0.3227
vn 0.5224 0.8487 -0.0825
vn 0.4790 0.8593 -0.1791
vn 0.3802 0.7124 -0.5899
vn 0.1853 0.5640 -0.8047
vn 0.0851 0.4110 -0.9076
vn 0.1240 0.2346 -0.9641
vn 0.2219 0.1312 -0.9662
vn 0.3047 -0.1719 -0.9368
vn 0.3440 -0.5025 -0.7932
vn 0.3764 -0.6348 -0.6748
vn 0.3814 -0.7341 -0.5618
vn 0.3412 -0.8082 -0.4801
vn 0.2636 -0.8462 -0.4631
vn 0.0662 -0.9446 -0.3216
vn 0.0570 0.8544 -0.5164
vn 0.3054 0.9087 -0.2847
vn 0.4912 0.8582 -0.1491
vn 0.5329 0.7594 -0.3732
vn 0.4373 0.6686 -0.6014
vn 0.3728 0.4693 -0.8004
vn 0.3836 0.1869 -0.9044
vn 0.4521 0.0221 -0.8917
vn 0.5164 -0.2256 -0.8261
vn 0.4983 -0.5135 -0.6986
vn 0.4793 -0.6359 -0.6049
vn 0.4420 -0.7095 -0.5489
vn 0.3946 -0.7874 -0.4736
vn 0.3906 -0.8096 -0.4381
vn 0.2127 -0.9260 -0.3120
vn 0.0331 0.8439 -0.5355
vn 0.2273 0.8686 -0.4402
vn 0.4018 0.8761 -0.2664
vn 0.4252 0.8470 -0.3190
vn 0.4388 0.7255 -0.5302
vn 0.5299 0.4896 -0.6925
vn 0.5805 0.1898 -0.7919
vn 0.5488 -0.0081 -0.8359
vn 0.4860 -0.2251 -0.8444
vn 0.4325 -0.5768 -0.6929
vn 0.4954 -0.6783 -0.5427
vn 0.5233 -0.6720 -0.5241
vn 0.4292 -0.7973 -0.4243
vn 0.4604 -0.8124 -0.3578
vn 0.4382 -0.8758 -0.2025
vn 0.2846 0.8727 -0.3967
vn 0.4399 0.8237 -0.3577
vn 0.4696 0.8363 -0.2830
vn 0.4712 0.8588 -0.2008
vn 0.5543 0.7542 -0.3519
vn 0.6308 0.5415 -0.5557
vn 0.6580 0.2563 -0.7080
vn 0.6450 0.0340 -0.7634
vn 0.6122 -0.1869 -0.7683
vn 0.4579 -0.6095 -0.6472
vn 0.4388 -0.7640 -0.4730
vn 0.6275 -0.6701 -0.3964
vn 0.5695 -0.7619 -0.3084
vn 0.4881 -0.8151 -0.3119
vn 0.4889 -0.8551 -0.1728
vn 0.5076 0.8471 -0.1573
vn 0.4883 0.8402 -0.2358
vn 0.3770 0.8385 -0.3934
vn 0.4805 0.7905 -0.3799
vn 0.5923 0.7554 -0.2802
vn 0.7022 0.6042 -0.3766
vn 0.8076 0.2973 -0.5094
vn 0.8495 0.0307 -0.5266
vn 0.8494 -0.1823 -0.4952
vn 0.6815 -0.5399 -0.4940
vn 0.3668 -0.8169 -0.4451
vn 0.4988 -0.7892 -0.3583
vn 0.6488 -0.7177 -0.2530
vn 0.5392 -0.7967 -0.2728
vn 0.4200 -0.8875 -0.1894
vn 0.4895 0.8302 -0.2666
vn 0.3062 0.8677 -0.3917
vn 0.1698 0.8247 -0.5395
vn 0.4308 0.6605 -0.6149
vn 0.5799 0.6774 -0.4526
vn 0.7215 0.6101 -0.3274
vn 0.8773 0.3187 -0.3589
vn 0.9100 0.0398 -0.4127
vn 0.8834 -0.1846 -0.4306
vn 0.7965 -0.4539 -0.3994
vn 0.5173 -0.8085 -0.2806
vn 0.4285 -0.8779 -0.2140
vn 0.6458 -0.7173 -0.2615
vn 0.5964 -0.7705 -0.2249
vn 0.4429 -0.8960 -0.0328
vn 0.3065 0.7953 -0.5230
vn 0.1753 0.8254 -0.5366
vn 0.1925 0.8617 -0.4695
vn 0.5746 0.6368 -0.5140
vn 0.7464 0.5334 -0.3978
vn 0.7938 0.5486 -0.2625
vn 0.8881 0.3589 -0.2872
vn 0.9176 0.1132 -0.3810
vn 0.8866 -0.1910 -0.4212
vn 0.7949 -0.4995 -0.3444
vn 0.5282 -0.8338 -0.1610
vn 0.4818 -0.8693 -0.1099
vn 0.6732 -0.6930 -0.2580
vn 0.5627 -0.8040 -0.1921
vn 0.4305 -0.8988 0.0821
vn 0.2966 0.8732 -0.3867
vn 0.2466 0.8747 -0.4173
vn 0.3019 0.8993 -0.3163
vn 0.6735 0.6874 -0.2717
vn 0.8512 0.4571 -0.2579
vn 0.8438 0.5006 -0.1935
vn 0.9207 0.3699 -0.1243
vn 0.9944 0.1016 -0.0307
vn 0.9728 -0.2278 0.0428
vn 0.8407 -0.5392 0.0505
vn 0.5723 -0.8153 -0.0879
vn 0.5041 -0.8099 -0.2998
vn 0.6453 -0.7072 -0.2891
vn 0.4920 -0.8697 -0.0387
vn 0.3879 -0.9036 0.1815
vn 0.3039 0.9418 -0.1441
vn 0.2484 0.9399 -0.2345
vn 0.4090 0.8963 -0.1714
vn 0.7228 0.6888 0.0556
vn 0.8710 0.4502 0.1965
vn 0.8503 0.4512 0.2710
vn 0.8817 0.3635 0.3009
vn 0.9433 0.0089 0.3317
vn 0.8762 -0.2782 0.3935
vn 0.7928 -0.4600 0.3998
vn 0.7242 -0.6613 0.1956
vn 0.6421 -0.7464 -0.1746
vn 0.5269 -0.8136 -0.2459
vn 0.3814 -0.9238 0.0326
vn 0.3252 -0.8842 0.3355
vn 0.3579 0.8949 -0.2667
vn 0.2543 0.9597 -0.1193
vn 0.4219 0.8989 0.1183
vn 0.7041 0.5961 0.3858
vn 0.7595 0.3492 0.5488
vn 0.7214 0.3653 0.5883
vn 0.7248 0.3914 0.5670
vn 0.8361 0.0076 0.5485
vn 0.7808 -0.3506 0.5171
vn 0.7324 -0.4255 0.5315
vn 0.7690 -0.4590 0.4449
vn 0.7092 -0.6724 0.2120
vn 0.4494 -0.8923 -0.0438
vn 0.2772 -0.9603 -0.0305
vn 0.2376 -0.9054 0.3519
vn 0.3162 0.9151 -0.2504
vn 0.3229 0.9460 0.0296
vn 0.3171 0.8457 0.4292
vn 0.5346 0.5286 0.6594
vn 0.6474 0.3026 0.6995
vn 0.6505 0.3793 0.6581
vn 0.6537 0.4014 0.6415
vn 0.7261 0.0745 0.6835
vn 0.7063 -0.3575 0.6110
vn 0.7166 -0.3975 0.5731
vn 0.7507 -0.3650 0.5506
vn 0.6116 -0.6480 0.4540
vn 0.3304 -0.9124 0.2414
vn 0.1254 -0.9876 0.0950
vn 0.1863 -0.9372 0.2949
vn 0.2332 0.9724 -0.0027
vn 0.2187 0.8819 0.4177
vn 0.1278 0.7131 0.6893
vn 0.2903 0.5152 0.8064
vn 0.5419 0.3818 0.7487
vn 0.6411 0.4300 0.6356
vn 0.6608 0.3488 0.6646
vn 0.6703 0.1095 0.7339
vn 0.6947 -0.2839 0.6609
vn 0.7100 -0.3897 0.5865
vn 0.5949 -0.4528 0.6641
vn 0.2686 -0.6819 0.6804
vn 0.0068 -0.8267 0.5625
vn -0.1045 -0.9259 0.3629
vn 0.1548 -0.9241 0.3493
vn 0.2110 0.9701 0.1200
vn 0.1441 0.7497 0.6459
vn 0.0152 0.6002 0.7997
vn 0.0739 0.5513 0.8310
vn 0.2839 0.5566 0.7807
vn 0.4356 0.4839 0.7590
vn 0.4562 0.2664 0.8491
vn 0.4163 0.1266 0.9004
vn 0.4958 -0.1483 0.8557
vn 0.5375 -0.3953 0.7449
vn 0.3364 -0.6359 0.6946
vn 0.0255 -0.7399 0.6723
vn -0.1441 -0.7503 0.6452
vn -0.1818 -0.8388 0.5132
vn 0.1182 -0.8725 0.4741
vn 0.2526 0.9541 0.1610
vn 0.1662 0.6743 0.7195
vn -0.0660 0.4982 0.8646
vn -0.2314 0.5309 0.8152
vn -0.1294 0.6463 0.7520
vn 0.0265 0.4310 0.9019
vn 0.0914 0.1888 0.9778
vn 0.1623 0.1855 0.9692
vn 0.2926 0.0037 0.9562
vn 0.3264 -0.3894 0.8613
vn 0.1636 -0.7673 0.6200
vn 0.0717 -0.7973 0.5993
vn 0.0461 -0.8265 0.5611
vn -0.0098 -0.8747 0.4846
vn 0.1226 -0.8270 0.5487
vn 0.3023 0.9468 0.1100
vn 0.1937 0.6116 0.7671
vn -0.1441 0.3374 0.9303
vn -0.2154 0.5990 0.7712
vn -0.0594 0.7604 0.6468
vn 0.1361 0.4084 0.9026
vn 0.1682 0.1907 0.9671
vn 0.1783 0.2681 0.9468
vn 0.2485 0.0838 0.9650
vn 0.2631 -0.3938 0.8807
vn 0.1532 -0.8123 0.5627
vn 0.0946 -0.8067 0.5833
vn 0.1461 -0.8148 0.5610
vn 0.1247 -0.9099 0.3957
vn -0.1121 -0.8133 0.5709
vn 0.0812 0.9840 0.1584
vn 0.0392 0.6140 0.7883
vn -0.0040 0.2975 0.9547
vn 0.0454 0.7106 0.7022
vn 0.1149 0.8166 0.5656
vn 0.1211 0.4394 0.8901
vn 0.1113 0.1847 0.9765
vn 0.0945 0.2827 0.9545
vn 0.0471 0.0712 0.9964
vn 0.0205 -0.4153 0.9095
vn -0.0414 -0.8496 0.5258
vn -0.1642 -0.8255 0.5400
vn -0.1443 -0.7739 0.6167
vn -0.1262 -0.9241 0.3607
vn -0.1832 -0.8281 0.5299
vn -0.2385 0.9601 0.1458
vn -0.3721 0.5540 0.7447
vn -0.2777 0.3100 0.9093
vn -0.0772 0.7775 0.6242
vn -0.0271 0.8165 0.5768
vn -0.0959 0.4457 0.8900
vn -0.0583 0.2440 0.9680
vn -0.0738 0.2131 0.9742
vn -0.2018 0.0124 0.9793
vn -0.2680 -0.4262 0.8640
vn -0.2000 -0.8543 0.4798
vn -0.2159 -0.8293 0.5154
vn -0.4241 -0.7253 0.5424
vn -0.4858 -0.8197 0.3035
vn -0.1954 -0.7830 0.5905
vn -0.3731 0.9078 0.1916
vn -0.6084 0.4463 0.6563
vn -0.5579 0.3806 0.7375
vn -0.4578 0.7632 0.4560
vn -0.3248 0.8302 0.4531
vn -0.3399 0.5173 0.7854
vn -0.2556 0.3573 0.8983
vn -0.2219 0.1677 0.9605
vn -0.2917 -0.1060 0.9506
vn -0.3576 -0.4676 0.8084
vn -0.1968 -0.8481 0.4920
vn -0.1008 -0.8597 0.5008
vn -0.2320 -0.8522 0.4689
vn -0.2593 -0.8138 0.5200
vn 0.0451 -0.6436 0.7640
vn -0.2121 0.8995 0.3820
vn -0.4926 0.4367 0.7527
vn -0.3906 0.4058 0.8263
vn -0.2393 0.7336 0.6361
vn -0.1661 0.8448 0.5087
vn -0.4002 0.5357 0.7435
vn -0.4945 0.3813 0.7811
vn -0.5289 0.1871 0.8278
vn -0.5166 -0.1688 0.8394
vn -0.4589 -0.5350 0.7093
vn -0.3534 -0.8280 0.4353
vn -0.3610 -0.8708 0.3338
vn -0.2697 -0.8717 0.4092
vn -0.0324 -0.7248 0.6882
vn 0.1139 -0.6462 0.7546
vn -0.2087 0.9067 0.3664
vn -0.4399 0.5025 0.7443
vn -0.2361 0.4450 0.8638
vn 0.0527 0.6617 0.7480
vn -0.0507 0.7688 0.6375
vn -0.3839 0.4705 0.7945
vn -0.5492 0.3274 0.7688
vn -0.6339 0.1739 0.7536
vn -0.6937 -0.2073 0.6898
vn -0.6376 -0.5903 0.4950
vn -0.5042 -0.8412 0.1953
vn -0.5615 -0.8014 0.2060
vn -0.4613 -0.7364 0.4949
vn -0.1859 -0.6375 0.7477
vn -0.0110 -0.6925 0.7214
vn -0.2733 0.9140 0.2997
vn -0.3992 0.5740 0.7149
vn -0.2781 0.5273 0.8029
vn -0.2060 0.7102 0.6732
vn -0.3549 0.7786 0.5175
vn -0.6160 0.4573 0.6414
vn -0.6459 0.3045 0.7000
vn -0.7425 0.0423 0.6685
vn -0.7961 -0.3598 0.4866
vn -0.7162 -0.6631 0.2174
vn -0.5670 -0.8158 0.1141
vn -0.6035 -0.7158 0.3514
vn -0.5093 -0.6059 0.6111
vn -0.3331 -0.6457 0.6871
vn -0.1138 -0.7844 0.6097
vn -0.1542 0.8856 0.4380
vn -0.3196 0.6211 0.7156
vn -0.3747 0.5600 0.7390
vn -0.4835 0.6464 0.5903
vn -0.5912 0.7165 0.3703
vn -0.7853 0.5077 0.3543
vn -0.8809 0.3014 0.3649
vn -0.9431 -0.0506 0.3286
vn -0.8518 -0.4670 0.2374
vn -0.6852 -0.7103 0.1612
vn -0.5990 -0.7598 0.2528
vn -0.6496 -0.5941 0.4744
vn -0.5966 -0.5316 0.6012
vn -0.4451 -0.6504 0.6155
vn -0.2018 -0.8186 0.5377
vn -0.1146 0.9784 0.1721
vn -0.4191 0.7964 0.4359
vn -0.6250 0.6473 0.4362
vn -0.7701 0.5651 0.2961
vn -0.7776 0.6198 0.1058
vn -0.8761 0.4816 0.0240
vn -0.9564 0.2888 0.0432
vn -0.9851 0.0070 0.1716
vn -0.8527 -0.4512 0.2632
vn -0.6610 -0.7190 0.2147
vn -0.6868 -0.6742 0.2715
vn -0.7455 -0.5003 0.4404
vn -0.6528 -0.5050 0.5647
vn -0.4347 -0.6553 0.6177
vn -0.1495 -0.7915 0.5925
vn -0.1487 0.9881 0.0405
vn -0.5054 0.8624 0.0288
vn -0.7494 0.6607 -0.0435
vn -0.8676 0.4910 -0.0785
vn -0.8375 0.5313 -0.1276
vn -0.8738 0.4688 -0.1292
vn -0.9273 0.3729 -0.0316
vn -0.9893 0.1248 0.0751
vn -0.9054 -0.4044 0.1294
vn -0.6693 -0.7260 0.1580
vn -0.7506 -0.6349 0.1831
vn -0.8613 -0.4340 0.2640
vn -0.7632 -0.5488 0.3410
vn -0.5325 -0.7448 0.4022
vn -0.1786 -0.8485 0.4982
vn -0.2061 0.9651 0.1616
vn -0.5513 0.8288 -0.0959
vn -0.7507 0.6301 -0.1984
vn -0.8584 0.4737 -0.1970
vn -0.8405 0.5144 -0.1700
vn -0.8487 0.5118 -0.1330
vn -0.8946 0.4287 -0.1261
vn -0.9757 0.1419 -0.1669
vn -0.9356 -0.3335 -0.1159
vn -0.7511 -0.6554 0.0794
vn -0.7535 -0.6346 0.1716
vn -0.8821 -0.4659 0.0695
vn -0.7952 -0.6062 0.0115
vn -0.5729 -0.8164 0.0723
vn -0.1814 -0.9694 0.1652
vn -0.1180 0.9925 -0.0310
vn -0.5101 0.8299 -0.2259
vn -0.7114 0.6557 -0.2531
vn -0.8240 0.4939 -0.2775
vn -0.8057 0.5344 -0.2555
vn -0.8067 0.5341 -0.2530
vn -0.8601 0.4082 -0.3059
vn -0.9311 0.1556 -0.3298
vn -0.9546 -0.1986 -0.2221
vn -0.8428 -0.5369 -0.0380
vn -0.7384 -0.6707 0.0705
vn -0.8298 -0.5580 -0.0069
vn -0.7729 -0.6296 -0.0791
vn -0.5120 -0.8529 -0.1025
vn -0.0739 -0.9829 -0.1688
vn 0.1336 0.9072 -0.3988
vn -0.2956 0.8383 -0.4582
vn -0.5810 0.6966 -0.4210
vn -0.7487 0.5059 -0.4284
vn -0.7246 0.5065 -0.4673
vn -0.6738 0.5148 -0.5301
vn -0.7198 0.4074 -0.5621
vn -0.8088 0.2283 -0.5420
vn -0.8699 -0.0899 -0.4849
vn -0.7923 -0.5015 -0.3475
vn -0.7305 -0.6603 -0.1744
vn -0.8078 -0.5842 -0.0785
vn -0.7271 -0.6846 -0.0516
vn -0.3739 -0.9169 -0.1396
vn 0.0527 -0.9592 -0.2778
vn 0.1739 0.8803 -0.4415
vn -0.1309 0.8576 -0.4973
vn -0.4651 0.7835 -0.4120
vn -0.7224 0.5151 -0.4612
vn -0.7127 0.4189 -0.5626
vn -0.6237 0.4295 -0.6531
vn -0.5720 0.3974 -0.7175
vn -0.5871 0.2639 -0.7653
vn -0.6004 -0.0591 -0.7975
vn -0.5999 -0.4124 -0.6856
vn -0.6713 -0.5751 -0.4676
vn -0.6762 -0.6485 -0.3496
vn -0.4465 -0.8356 -0.3201
vn -0.1115 -0.9555 -0.2732
vn 0.1145 -0.9549 -0.2741
vn 0.1138 0.9254 -0.3614
vn -0.0202 0.9048 -0.4253
vn -0.3246 0.8862 -0.3306
vn -0.6249 0.5538 -0.5503
vn -0.6690 0.3678 -0.6459
vn -0.6446 0.3611 -0.6739
vn -0.6159 0.3626 -0.6994
vn -0.5989 0.2238 -0.7689
vn -0.5280 -0.1175 -0.8411
vn -0.4836 -0.2935 -0.8246
vn -0.5382 -0.4493 -0.7130
vn -0.4503 -0.7168 -0.5323
vn -0.1584 -0.8834 -0.4410
vn 0.0641 -0.9255 -0.3732
vn 0.0977 -0.9600 -0.2626
vn 0.2546 0.8708 -0.4205
vn 0.0855 0.9316 -0.3533
vn -0.1105 0.9344 -0.3386
vn -0.3567 0.6013 -0.7150
vn -0.4635 0.3981 -0.7916
vn -0.5267 0.3859 -0.7574
vn -0.5327 0.3363 -0.7766
vn -0.4812 0.1292 -0.8670
vn -0.4238 -0.1900 -0.8856
vn -0.3749 -0.2947 -0.8790
vn -0.2860 -0.4312 -0.8557
vn -0.1228 -0.7598 -0.6384
vn 0.0336 -0.9083 -0.4169
vn 0.0639 -0.9230 -0.3793
vn 0.0254 -0.9671 -0.2530
vn 0.4387 0.8153 -0.3779
vn 0.1353 0.9538 -0.2684
vn 0.0136 0.9408 -0.3388
vn -0.0848 0.6245 -0.7764
vn -0.1539 0.4539 -0.8777
vn -0.1923 0.4468 -0.8737
vn -0.1891 0.2971 -0.9359
vn -0.1707 0.0815 -0.9819
vn -0.2005 -0.1663 -0.9655
vn -0.1862 -0.3569 -0.9154
vn -0.0411 -0.5104 -0.8590
vn 0.1332 -0.7417 -0.6574
vn 0.1607 -0.8711 -0.4640
vn 0.0556 -0.9089 -0.4134
vn -0.0378 -0.9657 -0.2567
vn 0.6249 0.7388 -0.2521
vn 0.3499 0.9244 -0.1520
vn 0.0989 0.6574 -0.7471
vn 0.0430 0.4221 -0.9055
vn 0.0086 -0.4436 -0.8962
vn 0.1966 -0.7627 -0.6162
vn 0.1784 -0.8535 -0.4895
vn 0.1128 -0.8817 -0.4581
vn -0.0200 -0.9604 -0.2778
vt 0.665442 0.198163
vt 0.615605 0.775017
vt 0.638818 0.831003
vt 0.787187 0.262177
vt 0.728556 0.327850
vt 0.878356 0.326393
vt 0.831003 0.254176
vt 0.573081 0.243282
vt 0.585414 0.315417
vt 0.411520 0.407473
vt 0.407373 0.501779
vt 0.500586 0.501952
vt 0.501572 0.403915
vt 0.606317 0.593717
vt 0.581803 0.616464
vt 0.539273 0.550173
vt 0.554148 0.540058
vt 0.660872 0.738344
vt 0.614053 0.775708
vt 0.708015 0.845976
vt 0.619532 0.675700
vt 0.967103 0.501952
vt 0.590991 0.500276
vt 0.593715 0.403117
vt 0.581803 0.873526
vt 0.586131 0.708015
vt 0.549408 0.627636
vt 0.565184 0.566707
vt 0.579178 0.040298
vt 0.590665 0.632494
vt 0.614365 0.611248
vt 0.562595 0.816597
vt 0.739022 0.872921
vt 0.580761 0.466967
vt 0.587285 0.482235
vt 0.665453 0.466424
vt 0.658124 0.434446
vt 0.775017 0.192931
vt 0.560325 0.806521
vt 0.827914 0.821164
vt 0.752716 0.873040
vt 0.749888 0.868423
vt 0.827091 0.821351
vt 0.501855 0.560066
vt 0.521931 0.646400
vt 0.659100 0.902552
vt 0.566726 0.924619
vt 0.732455 0.843364
vt 0.667873 0.901214
vt 0.640274 0.748826
vt 0.700603 0.797250
vt 0.571374 0.869305
vt 0.673825 0.408758
vt 0.677056 0.500276
vt 0.499418 0.312109
vt 0.700161 0.695251
vt 0.650714 0.644902
vt 0.590343 0.714695
vt 0.545361 0.734989
vt 0.545679 0.739022
vt 0.497238 0.753496
vt 0.491524 0.902552
vt 0.582015 0.675613
vt 0.869305 0.756950
vt 0.498189 0.234762
vt 0.714695 0.138603
vt 0.650437 0.091085
vt 0.532637 0.663650
vt 0.545361 0.128479
vt 0.915516 0.408758
vt 0.749608 0.409918
vt 0.498872 0.841008
vt 0.679417 0.593386
vt 0.585588 0.587451
vt 0.497504 0.497761
vt 0.551632 0.579178
vt 0.482856 0.466666
vt 0.521286 0.556671
vt 0.498759 0.827615
vt 0.861582 0.751097
vt 0.564212 0.867237
vt 0.565713 0.526450
vt 0.497258 0.745503
vt 0.534960 0.586861
vt 0.680091 0.609564
vt 0.571374 0.756950
vt 0.497991 0.674694
vt 0.729407 0.653233
vt 0.707270 0.703038
vt 0.738100 0.272359
vt 0.804766 0.253902
vt 0.498515 0.667874
vt 0.516691 0.590670
vt 0.498375 0.589417
vt 0.409793 0.593142
vt 0.500586 0.967103
vt 0.498194 0.591361
vt 0.498515 0.074481
vt 0.969319 0.403117
vt 0.923319 0.500276
vt 0.806560 0.319287
vt 0.833522 0.406255
vt 0.665589 0.660151
vt 0.632286 0.692804
vt 0.665442 0.742426
vt 0.665589 0.144558
vt 0.499213 0.060965
vt 0.581640 0.083552
vt 0.587050 0.403016
vt 0.498415 0.398258
vt 0.635519 0.857768
vt 0.572022 0.506788
vt 0.886247 0.673976
vt 0.840317 0.721374
vt 0.782991 0.683223
vt 0.624237 0.729143
vt 0.713176 0.575316
vt 0.635519 0.532166
vt 0.765153 0.760317
vt 0.727748 0.771951
vt 0.868423 0.589540
vt 0.732455 0.670156
vt 0.798663 0.674804
vt 0.737675 0.316814
vt 0.804766 0.697929
vt 0.587675 0.104778
vt 0.660151 0.144558
vt 0.622695 0.151764
vt 0.768668 0.605294
vt 0.856520 0.641393
vt 0.742618 0.535361
vt 0.654525 0.502486
vt 0.827914 0.499810
vt 0.566718 0.249293
vt 0.781311 0.223402
vt 0.584903 0.535399
vt 0.576569 0.551959
vt 0.652275 0.102599
vt 0.668025 0.591763
vt 0.671045 0.500558
vt 0.757026 0.500326
vt 0.880882 0.748468
vt 0.738100 0.732361
vt 0.728556 0.836882
vt 0.896448 0.321913
vt 0.753453 0.406584
vt 0.917045 0.409274
vt 0.703868 0.167932
vt 0.304200 0.842349
vt 0.362900 0.842583
vt 0.754600 0.384198
vt 0.719425 0.344503
vt 0.667136 0.477708
vt 0.654525 0.879910
vt 0.579334 0.489619
vt 0.583193 0.470459
vt 0.432375 0.942521
vt 0.658549 0.413733
vt 0.667880 0.444889
vt 0.583193 0.451580
vt 0.893778 0.500326
vt 0.562480 0.741570
vt 0.818822 0.624237
vt 0.605294 0.797373
vt 0.811989 0.553189
vt 0.538250 0.161886
vt 0.768668 0.209781
vt 0.781311 0.545487
vt 0.572120 0.669034
vt 0.886247 0.653324
vt 0.818822 0.729143
vt 0.753956 0.482553
vt 0.774495 0.605294
vt 0.748468 0.592079
vt 0.721374 0.669006
vt 0.657836 0.321913
vt 0.580229 0.316444
vt 0.635734 0.104778
vt 0.664541 0.530648
vt 0.581614 0.590261
vt 0.653324 0.673976
vt 0.571566 0.418120
vt 0.493123 0.752690
vt 0.811989 0.818919
vt 0.492724 0.846331
vt 0.957601 0.492118
vt 0.973287 0.403515
vt 0.494096 0.398276
vt 0.761032 0.434419
vt 0.665869 0.409274
vt 0.587486 0.403515
vt 0.414383 0.245110
vt 0.816329 0.429105
vt 0.790754 0.481895
vt 0.492209 0.236503
vt 0.492906 0.595138
vt 0.492900 0.500450
vt 0.587284 0.500276
vt 0.343747 0.666925
vt 0.410027 0.680438
vt 0.414603 0.770780
vt 0.851628 0.347070
vt 0.426679 0.842152
vt 0.893610 0.414603
vt 0.404931 0.407440
vt 1.000830 0.492900
vt 0.978656 0.500596
vt 0.492018 0.676489
vt 0.466424 0.104278
vt 0.498895 0.099762
vt 0.737570 0.147306
vt 0.741447 0.444237
vt 0.589805 0.499107
vt 0.588635 0.517046
vt 0.737570 0.493122
vt 0.790754 0.225592
vt 0.406717 0.319715
vt 0.530648 0.098836
vt 0.669300 0.498895
vt 0.398662 0.597181
vt 0.884120 0.326715
vt 0.318613 0.408992
vt 0.429105 0.175580
vt 0.305271 0.162973
vt 0.361796 0.166908
vt 0.348286 0.251911
vt 0.287213 0.251531
vt 0.305467 0.499737
vt 0.397934 0.500596
vt 0.974749 0.597181
vt 0.323589 0.588264
vt 0.843450 0.492724
vt 0.843391 0.251911
vt 0.418531 0.447027
vt 0.431262 0.435930
vt 0.386660 0.132610
vt 0.362676 0.110998
vt 0.561106 0.406909
vt 0.628376 0.359659
vt 0.384544 0.931966
vt 0.826898 0.335633
vt 0.250040 0.412643
vt 0.647098 0.403044
vt 0.738585 0.393947
vt 0.718225 0.350332
vt 0.855556 0.585930
vt 0.826563 0.664468
vt 0.682851 0.883243
vt 0.662404 0.578873
vt 0.744223 0.587420
vt 0.725065 0.161691
vt 0.658417 0.658075
vt 0.873441 0.666925
vt 0.571225 0.453422
vt 0.801247 0.744942
vt 0.237911 0.499387
vt 0.920167 0.318613
vt 0.225961 0.246170
vt 0.778603 0.335185
vt 0.325084 0.938096
vt 0.570486 0.929012
vt 0.532459 0.390282
vt 0.386489 0.975199
vt 0.671359 0.246833
vt 0.730961 0.175075
vt 0.183381 0.250800
vt 0.178378 0.411145
vt 0.778603 0.213384
vt 0.600359 0.345600
vt 0.548394 0.396302
vt 0.851628 0.757088
vt 0.813250 0.842583
vt 0.745301 0.732499
vt 0.728855 0.823455
vt 0.424614 0.641912
vt 0.503978 0.645550
vt 0.507011 0.175357
vt 0.434594 0.707960
vt 0.644159 0.860633
vt 0.682851 0.317336
vt 0.628376 0.942142
vt 0.546864 0.430077
vt 0.560200 0.440111
vt 0.624083 0.381168
vt 0.595439 0.364592
vt 0.746359 0.498604
vt 0.174306 0.498508
vt 0.198846 0.583081
vt 0.601115 0.291872
vt 0.686441 0.117825
vt 0.793188 0.583081
vt 0.638451 0.154816
vt 0.768326 0.224837
vt 0.697343 0.727698
vt 0.675639 0.245038
vt 0.253617 0.316281
vt 0.172880 0.819101
vt 0.157422 0.403636
vt 0.244486 0.408299
vt 0.640202 0.161053
vt 0.728975 0.327241
vt 0.663538 0.319175
vt 0.620251 0.776167
vt 0.675639 0.802468
vt 0.531549 0.421958
vt 0.562351 0.357428
vt 0.644159 0.310211
vt 0.664014 0.409821
vt 0.749315 0.408809
vt 0.500941 0.317953
vt 0.495970 0.978839
vt 0.707886 0.250800
vt 0.213384 0.335185
vt 0.149698 0.327241
vt 0.730961 0.264332
vt 0.768326 0.657943
vt 0.639722 0.707904
vt 0.593251 0.163675
vt 0.614760 0.228321
vt 0.572457 0.261496
vt 0.585045 0.490816
vt 0.670265 0.496435
vt 0.583358 0.567691
vt 0.500941 0.948618
vt 0.508614 0.827272
vt 0.554672 0.830421
vt 0.463376 0.322011
vt 0.385189 0.978839
vt 0.476598 0.978924
vt 0.548072 0.270461
vt 0.530790 0.348764
vt 0.575917 0.191374
vt 0.567988 0.743634
vt 0.417567 0.087206
vt 0.600359 0.932814
vt 0.499213 0.317292
vt 0.499894 0.118740
vt 0.496247 0.101855
vt 0.498674 0.124064
vt 0.501985 0.215149
vt 0.560225 0.220109
vt 0.548072 0.159000
vt 0.228321 0.214615
vt 0.582648 0.135088
vt 0.575917 0.691292
vt 0.511839 0.261088
vt 0.328034 0.496215
vt 0.415514 0.083930
vt 0.420495 0.564616
vt 0.336602 0.575805
vt 0.601115 0.851771
vt 0.639722 0.193979
vt 0.638451 0.303819
vt 0.500239 0.265048
vt 0.135088 0.638417
vt 0.336483 0.323294
vt 0.416894 0.323362
vt 0.412128 0.404121
vt 0.333680 0.410763
vt 0.226629 0.796469
vt 0.266446 0.344975
vt 0.308875 0.837981
vt 0.273634 0.866561
vt 0.449214 0.257517
vt 0.458260 0.835354
vt 0.479043 0.420413
vt 0.495970 0.385189
vt 0.344769 0.915587
vt 0.457871 0.395334
vt 0.323300 0.810419
vt 0.664014 0.107852
vt 0.389023 0.227787
vt 0.449014 0.240608
vt 0.426932 0.133071
vt 0.361941 0.166576
vt 0.467386 0.353267
vt 0.085489 0.485878
vt 0.501553 0.569750
vt 0.500957 0.485878
vt 0.453753 0.276283
vt 0.405363 0.362648
vt 0.440462 0.404680
vt 0.279607 0.177176
vt 0.347724 0.645725
vt 0.186175 0.713535
vt 0.316381 0.246606
vt 0.381785 0.799769
vt 0.415676 0.810419
vt 0.476598 0.388629
vt 0.397027 0.278630
vt 0.426932 0.259296
vt 0.582648 0.638417
vt 0.347724 0.139930
vt 0.443123 0.377468
vt 0.276283 0.166043
vt 0.414415 0.302251
vt 0.340603 0.261041
vt 0.239242 0.227787
vt 0.304592 0.266984
vt 0.457871 0.975793
vt 0.342147 0.820707
vt 0.380142 0.897624
vt 0.414415 0.184954
vt 0.449014 0.255336
vt 0.248319 0.268360
vt 0.315748 0.309248
vt 0.514202 0.087206
vt 0.445451 0.426490
vt 0.423524 0.092293
vt 0.412809 0.147271
vt 0.273297 0.576128
vt 0.242930 0.500276
vt 0.108865 0.575805
vt 0.118740 0.251976
vt 0.267849 0.326870
vt 0.248234 0.409958
vt 0.382665 0.147271
vt 0.378816 0.322164
vt 0.445451 0.075660
vt 0.462169 0.092293
vt 0.312834 0.324423
vt 0.246740 0.251173
vt 0.311472 0.725683
vt 0.353759 0.350580
vt 0.216875 0.660408
vt 0.246740 0.728541
vt 0.402995 0.898144
vt 0.391639 0.464823
vt 0.314417 0.452759
vt 0.335466 0.916579
vt 0.399700 0.447120
vt 0.365558 0.186175
vt 0.358608 0.311472
vt 0.267849 0.147386
vt 0.198307 0.323069
vt 0.377468 0.162715
vt 0.353759 0.190694
vt 0.198208 0.582845
vt 0.279607 0.648327
vt 0.269758 0.332604
vt 0.192567 0.323069
vt 0.186914 0.411926
vt 0.243821 0.410430
vt 0.378809 0.183305
vt 0.351731 0.241715
vt 0.198307 0.192567
vt 0.259377 0.237403
vt 0.319463 0.291340
vt 0.214127 0.377232
vt 0.099753 0.226446
vt 0.188808 0.500276
vt 0.202997 0.582845
vt 0.145138 0.585514
vt 0.151950 0.673949
vt 0.218351 0.660408
vt 0.203320 0.736161
vt 0.405363 0.900522
vt 0.423902 0.415073
vt 0.358608 0.725683
vt 0.410451 0.429560
vt 0.254959 0.248319
vt 0.118030 0.409958
vt 0.110091 0.500276
vt 0.167150 0.355782
vt 0.203320 0.298620
vt 0.344975 0.774998
vt 0.223651 0.662732
vt 0.167075 0.714817
vt 0.689571 0.738325
vt 0.251441 0.740546
vt 0.346659 0.105233
vt 0.406239 0.110998
vt 0.411003 0.170381
vt 0.072555 0.592631
vt 0.110294 0.332172
vt 0.441734 0.894206
vt 0.164585 0.269758
vt 0.141778 0.344551
vt 0.409725 0.461625
vt 0.310803 0.500671
vt 0.099753 0.500276
vt 0.316541 0.592631
vt 0.392678 0.524776
vt 0.507974 0.980618
vt 0.186115 0.432485
vt 0.134914 0.420332
vt 0.209669 0.207006
vt 0.443458 0.227034
vt 0.432485 0.287849
vt 0.182523 0.500055
vt 0.404769 0.500714
vt 0.407024 0.588658
vt 0.102329 0.328531
vt 0.226446 0.500276
vt 0.141778 0.340127
vt 0.420332 0.349794
vt 0.344551 0.340127
vt 0.064504 0.407287
vt 0.266446 0.774998
vt 0.432726 0.811148
vt 0.394920 0.237403
vt 0.387545 0.976025
vt 0.098861 0.495376
vt 0.493974 0.411156
vt 0.493123 0.585042
vt 0.412642 0.672331
vt 0.493123 0.667894
vt 0.399381 0.496227
vt 0.402955 0.478418
vt 0.460189 0.081952
vt 0.493405 0.059235
vt 0.541170 0.879217
vt 0.492550 0.895760
vt 0.305695 0.488580
vt 0.307901 0.524977
vt 0.128322 0.589511
vt 0.660404 0.586644
vt 0.649084 0.670278
vt 0.167150 0.741878
vt 0.144575 0.422651
vt 0.328755 0.460189
vt 0.448848 0.150553
vt 0.258007 0.494463
vt 0.153258 0.493123
vt 0.422651 0.743395
vt 0.493178 0.814949
vt 0.493123 0.500276
vt 0.328531 0.415390
vt 0.186857 0.493178
vt 0.235903 0.492550
vt 0.494463 0.132975
vt 0.572364 0.283245
vt 0.098861 0.337865
vt 0.096551 0.575075
vt 0.362465 0.616973
vt 0.336918 0.591310
vt 0.401724 0.541157
vt 0.413463 0.551382
vt 0.220179 0.615404
vt 0.206278 0.554168
vt 0.159354 0.640571
vt 0.050968 0.583377
vt 0.575075 0.331062
vt 0.318976 0.951307
vt 0.500055 0.291961
vt 0.559669 0.730034
vt 0.553253 0.810717
vt 0.340931 0.874444
vt 0.275937 0.827554
vt 0.795022 0.744631
vt 0.355148 0.840085
vt 0.260034 0.590983
vt 0.560734 0.951307
vt 0.405303 0.534316
vt 0.399324 0.515331
vt 0.529172 0.052995
vt 0.564363 0.048335
vt 0.674919 0.500320
vt 0.586529 0.500956
vt 0.577176 0.586585
vt 0.280944 0.888570
vt 0.543666 0.118266
vt 0.249330 0.541170
vt 0.593331 0.112725
vt 0.569282 0.662909
vt 0.182621 0.624640
vt 0.612614 0.814720
vt 0.387545 0.488985
vt 0.386630 0.507974
vt 0.709435 0.244664
vt 0.665481 0.318914
vt 0.750056 0.308954
vt 0.583377 0.410979
vt 0.242015 0.811988
vt 0.270074 0.112725
vt 0.416112 0.550785
vt 0.326902 0.564363
vt 0.341980 0.597832
vt 0.766127 0.401999
vt 0.670115 0.409224
vt 0.392524 0.917655
vt 0.429068 0.563196
vt 0.115510 0.662909
vt 0.153258 0.733023
vt 0.641833 0.099477
vt 0.678134 0.170729
vt 0.213718 0.229116
vt 0.116023 0.750056
vt 0.823987 0.500317
vt 0.756400 0.499920
vt 0.794114 0.585284
vt 0.350683 0.709838
vt 0.314663 0.674191
vt 0.362465 0.932569
vt 0.425167 0.901098
vt 0.447905 0.958495
vt 0.300002 0.692007
vt 0.365514 0.624755
vt 0.251441 0.735879
vt 0.664697 0.811988
vt 0.719216 0.822178
vt 0.429474 0.564559
vt 0.524977 0.952322
vt 0.272443 0.836012
vt 0.444946 0.575438
vt 0.394727 0.645922
vt 0.300294 0.790826
vt 0.738522 0.151278
vt 0.300002 0.077103
vt 0.768336 0.662732
vt 0.297141 0.744631
vt 0.311102 0.840265
vt 0.393413 0.741120
vt 0.425167 0.645422
vt 0.280944 0.636904
vt 0.347125 0.715432
vt 0.300294 0.140249
vt 0.740546 0.735879
vt 0.359476 0.134174
vt 0.338941 0.219460
vt 0.461516 0.584101
vt 0.445767 0.890980
vt 0.457336 0.655281
vt 0.167937 0.500317
vt 0.413463 0.966991
vt 0.421024 0.231814
vt 0.431738 0.154207
vt 0.429145 0.656279
vt 0.244277 0.500061
vt 0.269300 0.578938
vt 0.327611 0.589934
vt 0.312345 0.501521
vt 0.330625 0.315737
vt 0.316515 0.405345
vt 0.479575 0.589151
vt 0.463656 0.667297
vt 0.570442 0.958495
vt 0.715432 0.098304
vt 0.395000 0.741768
vt 0.491524 0.659100
vt 0.467282 0.946374
vt 0.424053 0.756479
vt 0.355148 0.752901
vt 0.367759 0.844857
vt 0.432068 0.844219
vt 0.747291 0.119738
vt 0.414710 0.680077
vt 0.445767 0.750273
vt 0.359476 0.829634
vt 0.827554 0.667663
vt 0.412975 0.312443
vt 0.409793 0.945690
vt 0.340931 0.672411
vt 0.498536 0.751097
vt 0.949710 0.407473
vt 0.572643 0.946374
vt 0.467282 0.572643
vt 0.447905 0.570442
vt 0.444005 0.747291
vt 0.431738 0.830586
vt 0.444005 0.119738
vt 0.841732 0.578938
vt 0.752716 0.500276
vt 0.615605 0.192931
vt 0.224837 0.657943
vt 0.956281 0.500276
vt 0.645415 0.771951
s 1
f 1594/2018/1594 1579/2019/1579 1578/2020/1578 1593/2021/1593
f 1592/2022/1592 1593/2021/1593 1578/2020/1578 1577/2023/1577
f 1578/2024/1578 1563/2025/1563 1562/2026/1562 1577/2023/1577
f 2011/2027/2011 2010/2028/2010 1549/2029/1549 1550/2030/1550
f 1599/2031/1599 1584/2032/1584 1583/2033/1583 1598/2034/1598
f 1586/2035/1586 1571/2036/1571 1570/2037/1570 1585/2038/1585
f 1550/2030/1550 1549/2039/1549 1560/2040/1560 1561/2041/1561
f 1584/2042/1584 1585/2038/1585 1570/2043/1570 1569/2044/1569
f 1612/2045/1612 1597/2046/1597 1596/2047/1596 1611/2048/1611
f 1571/2036/1571 1556/2049/1556 1555/2050/1555 1570/2037/1570
f 1702/2051/1702 1687/2052/1687 1686/2053/1686 1701/2054/1701
f 1579/2055/1579 1564/2056/1564 1563/2025/1563 1578/2024/1578
f 1605/2057/1605 1590/2058/1590 1589/2059/1589 1604/2060/1604
f 1553/2061/1553 1554/2062/1554 2019/2063/2019 2018/2064/2018
f 1588/2065/1588 1573/2066/1573 1572/2067/1572 1587/2068/1587
f 1572/2067/1572 1557/2069/1557 1556/2049/1556 1571/2036/1571
f 1576/2070/1576 1561/2041/1561 1560/2040/1560 1575/2071/1575
f 1561/2041/1561 1562/2026/1562 2022/2072/2022 1550/2030/1550
f 1601/2073/1601 1586/2035/1586 1585/2038/1585 1600/2074/1600
f 1580/2075/1580 1565/2076/1565 1564/2056/1564 1579/2055/1579
f 1554/2062/1554 1555/2077/1555 1546/2078/1546 2019/2079/2019
f 1573/2066/1573 1558/2080/1558 1557/2081/1557 1572/2067/1572
f 1562/2026/1562 1563/2025/1563 1551/2082/1551 2022/2072/2022
f 1580/2083/1580 1581/2084/1581 1566/2085/1566 1565/2086/1565
f 1592/2022/1592 1577/2023/1577 1576/2087/1576 1591/2088/1591
f 1555/2077/1555 1556/2049/1556 2020/2089/2020 1546/2078/1546
f 1573/2066/1573 1574/2090/1574 1559/2091/1559 1558/2080/1558
f 1612/2045/1612 1552/2092/1552 1597/2093/1597
f 1545/2094/1545 1583/2033/1583 1568/2095/1568
f 1563/2025/1563 1564/2056/1564 2023/2096/2023 1551/2082/1551
f 1556/2049/1556 1557/2069/1557 1547/2097/1547 2020/2089/2020
f 1614/2098/1614 1599/2031/1599 1598/2034/1598 1613/2099/1613
f 1564/2056/1564 1565/2076/1565 2024/2100/2024 2023/2096/2023
f 1597/2093/1597 1582/2101/1582 1581/2084/1581 1596/2047/1596
f 1615/2102/1615 1600/2074/1600 1599/2031/1599 1614/2098/1614
f 1557/2103/1557 1558/2080/1558 2021/2104/2021 1547/2097/1547
f 1624/2105/1624 1609/2106/1609 1608/2107/1608 1623/2108/1623
f 1565/2076/1565 1566/2085/1566 2025/2109/2025 2024/2100/2024
f 1582/2101/1582 1567/2110/1567 1566/2085/1566 1581/2084/1581
f 1558/2080/1558 1559/2091/1559 1548/2111/1548 2021/2104/2021
f 2010/2028/2010 2009/2112/2009 1548/2111/1548 1549/2113/1549
f 1566/2085/1566 1567/2110/1567 2026/2114/2026 2025/2115/2025
f 1549/2029/1549 1548/2111/1548 1559/2091/1559 1560/2040/1560
f 1577/2023/1577 1562/2026/1562 1561/2116/1561 1576/2070/1576
f 1591/2088/1591 1576/2070/1576 1575/2117/1575 1590/2058/1590
f 1607/2118/1607 1592/2022/1592 1591/2088/1591 1606/2119/1606
f 1610/2120/1610 1595/2121/1595 1594/2122/1594 1609/2106/1609
f 1611/2048/1611 1596/2047/1596 1595/2121/1595 1610/2123/1610
f 1787/2124/1787 1772/2125/1772 1771/2126/1771 1786/2127/1786
f 1629/2128/1629 1614/2098/1614 1613/2099/1613 1628/2129/1628
f 1633/2130/1633 1618/2131/1618 1617/2132/1617 1632/2133/1632
f 1582/2101/1582 1552/2092/1552 1567/2110/1567
f 1630/2134/1630 1615/2102/1615 1614/2098/1614 1629/2135/1629
f 1602/2136/1602 1587/2068/1587 1586/2035/1586 1601/2073/1601
f 1545/2094/1545 1598/2034/1598 1583/2033/1583
f 1615/2102/1615 1616/2137/1616 1601/2073/1601 1600/2074/1600
f 1609/2106/1609 1594/2018/1594 1593/2021/1593 1608/2107/1608
f 1596/2047/1596 1581/2084/1581 1580/2083/1580 1595/2121/1595
f 1589/2138/1589 1574/2090/1574 1573/2066/1573 1588/2139/1588
f 1618/2131/1618 1603/2140/1603 1602/2136/1602 1617/2132/1617
f 1622/2141/1622 1623/2142/1623 1608/2107/1608 1607/2118/1607
f 1626/2143/1626 1611/2048/1611 1610/2144/1610 1625/2145/1625
f 1639/2146/1639 1624/2105/1624 1623/2108/1623 1638/2147/1638
f 1545/2094/1545 1613/2099/1613 1598/2034/1598
f 1645/2148/1645 1630/2134/1630 1629/2128/1629 1644/2149/1644
f 1606/2119/1606 1591/2088/1591 1590/2058/1590 1605/2150/1605
f 1625/2145/1625 1610/2120/1610 1609/2106/1609 1624/2105/1624
f 1653/2151/1653 1654/2152/1654 1639/2146/1639 1638/2147/1638
f 1597/2093/1597 1552/2092/1552 1582/2101/1582
f 1642/2153/1642 1627/2154/1627 1626/2143/1626 1641/2155/1641
f 1634/2156/1634 1635/2157/1635 1620/2158/1620 1619/2159/1619
f 1642/2153/1642 1552/2092/1552 1627/2154/1627
f 1600/2074/1600 1585/2038/1585 1584/2042/1584 1599/2031/1599
f 1608/2160/1608 1593/2021/1593 1592/2161/1592 1607/2118/1607
f 1637/2162/1637 1622/2141/1622 1621/2163/1621 1636/2164/1636
f 1641/2155/1641 1626/2143/1626 1625/2145/1625 1640/2165/1640
f 1706/2166/1706 1691/2167/1691 1690/2168/1690 1705/2169/1705
f 1659/2170/1659 1644/2171/1644 1643/2172/1643 1658/2173/1658
f 1688/2174/1688 1689/2175/1689 1674/2176/1674 1673/2177/1673
f 1545/2094/1545 1628/2129/1628 1613/2099/1613
f 1621/2163/1621 1606/2119/1606 1605/2150/1605 1620/2178/1620
f 1647/2179/1647 1632/2180/1632 1631/2181/1631 1646/2182/1646
f 1655/2183/1655 1640/2165/1640 1639/2184/1639 1654/2185/1654
f 1648/2186/1648 1633/2187/1633 1632/2188/1632 1647/2179/1647
f 1660/2189/1660 1645/2148/1645 1644/2171/1644 1659/2170/1659
f 1640/2165/1640 1625/2145/1625 1624/2105/1624 1639/2146/1639
f 1645/2148/1645 1646/2182/1646 1631/2190/1631 1630/2134/1630
f 1632/2133/1632 1617/2132/1617 1616/2137/1616 1631/2181/1631
f 1619/2191/1619 1604/2060/1604 1603/2140/1603 1618/2192/1618
f 1653/2151/1653 1638/2147/1638 1637/2193/1637 1652/2194/1652
f 1627/2154/1627 1612/2045/1612 1611/2048/1611 1626/2195/1626
f 1656/2196/1656 1641/2155/1641 1640/2165/1640 1655/2183/1655
f 1649/2197/1649 1634/2156/1634 1633/2198/1633 1648/2186/1648
f 1545/2094/1545 1703/2199/1703 1688/2174/1688
f 1662/2200/1662 1647/2179/1647 1646/2201/1646 1661/2202/1661
f 1667/2203/1667 1652/2194/1652 1651/2204/1651 1666/2205/1666
f 1675/2206/1675 1660/2189/1660 1659/2170/1659 1674/2176/1674
f 1636/2164/1636 1621/2163/1621 1620/2158/1620 1635/2157/1635
f 1652/2194/1652 1637/2193/1637 1636/2207/1636 1651/2208/1651
f 1683/2209/1683 1684/2210/1684 1669/2211/1669 1668/2212/1668
f 1627/2154/1627 1552/2092/1552 1612/2045/1612
f 1664/2213/1664 1665/2214/1665 1650/2215/1650 1649/2197/1649
f 1693/2216/1693 1678/2217/1678 1677/2218/1677 1692/2219/1692
f 1644/2171/1644 1629/2128/1629 1628/2129/1628 1643/2172/1643
f 1545/2094/1545 1643/2172/1643 1628/2129/1628
f 1638/2147/1638 1623/2108/1623 1622/2141/1622 1637/2193/1637
f 1631/2190/1631 1616/2137/1616 1615/2102/1615 1630/2134/1630
f 1668/2212/1668 1653/2151/1653 1652/2194/1652 1667/2203/1667
f 1545/2094/1545 1688/2174/1688 1673/2177/1673
f 1651/2208/1651 1636/2207/1636 1635/2157/1635 1650/2215/1650
f 1676/2220/1676 1677/2221/1677 1662/2200/1662 1661/2202/1661
f 1681/2222/1681 1666/2205/1666 1665/2223/1665 1680/2224/1680
f 1678/2217/1678 1663/2225/1663 1662/2200/1662 1677/2218/1677
f 1686/2226/1686 1671/2227/1671 1670/2228/1670 1685/2229/1685
f 1690/2168/1690 1675/2206/1675 1674/2176/1674 1689/2175/1689
f 1663/2225/1663 1648/2186/1648 1647/2179/1647 1662/2200/1662
f 1672/2230/1672 1552/2092/1552 1657/2231/1657
f 1670/2232/1670 1655/2183/1655 1654/2185/1654 1669/2233/1669
f 1683/2209/1683 1668/2212/1668 1667/2203/1667 1682/2234/1682
f 1657/2231/1657 1642/2153/1642 1641/2155/1641 1656/2235/1656
f 1671/2236/1671 1656/2196/1656 1655/2183/1655 1670/2232/1670
f 1650/2215/1650 1635/2157/1635 1634/2156/1634 1649/2197/1649
f 1679/2237/1679 1664/2213/1664 1663/2225/1663 1678/2217/1678
f 1687/2052/1687 1672/2230/1672 1671/2227/1671 1686/2053/1686
f 1545/2094/1545 1658/2173/1658 1643/2172/1643
f 1697/2238/1697 1682/2234/1682 1681/2222/1681 1696/2239/1696
f 1666/2205/1666 1651/2208/1651 1650/2215/1650 1665/2223/1665
f 1685/2229/1685 1670/2232/1670 1669/2233/1669 1684/2240/1684
f 1682/2234/1682 1667/2203/1667 1666/2205/1666 1681/2222/1681
f 1714/2241/1714 1699/2242/1699 1698/2243/1698 1713/2244/1713
f 1657/2231/1657 1552/2092/1552 1642/2153/1642
f 1695/2245/1695 1680/2246/1680 1679/2247/1679 1694/2248/1694
f 1545/2094/1545 1673/2177/1673 1658/2173/1658
f 1674/2176/1674 1659/2170/1659 1658/2173/1658 1673/2177/1673
f 1661/2249/1661 1646/2201/1646 1645/2148/1645 1660/2189/1660
f 1669/2211/1669 1654/2185/1654 1653/2151/1653 1668/2212/1668
f 1698/2250/1698 1683/2209/1683 1682/2234/1682 1697/2238/1697
f 1691/2167/1691 1676/2220/1676 1675/2206/1675 1690/2168/1690
f 1867/2251/1867 1852/2252/1852 1851/2253/1851 1866/2254/1866
f 1718/2255/1718 1719/2256/1719 1704/2257/1704 1703/2199/1703
f 1712/2258/1712 1697/2238/1697 1696/2239/1696 1711/2259/1711
f 1716/2260/1716 1701/2054/1701 1700/2261/1700 1715/2262/1715
f 1709/2263/1709 1694/2248/1694 1693/2216/1693 1708/2264/1708
f 1720/2265/1720 1705/2169/1705 1704/2257/1704 1719/2256/1719
f 1701/2054/1701 1686/2053/1686 1685/2229/1685 1700/2261/1700
f 1754/2266/1754 1739/2267/1739 1738/2268/1738 1753/2269/1753
f 1700/2261/1700 1685/2229/1685 1684/2240/1684 1699/2242/1699
f 1680/2246/1680 1665/2214/1665 1664/2213/1664 1679/2237/1679
f 1694/2248/1694 1679/2237/1679 1678/2217/1678 1693/2270/1693
f 1717/2271/1717 1702/2051/1702 1701/2054/1701 1716/2260/1716
f 1707/2272/1707 1692/2219/1692 1691/2167/1691 1706/2166/1706
f 1710/2273/1710 1695/2245/1695 1694/2248/1694 1709/2263/1709
f 1695/2245/1695 1696/2239/1696 1681/2222/1681 1680/2246/1680
f 1714/2241/1714 1715/2262/1715 1700/2261/1700 1699/2242/1699
f 1711/2259/1711 1696/2274/1696 1695/2245/1695 1710/2273/1710
f 1728/2275/1728 1713/2244/1713 1712/2258/1712 1727/2276/1727
f 1764/2277/1764 1749/2278/1749 1748/2279/1748 1763/2280/1763
f 1744/2281/1744 1729/2282/1729 1728/2275/1728 1743/2283/1743
f 1687/2052/1687 1552/2092/1552 1672/2230/1672
f 1713/2244/1713 1698/2243/1698 1697/2238/1697 1712/2258/1712
f 1705/2169/1705 1690/2168/1690 1689/2175/1689 1704/2257/1704
f 1726/2284/1726 1727/2285/1727 1712/2258/1712 1711/2259/1711
f 1699/2242/1699 1684/2240/1684 1683/2209/1683 1698/2250/1698
f 1749/2278/1749 1734/2286/1734 1733/2287/1733 1748/2279/1748
f 1692/2288/1692 1677/2221/1677 1676/2220/1676 1691/2289/1691
f 1729/2282/1729 1714/2241/1714 1713/2244/1713 1728/2275/1728
f 1722/2290/1722 1707/2272/1707 1706/2166/1706 1721/2291/1721
f 1798/2292/1798 1783/2293/1783 1782/2294/1782 1797/2295/1797
f 1735/2296/1735 1720/2297/1720 1719/2298/1719 1734/2286/1734
f 1747/2299/1747 1732/2300/1732 1731/2301/1731 1746/2302/1746
f 1740/2303/1740 1725/2304/1725 1724/2305/1724 1739/2267/1739
f 1749/2278/1749 1750/2306/1750 1735/2296/1735 1734/2286/1734
f 1732/2300/1732 1717/2271/1717 1716/2260/1716 1731/2301/1731
f 1731/2301/1731 1716/2260/1716 1715/2262/1715 1730/2307/1730
f 1725/2304/1725 1710/2273/1710 1709/2263/1709 1724/2308/1724
f 1721/2291/1721 1706/2166/1706 1705/2169/1705 1720/2265/1720
f 1745/2309/1745 1746/2302/1746 1731/2301/1731 1730/2307/1730
f 1724/2305/1724 1709/2263/1709 1708/2264/1708 1723/2310/1723
f 1702/2051/1702 1552/2092/1552 1687/2052/1687
f 1737/2311/1737 1722/2290/1722 1721/2291/1721 1736/2312/1736
f 1704/2257/1704 1689/2175/1689 1688/2174/1688 1703/2199/1703
f 1545/2094/1545 1718/2255/1718 1703/2199/1703
f 1982/2313/1982 1967/2314/1967 1966/2315/1966 1981/2316/1981
f 1758/2317/1758 1743/2283/1743 1742/2318/1742 1757/2319/1757
f 1726/2284/1726 1711/2259/1711 1710/2273/1710 1725/2304/1725
f 1751/2320/1751 1736/2321/1736 1735/2296/1735 1750/2306/1750
f 1745/2309/1745 1730/2307/1730 1729/2282/1729 1744/2281/1744
f 1739/2267/1739 1724/2305/1724 1723/2310/1723 1738/2268/1738
f 1762/2322/1762 1747/2299/1747 1746/2302/1746 1761/2323/1761
f 1717/2271/1717 1552/2092/1552 1702/2051/1702
f 1736/2321/1736 1721/2291/1721 1720/2297/1720 1735/2324/1735
f 1756/2325/1756 1757/2319/1757 1742/2318/1742 1741/2326/1741
f 1779/2327/1779 1764/2277/1764 1763/2280/1763 1778/2328/1778
f 1743/2329/1743 1728/2275/1728 1727/2330/1727 1742/2331/1742
f 1730/2307/1730 1715/2262/1715 1714/2241/1714 1729/2332/1729
f 1723/2333/1723 1708/2264/1708 1707/2272/1707 1722/2290/1722
f 1752/2334/1752 1737/2311/1737 1736/2312/1736 1751/2320/1751
f 1760/2335/1760 1745/2309/1745 1744/2281/1744 1759/2336/1759
f 1773/2337/1773 1758/2317/1758 1757/2319/1757 1772/2125/1772
f 1770/2338/1770 1755/2339/1755 1754/2266/1754 1769/2340/1769
f 1779/2341/1779 1780/2342/1780 1765/2343/1765 1764/2277/1764
f 1755/2339/1755 1740/2303/1740 1739/2267/1739 1754/2266/1754
f 1741/2326/1741 1726/2284/1726 1725/2304/1725 1740/2303/1740
f 1794/2344/1794 1779/2327/1779 1778/2345/1778 1793/2346/1793
f 1775/2347/1775 1776/2348/1776 1761/2323/1761 1760/2335/1760
f 1732/2300/1732 1552/2092/1552 1717/2271/1717
f 1767/2349/1767 1752/2334/1752 1751/2320/1751 1766/2350/1766
f 1777/2351/1777 1762/2322/1762 1761/2323/1761 1776/2348/1776
f 1734/2352/1734 1719/2256/1719 1718/2255/1718 1733/2287/1733
f 1742/2331/1742 1727/2285/1727 1726/2284/1726 1741/2326/1741
f 1545/2094/1545 1748/2279/1748 1733/2287/1733
f 1787/2353/1787 1788/2354/1788 1773/2337/1773 1772/2125/1772
f 1756/2325/1756 1741/2326/1741 1740/2303/1740 1755/2339/1755
f 1792/2355/1792 1777/2351/1777 1776/2348/1776 1791/2356/1791
f 1789/2357/1789 1774/2358/1774 1773/2337/1773 1788/2354/1788
f 1775/2359/1775 1760/2335/1760 1759/2360/1759 1774/2358/1774
f 1768/2361/1768 1769/2340/1769 1754/2266/1754 1753/2269/1753
f 1782/2294/1782 1767/2362/1767 1766/2350/1766 1781/2363/1781
f 1747/2299/1747 1552/2092/1552 1732/2300/1732
f 1815/2364/1815 1800/2365/1800 1799/2366/1799 1814/2367/1814
f 1774/2358/1774 1759/2336/1759 1758/2317/1758 1773/2337/1773
f 1766/2350/1766 1751/2320/1751 1750/2368/1750 1765/2343/1765
f 1781/2363/1781 1766/2350/1766 1765/2343/1765 1780/2342/1780
f 1753/2269/1753 1738/2268/1738 1737/2311/1737 1752/2369/1752
f 1761/2323/1761 1746/2302/1746 1745/2370/1745 1760/2335/1760
f 1790/2371/1790 1775/2359/1775 1774/2358/1774 1789/2357/1789
f 1783/2293/1783 1768/2372/1768 1767/2362/1767 1782/2294/1782
f 1817/2373/1817 1802/2374/1802 1801/2375/1801 1816/2376/1816
f 1871/2377/1871 1856/2378/1856 1855/2379/1855 1870/2380/1870
f 1796/2381/1796 1781/2363/1781 1780/2342/1780 1795/2382/1795
f 1807/2383/1807 1552/2092/1552 1792/2355/1792
f 1545/2094/1545 1778/2384/1778 1763/2280/1763
f 1809/2385/1809 1794/2344/1794 1793/2346/1793 1808/2386/1808
f 1810/2387/1810 1795/2382/1795 1794/2344/1794 1809/2385/1809
f 1771/2126/1771 1756/2388/1756 1755/2339/1755 1770/2338/1770
f 1545/2094/1545 1763/2280/1763 1748/2279/1748
f 1819/2389/1819 1804/2390/1804 1803/2391/1803 1818/2392/1818
f 1762/2322/1762 1552/2092/1552 1747/2299/1747
f 1807/2383/1807 1792/2355/1792 1791/2356/1791 1806/2393/1806
f 1785/2394/1785 1770/2338/1770 1769/2340/1769 1784/2395/1784
f 1800/2365/1800 1785/2396/1785 1784/2395/1784 1799/2366/1799
f 1772/2125/1772 1757/2319/1757 1756/2325/1756 1771/2126/1771
f 1765/2343/1765 1750/2306/1750 1749/2278/1749 1764/2277/1764
f 1786/2127/1786 1771/2126/1771 1770/2338/1770 1785/2394/1785
f 1802/2374/1802 1787/2124/1787 1786/2127/1786 1801/2375/1801
f 1805/2397/1805 1790/2371/1790 1789/2357/1789 1804/2390/1804
f 1806/2393/1806 1791/2356/1791 1790/2371/1790 1805/2397/1805
f 1824/2398/1824 1809/2385/1809 1808/2386/1808 1823/2399/1823
f 1828/2400/1828 1813/2401/1813 1812/2402/1812 1827/2403/1827
f 1777/2351/1777 1552/2092/1552 1762/2322/1762
f 1825/2404/1825 1810/2405/1810 1809/2385/1809 1824/2398/1824
f 1797/2295/1797 1782/2294/1782 1781/2363/1781 1796/2381/1796
f 1545/2094/1545 1793/2406/1793 1778/2345/1778
f 1810/2387/1810 1811/2407/1811 1796/2381/1796 1795/2382/1795
f 1804/2390/1804 1789/2357/1789 1788/2354/1788 1803/2408/1803
f 1791/2356/1791 1776/2348/1776 1775/2347/1775 1790/2371/1790
f 1784/2395/1784 1769/2340/1769 1768/2409/1768 1783/2293/1783
f 1813/2410/1813 1798/2292/1798 1797/2295/1797 1812/2402/1812
f 1817/2373/1817 1818/2392/1818 1803/2391/1803 1802/2374/1802
f 1821/2411/1821 1806/2393/1806 1805/2412/1805 1820/2413/1820
f 1834/2414/1834 1819/2415/1819 1818/2392/1818 1833/2416/1833
f 1545/2094/1545 1808/2417/1808 1793/2406/1793
f 1840/2418/1840 1825/2404/1825 1824/2398/1824 1839/2419/1839
f 1801/2375/1801 1786/2127/1786 1785/2396/1785 1800/2365/1800
f 1820/2420/1820 1805/2397/1805 1804/2421/1804 1819/2389/1819
f 1848/2422/1848 1849/2423/1849 1834/2414/1834 1833/2416/1833
f 1792/2355/1792 1552/2092/1552 1777/2424/1777
f 1837/2425/1837 1822/2426/1822 1821/2411/1821 1836/2427/1836
f 1829/2428/1829 1830/2429/1830 1815/2364/1815 1814/2430/1814
f 1795/2382/1795 1780/2342/1780 1779/2341/1779 1794/2344/1794
f 1803/2391/1803 1788/2431/1788 1787/2124/1787 1802/2374/1802
f 1832/2432/1832 1817/2373/1817 1816/2376/1816 1831/2433/1831
f 1836/2434/1836 1821/2411/1821 1820/2413/1820 1835/2435/1835
f 1837/2436/1837 1552/2092/1552 1822/2437/1822
f 1816/2376/1816 1801/2375/1801 1800/2365/1800 1815/2364/1815
f 1841/2438/1841 1842/2439/1842 1827/2403/1827 1826/2440/1826
f 1850/2441/1850 1835/2435/1835 1834/2414/1834 1849/2423/1849
f 1843/2442/1843 1828/2400/1828 1827/2403/1827 1842/2443/1842
f 1855/2379/1855 1840/2418/1840 1839/2419/1839 1854/2444/1854
f 1835/2435/1835 1820/2420/1820 1819/2415/1819 1834/2414/1834
f 1883/2445/1883 1884/2446/1884 1869/2447/1869 1868/2448/1868
f 1841/2438/1841 1826/2440/1826 1825/2404/1825 1840/2418/1840
f 1827/2403/1827 1812/2449/1812 1811/2407/1811 1826/2450/1826
f 1814/2367/1814 1799/2366/1799 1798/2292/1798 1813/2401/1813
f 1848/2422/1848 1833/2416/1833 1832/2451/1832 1847/2452/1847
f 1822/2426/1822 1807/2383/1807 1806/2393/1806 1821/2453/1821
f 1851/2253/1851 1836/2434/1836 1835/2435/1835 1850/2454/1850
f 1844/2455/1844 1829/2428/1829 1828/2456/1828 1843/2442/1843
f 1545/2094/1545 1823/2399/1823 1808/2417/1808
f 1862/2457/1862 1847/2458/1847 1846/2459/1846 1861/2460/1861
f 1831/2433/1831 1816/2376/1816 1815/2364/1815 1830/2429/1830
f 1865/2461/1865 1850/2441/1850 1849/2423/1849 1864/2462/1864
f 1847/2463/1847 1832/2432/1832 1831/2433/1831 1846/2459/1846
f 1879/2464/1879 1864/2462/1864 1863/2465/1863 1878/2466/1878
f 1822/2426/1822 1552/2092/1552 1807/2383/1807
f 1860/2467/1860 1845/2468/1845 1844/2469/1844 1859/2470/1859
f 1858/2471/1858 1843/2472/1843 1842/2443/1842 1857/2473/1857
f 1870/2380/1870 1855/2379/1855 1854/2444/1854 1869/2447/1869
f 1839/2419/1839 1824/2474/1824 1823/2399/1823 1838/2475/1838
f 1545/2094/1545 1838/2475/1838 1823/2399/1823
f 1833/2416/1833 1818/2392/1818 1817/2373/1817 1832/2451/1832
f 1826/2476/1826 1811/2407/1811 1810/2405/1810 1825/2404/1825
f 1854/2444/1854 1839/2419/1839 1838/2475/1838 1853/2477/1853
f 1863/2465/1863 1848/2478/1848 1847/2452/1847 1862/2457/1862
f 1846/2459/1846 1831/2479/1831 1830/2480/1830 1845/2468/1845
f 1871/2377/1871 1872/2481/1872 1857/2482/1857 1856/2483/1856
f 1856/2378/1856 1841/2438/1841 1840/2418/1840 1855/2379/1855
f 1963/2484/1963 1948/2485/1948 1947/2486/1947 1962/2487/1962
f 1869/2447/1869 1854/2444/1854 1853/2477/1853 1868/2448/1868
f 1867/2251/1867 1552/2092/1552 1852/2252/1852
f 1881/2488/1881 1866/2489/1866 1865/2461/1865 1880/2490/1880
f 1874/2491/1874 1859/2470/1859 1858/2471/1858 1873/2492/1873
f 1885/2493/1885 1870/2380/1870 1869/2447/1869 1884/2446/1884
f 1866/2489/1866 1851/2253/1851 1850/2454/1850 1865/2461/1865
f 1878/2466/1878 1863/2465/1863 1862/2494/1862 1877/2495/1877
f 1852/2252/1852 1837/2425/1837 1836/2427/1836 1851/2253/1851
f 1845/2468/1845 1830/2480/1830 1829/2428/1829 1844/2455/1844
f 1882/2496/1882 1867/2251/1867 1866/2489/1866 1881/2488/1881
f 1875/2497/1875 1860/2498/1860 1859/2470/1859 1874/2499/1874
f 1545/2094/1545 1928/2500/1928 1913/2501/1913
f 1545/2094/1545 1853/2477/1853 1838/2475/1838
f 1893/2502/1893 1878/2466/1878 1877/2495/1877 1892/2503/1892
f 1860/2498/1860 1861/2460/1861 1846/2459/1846 1845/2468/1845
f 1879/2464/1879 1880/2490/1880 1865/2461/1865 1864/2462/1864
f 1909/2504/1909 1894/2505/1894 1893/2506/1893 1908/2507/1908
f 1852/2252/1852 1552/2092/1552 1837/2436/1837
f 1890/2508/1890 1875/2497/1875 1874/2499/1874 1889/2509/1889
f 1876/2510/1876 1861/2460/1861 1860/2511/1860 1875/2497/1875
f 1545/2094/1545 1868/2448/1868 1853/2477/1853
f 1877/2512/1877 1862/2494/1862 1861/2460/1861 1876/2510/1876
f 1892/2513/1892 1877/2514/1877 1876/2510/1876 1891/2515/1891
f 1864/2462/1864 1849/2423/1849 1848/2422/1848 1863/2465/1863
f 1857/2473/1857 1842/2439/1842 1841/2438/1841 1856/2516/1856
f 1886/2517/1886 1871/2377/1871 1870/2380/1870 1885/2493/1885
f 1894/2505/1894 1879/2518/1879 1878/2466/1878 1893/2506/1893
f 1545/2094/1545 1898/2519/1898 1883/2445/1883
f 1907/2520/1907 1892/2513/1892 1891/2515/1891 1906/2521/1906
f 1904/2522/1904 1889/2509/1889 1888/2523/1888 1903/2524/1903
f 1912/2525/1912 1897/2526/1897 1896/2527/1896 1911/2528/1911
f 1915/2529/1915 1900/2530/1900 1899/2531/1899 1914/2532/1914
f 1889/2509/1889 1874/2499/1874 1873/2492/1873 1888/2523/1888
f 1949/2533/1949 1934/2534/1934 1933/2535/1933 1948/2485/1948
f 1888/2523/1888 1873/2492/1873 1872/2536/1872 1887/2537/1887
f 1896/2538/1896 1881/2488/1881 1880/2490/1880 1895/2539/1895
f 1897/2526/1897 1882/2496/1882 1881/2488/1881 1896/2527/1896
f 1911/2528/1911 1896/2538/1896 1895/2539/1895 1910/2540/1910
f 1902/2541/1902 1887/2542/1887 1886/2517/1886 1901/2543/1901
f 1905/2544/1905 1890/2508/1890 1889/2509/1889 1904/2522/1904
f 1545/2094/1545 1883/2445/1883 1868/2448/1868
f 1890/2508/1890 1891/2515/1891 1876/2545/1876 1875/2497/1875
f 1901/2546/1901 1886/2517/1886 1885/2493/1885 1900/2547/1900
f 1909/2504/1909 1910/2548/1910 1895/2539/1895 1894/2505/1894
f 1906/2521/1906 1891/2515/1891 1890/2508/1890 1905/2544/1905
f 1923/2549/1923 1908/2507/1908 1907/2550/1907 1922/2551/1922
f 1959/2552/1959 1944/2553/1944 1943/2554/1943 1958/2555/1958
f 1939/2556/1939 1924/2557/1924 1923/2549/1923 1938/2558/1938
f 1882/2496/1882 1552/2092/1552 1867/2251/1867
f 1908/2507/1908 1893/2502/1893 1892/2503/1892 1907/2550/1907
f 1921/2559/1921 1922/2560/1922 1907/2550/1907 1906/2521/1906
f 1900/2530/1900 1885/2493/1885 1884/2446/1884 1899/2531/1899
f 1944/2553/1944 1929/2561/1929 1928/2500/1928 1943/2554/1943
f 1887/2537/1887 1872/2481/1872 1871/2377/1871 1886/2517/1886
f 1895/2539/1895 1880/2490/1880 1879/2518/1879 1894/2505/1894
f 1924/2557/1924 1909/2504/1909 1908/2562/1908 1923/2549/1923
f 1917/2563/1917 1902/2541/1902 1901/2543/1901 1916/2564/1916
f 1993/2565/1993 1978/2566/1978 1977/2567/1977 1992/2568/1992
f 1930/2569/1930 1915/2529/1915 1914/2532/1914 1929/2570/1929
f 1942/2571/1942 1927/2572/1927 1926/2573/1926 1941/2574/1941
f 1935/2575/1935 1920/2576/1920 1919/2577/1919 1934/2534/1934
f 1944/2553/1944 1945/2578/1945 1930/2569/1930 1929/2570/1929
f 1927/2572/1927 1912/2525/1912 1911/2528/1911 1926/2573/1926
f 1926/2573/1926 1911/2528/1911 1910/2540/1910 1925/2579/1925
f 1920/2576/1920 1905/2544/1905 1904/2522/1904 1919/2577/1919
f 1916/2564/1916 1901/2543/1901 1900/2530/1900 1915/2580/1915
f 1940/2581/1940 1941/2574/1941 1926/2573/1926 1925/2579/1925
f 1919/2577/1919 1904/2522/1904 1903/2524/1903 1918/2582/1918
f 1897/2526/1897 1552/2092/1552 1882/2496/1882
f 1932/2583/1932 1917/2563/1917 1916/2564/1916 1931/2584/1931
f 1899/2531/1899 1884/2446/1884 1883/2445/1883 1898/2585/1898
f 1545/2094/1545 1913/2586/1913 1898/2519/1898
f 1953/2587/1953 1938/2558/1938 1937/2588/1937 1952/2589/1952
f 1921/2590/1921 1906/2521/1906 1905/2544/1905 1920/2576/1920
f 1946/2591/1946 1931/2584/1931 1930/2569/1930 1945/2578/1945
f 1940/2592/1940 1925/2579/1925 1924/2557/1924 1939/2556/1939
f 1934/2534/1934 1919/2577/1919 1918/2582/1918 1933/2535/1933
f 1957/2593/1957 1942/2571/1942 1941/2594/1941 1956/2595/1956
f 1912/2525/1912 1552/2092/1552 1897/2526/1897
f 1931/2584/1931 1916/2564/1916 1915/2580/1915 1930/2569/1930
f 1951/2596/1951 1952/2589/1952 1937/2588/1937 1936/2597/1936
f 1974/2598/1974 1959/2552/1959 1958/2555/1958 1973/2599/1973
f 1938/2558/1938 1923/2549/1923 1922/2560/1922 1937/2588/1937
f 1925/2579/1925 1910/2548/1910 1909/2504/1909 1924/2557/1924
f 1918/2600/1918 1903/2524/1903 1902/2601/1902 1917/2563/1917
f 1947/2486/1947 1932/2583/1932 1931/2584/1931 1946/2591/1946
f 1955/2602/1955 1940/2592/1940 1939/2556/1939 1954/2603/1954
f 1968/2604/1968 1953/2587/1953 1952/2605/1952 1967/2314/1967
f 1965/2606/1965 1950/2607/1950 1949/2533/1949 1964/2608/1964
f 1975/2609/1975 1960/2610/1960 1959/2611/1959 1974/2598/1974
f 1950/2607/1950 1935/2575/1935 1934/2534/1934 1949/2533/1949
f 1936/2597/1936 1921/2590/1921 1920/2576/1920 1935/2575/1935
f 1989/2612/1989 1974/2598/1974 1973/2599/1973 1988/2613/1988
f 1970/2614/1970 1971/2615/1971 1956/2595/1956 1955/2602/1955
f 1927/2572/1927 1552/2092/1552 1912/2525/1912
f 1962/2616/1962 1947/2486/1947 1946/2617/1946 1961/2618/1961
f 1972/2619/1972 1957/2593/1957 1956/2595/1956 1971/2615/1971
f 1929/2561/1929 1914/2620/1914 1913/2586/1913 1928/2500/1928
f 1937/2588/1937 1922/2560/1922 1921/2590/1921 1936/2597/1936
f 1545/2094/1545 1943/2554/1943 1928/2500/1928
f 1982/2313/1982 1983/2621/1983 1968/2604/1968 1967/2314/1967
f 1951/2596/1951 1936/2597/1936 1935/2575/1935 1950/2607/1950
f 1987/2622/1987 1972/2619/1972 1971/2615/1971 1986/2623/1986
f 1984/2624/1984 1969/2625/1969 1968/2604/1968 1983/2621/1983
f 1970/2626/1970 1955/2602/1955 1954/2603/1954 1969/2625/1969
f 1963/2627/1963 1964/2608/1964 1949/2533/1949 1948/2485/1948
f 1977/2628/1977 1962/2487/1962 1961/2618/1961 1976/2629/1976
f 1942/2571/1942 1552/2092/1552 1927/2572/1927
f 1990/2630/1990 1975/2609/1975 1974/2598/1974 1989/2631/1989
f 1969/2625/1969 1954/2603/1954 1953/2587/1953 1968/2604/1968
f 1961/2618/1961 1946/2617/1946 1945/2632/1945 1960/2610/1960
f 1975/2609/1975 1976/2629/1976 1961/2618/1961 1960/2610/1960
f 1948/2485/1948 1933/2535/1933 1932/2583/1932 1947/2486/1947
f 1956/2595/1956 1941/2594/1941 1940/2581/1940 1955/2602/1955
f 1985/2633/1985 1970/2626/1970 1969/2625/1969 1984/2634/1984
f 1978/2566/1978 1963/2484/1963 1962/2635/1962 1977/2567/1977
f 1999/2636/1999 1984/2624/1984 1983/2621/1983 1998/2637/1998
f 2002/2638/2002 1552/2092/1552 1987/2622/1987
f 1545/2094/1545 1973/2599/1973 1958/2555/1958
f 2005/2639/2005 1990/2630/1990 1989/2631/1989 2004/2640/2004
f 1966/2315/1966 1951/2596/1951 1950/2607/1950 1965/2641/1965
f 1545/2094/1545 1958/2642/1958 1943/2554/1943
f 2013/2643/2013 2014/2644/2014 1999/2636/1999 1998/2637/1998
f 1957/2593/1957 1552/2092/1552 1942/2571/1942
f 2002/2638/2002 1987/2622/1987 1986/2623/1986 2001/2645/2001
f 1980/2646/1980 1965/2641/1965 1964/2608/1964 1979/2647/1979
f 1994/2648/1994 1995/2649/1995 1980/2646/1980 1979/2647/1979
f 1967/2314/1967 1952/2589/1952 1951/2596/1951 1966/2315/1966
f 1960/2610/1960 1945/2578/1945 1944/2553/1944 1959/2611/1959
f 1981/2316/1981 1966/2315/1966 1965/2641/1965 1980/2646/1980
f 1997/2650/1997 1982/2313/1982 1981/2316/1981 1996/2651/1996
f 2026/2114/2026 2017/2652/2017 2016/2653/2016 2025/2115/2025
f 1545/2094/1545 1988/2654/1988 1973/2599/1973
f 2001/2645/2001 1986/2623/1986 1985/2655/1985 2000/2656/2000
f 2019/2657/2019 2004/2640/2004 2003/2658/2003 2018/2064/2018
f 1972/2619/1972 1552/2092/1552 1957/2593/1957
f 2007/2659/2007 1992/2660/1992 1991/2661/1991 2006/2662/2006
f 2015/2663/2015 2000/2656/2000 1999/2636/1999 2014/2644/2014
f 2008/2664/2008 1993/2565/1993 1992/2568/1992 2007/2659/2007
f 1546/2078/1546 2005/2665/2005 2004/2640/2004 2019/2079/2019
f 2000/2656/2000 1985/2633/1985 1984/2634/1984 1999/2666/1999
f 2005/2665/2005 2006/2662/2006 1991/2661/1991 1990/2630/1990
f 1992/2660/1992 1977/2567/1977 1976/2629/1976 1991/2661/1991
f 1986/2623/1986 1971/2615/1971 1970/2626/1970 1985/2655/1985
f 1979/2647/1979 1964/2608/1964 1963/2627/1963 1978/2667/1978
f 2016/2653/2016 2001/2645/2001 2000/2656/2000 2015/2663/2015
f 2013/2643/2013 1998/2637/1998 1997/2650/1997 2012/2668/2012
f 2009/2669/2009 1994/2648/1994 1993/2670/1993 2008/2664/2008
f 1547/2671/1547 2007/2659/2007 2006/2662/2006 2020/2089/2020
f 1550/2030/1550 2022/2072/2022 2012/2668/2012 2011/2027/2011
f 1996/2651/1996 1981/2316/1981 1980/2646/1980 1995/2649/1995
f 2012/2668/2012 1997/2650/1997 1996/2651/1996 2011/2672/2011
f 1570/2043/1570 1555/2050/1555 1554/2062/1554 1569/2044/1569
f 1987/2622/1987 1552/2092/1552 1972/2619/1972
f 1545/2094/1545 2018/2064/2018 2003/2673/2003
f 2004/2640/2004 1989/2612/1989 1988/2613/1988 2003/2658/2003
f 1545/2094/1545 2003/2674/2003 1988/2675/1988
f 1998/2637/1998 1983/2621/1983 1982/2313/1982 1997/2650/1997
f 1991/2661/1991 1976/2629/1976 1975/2609/1975 1990/2630/1990
f 1551/2082/1551 2013/2643/2013 2012/2668/2012 2022/2072/2022
f 2011/2672/2011 1996/2651/1996 1995/2649/1995 2010/2028/2010
f 1547/2671/1547 2021/2104/2021 2008/2664/2008 2007/2659/2007
f 2024/2100/2024 2015/2676/2015 2014/2677/2014 2023/2096/2023
f 1545/2094/1545 1733/2287/1733 1718/2255/1718
f 2017/2652/2017 2002/2638/2002 2001/2645/2001 2016/2653/2016
f 2025/2109/2025 2016/2653/2016 2015/2678/2015 2024/2100/2024
f 2010/2028/2010 1995/2649/1995 1994/2648/1994 2009/2112/2009
f 2026/2114/2026 1552/2092/1552 2017/2652/2017
f 1569/2044/1569 1554/2062/1554 1553/2061/1553 1568/2095/1568
f 1545/2094/1545 1568/2095/1568 1553/2061/1553
f 1584/2032/1584 1569/2044/1569 1568/2095/1568 1583/2033/1583
f 1620/2158/1620 1605/2150/1605 1604/2060/1604 1619/2159/1619
f 1994/2648/1994 1979/2679/1979 1978/2667/1978 1993/2565/1993
f 1634/2156/1634 1619/2191/1619 1618/2192/1618 1633/2130/1633
f 2017/2652/2017 1552/2092/1552 2002/2638/2002
f 1954/2603/1954 1939/2556/1939 1938/2558/1938 1953/2587/1953
f 1932/2583/1932 1933/2535/1933 1918/2582/1918 1917/2563/1917
f 1902/2601/1902 1903/2524/1903 1888/2523/1888 1887/2542/1887
f 2026/2114/2026 1567/2110/1567 1552/2092/1552
f 1546/2078/1546 2020/2089/2020 2006/2662/2006 2005/2665/2005
f 1873/2492/1873 1858/2471/1858 1857/2473/1857 1872/2481/1872
f 1551/2082/1551 2023/2096/2023 2014/2677/2014 2013/2643/2013
f 1913/2586/1913 1914/2620/1914 1899/2531/1899 1898/2585/1898
f 1587/2068/1587 1572/2067/1572 1571/2036/1571 1586/2035/1586
f 1590/2680/1590 1575/2071/1575 1574/2090/1574 1589/2059/1589
f 1595/2121/1595 1580/2075/1580 1579/2681/1579 1594/2018/1594
f 1672/2230/1672 1657/2231/1657 1656/2235/1656 1671/2227/1671
f 1812/2449/1812 1797/2295/1797 1796/2381/1796 1811/2407/1811
f 1798/2292/1798 1799/2366/1799 1784/2395/1784 1783/2293/1783
f 1759/2336/1759 1744/2281/1744 1743/2283/1743 1758/2317/1758
f 1737/2311/1737 1738/2268/1738 1723/2682/1723 1722/2290/1722
f 1548/2111/1548 2009/2112/2009 2008/2664/2008 2021/2104/2021
f 1707/2272/1707 1708/2264/1708 1693/2216/1693 1692/2219/1692
f 1829/2428/1829 1814/2430/1814 1813/2401/1813 1828/2456/1828
f 1859/2470/1859 1844/2455/1844 1843/2472/1843 1858/2471/1858
f 1664/2213/1664 1649/2197/1649 1648/2186/1648 1663/2225/1663
f 1768/2409/1768 1753/2269/1753 1752/2369/1752 1767/2349/1767
f 1603/2140/1603 1588/2065/1588 1587/2068/1587 1602/2136/1602
f 1575/2071/1575 1560/2683/1560 1559/2091/1559 1574/2090/1574
f 1676/2220/1676 1661/2249/1661 1660/2189/1660 1675/2206/1675
f 1617/2132/1617 1602/2136/1602 1601/2073/1601 1616/2684/1616
f 1603/2140/1603 1604/2060/1604 1589/2138/1589 1588/2139/1588
f 1622/2141/1622 1607/2118/1607 1606/2119/1606 1621/2163/1621
f 1545/2094/1545 1553/2061/1553 2018/2064/2018
