# Blender 5.0.1
# www.blender.org
g FighterMainBody_Plane
v -0.392314 0.078036 -2.000000
v -0.369552 0.153073 -2.000000
v -0.332588 0.222228 -2.000000
v -0.282843 0.282843 -2.000000
v -0.222228 0.332588 -2.000000
v -0.153073 0.369552 -2.000000
v -0.078036 0.392314 -2.000000
v 0.000000 0.400000 -2.000000
v -0.400000 0.000000 -2.000000
v -0.392314 -0.078036 -2.000000
v -0.369552 -0.153073 -2.000000
v -0.332588 -0.222228 -2.000000
v -0.282843 -0.282843 -2.000000
v -0.222228 -0.332588 -2.000000
v -0.153073 -0.369552 -2.000000
v -0.078036 -0.392314 -2.000000
v 0.000000 -0.400000 -2.000000
v 0.078036 -0.392314 -2.000000
v 0.153073 -0.369552 -2.000000
v 0.222228 -0.332588 -2.000000
v 0.282843 -0.282843 -2.000000
v 0.332588 -0.222228 -2.000000
v 0.369552 -0.153073 -2.000000
v 0.392314 -0.078036 -2.000000
v 0.400000 0.000000 -2.000000
v 0.392314 0.078036 -2.000000
v 0.369552 0.153073 -2.000000
v 0.332588 0.222228 -2.000000
v 0.282843 0.282843 -2.000000
v 0.222228 0.332588 -2.000000
v 0.153073 0.369552 -2.000000
v 0.078036 0.392314 -2.000000
v -0.989265 -0.989265 5.000000
v -0.777261 -1.163253 5.000000
v -0.535387 -1.292537 5.000000
v -0.272938 -1.372150 5.000000
v 0.000000 -1.399032 5.000000
v 0.272938 -1.372150 5.000000
v 0.535387 -1.292537 5.000000
v 0.777261 -1.163253 5.000000
v 0.989265 -0.989265 5.000000
v 1.163253 -0.777261 5.000000
v 1.292537 -0.535386 5.000000
v 1.372150 -0.272938 5.000000
v 1.399032 -0.000000 5.000000
v 1.372150 0.272938 5.000000
v 1.292537 0.535387 5.000000
v 1.163253 0.777261 5.000000
v 0.989265 0.989265 5.000000
v 0.777261 1.163253 5.000000
v 0.535387 1.292537 5.000000
v 0.272938 1.372150 5.000000
v 0.000000 1.399032 5.000000
v -0.272938 1.372150 5.000000
v -0.535387 1.292537 5.000000
v -0.777261 1.163253 5.000000
v -0.989265 0.989265 5.000000
v -1.163253 0.777261 5.000000
v -1.292537 0.535387 5.000000
v -1.372150 0.272938 5.000000
v -1.399032 -0.000000 5.000000
v -1.372150 -0.272938 5.000000
v -1.292537 -0.535386 5.000000
v -1.163253 -0.777261 5.000000
v -1.018234 -1.018234 5.000001
v -1.197316 -0.800021 5.000001
v -1.330386 -0.551064 5.000001
v -1.412331 -0.280930 5.000001
v -1.440000 -0.000000 5.000001
v -1.412331 0.280930 5.000001
v -1.330386 0.551064 5.000001
v -1.197316 0.800021 5.000001
v -1.018234 1.018234 5.000001
v -0.800021 1.197316 5.000001
v -0.551064 1.330387 5.000001
v -0.280930 1.412331 5.000001
v 0.000000 1.440000 5.000001
v 0.280930 1.412331 5.000001
v 0.551064 1.330387 5.000001
v 0.800021 1.197316 5.000001
v 1.018234 1.018234 5.000001
v 1.197316 0.800021 5.000001
v 1.330386 0.551064 5.000001
v 1.412331 0.280930 5.000001
v 1.440000 -0.000000 5.000001
v 1.412331 -0.280930 5.000001
v 1.330386 -0.551064 5.000001
v 1.197316 -0.800021 5.000001
v 1.018234 -1.018234 5.000001
v 0.800021 -1.197316 5.000001
v 0.551064 -1.330387 5.000001
v 0.280930 -1.412331 5.000001
v 0.000000 -1.440000 5.000001
v -0.280930 -1.412331 5.000001
v -0.551064 -1.330387 5.000001
v -0.800021 -1.197316 5.000001
v -0.800021 -1.197316 5.099998
v -0.551064 -1.330387 5.099998
v -0.280930 -1.412331 5.099998
v 0.000000 -1.440000 5.099998
v 0.280930 -1.412331 5.099998
v 0.551064 -1.330387 5.099998
v 0.800021 -1.197316 5.099998
v 1.018234 -1.018234 5.099998
v 1.197316 -0.800021 5.099998
v 1.330386 -0.551064 5.099998
v 1.412331 -0.280930 5.099998
v 1.440000 -0.000000 5.099998
v 1.412331 0.280930 5.099998
v 1.330386 0.551064 5.099998
v 1.197316 0.800021 5.099998
v 1.018234 1.018234 5.099998
v 0.800021 1.197316 5.099998
v 0.551064 1.330387 5.099998
v 0.280930 1.412331 5.099998
v 0.000000 1.440000 5.099998
v -0.280930 1.412331 5.099998
v -0.551064 1.330387 5.099998
v -0.800021 1.197316 5.099998
v -1.018234 1.018234 5.099998
v -1.197316 0.800021 5.099998
v -1.330386 0.551064 5.099998
v -1.412331 0.280930 5.099998
v -1.440000 -0.000000 5.099998
v -1.412331 -0.280930 5.099998
v -1.330386 -0.551064 5.099998
v -1.197316 -0.800021 5.099998
v -1.018234 -1.018234 5.099998
v -0.989265 -0.989265 5.100000
v -0.777261 -1.163253 5.100000
v -0.535387 -1.292537 5.100000
v -0.272938 -1.372150 5.100000
v 0.000000 -1.399032 5.100000
v 0.272938 -1.372150 5.100000
v 0.535387 -1.292537 5.100000
v 0.777261 -1.163253 5.100000
v 0.989265 -0.989265 5.100000
v 1.163253 -0.777261 5.100000
v 1.292537 -0.535386 5.100000
v 1.372150 -0.272938 5.100000
v 1.399032 -0.000000 5.100000
v 1.372150 0.272938 5.100000
v 1.292537 0.535387 5.100000
v 1.163253 0.777261 5.100000
v 0.989265 0.989265 5.100000
v 0.777261 1.163253 5.100000
v 0.535387 1.292537 5.100000
v 0.272938 1.372150 5.100000
v 0.000000 1.399032 5.100000
v -0.272938 1.372150 5.100000
v -0.535387 1.292537 5.100000
v -0.777261 1.163253 5.100000
v -0.989265 0.989265 5.100000
v -1.163253 0.777261 5.100000
v -1.292537 0.535387 5.100000
v -1.372150 0.272938 5.100000
v -1.399032 -0.000000 5.100000
v -1.372150 -0.272938 5.100000
v -1.292537 -0.535386 5.100000
v -1.163253 -0.777261 5.100000
v 0.292316 -0.707684 10.000000
v 0.336824 -0.744211 10.000000
v 0.387602 -0.771353 10.000000
v 0.442700 -0.788066 10.000000
v 0.500000 -0.793710 10.000000
v 0.557300 -0.788066 10.000000
v 0.612398 -0.771353 10.000000
v 0.663176 -0.744211 10.000000
v 0.707684 -0.707684 10.000000
v 0.744211 -0.663176 10.000000
v 0.771353 -0.612398 10.000000
v 0.788066 -0.557300 10.000000
v 0.793710 -0.500000 10.000000
v 0.788066 -0.442700 10.000000
v 0.771352 -0.387602 10.000000
v 0.744211 -0.336823 10.000000
v 0.707684 -0.292316 10.000000
v 0.663176 -0.255789 10.000000
v 0.612398 -0.228647 10.000000
v 0.557300 -0.211934 10.000000
v 0.500000 -0.206290 10.000000
v 0.442700 -0.211934 10.000000
v 0.387602 -0.228647 10.000000
v 0.336824 -0.255789 10.000000
v 0.292316 -0.292316 10.000000
v 0.255789 -0.336823 10.000000
v 0.228648 -0.387602 10.000000
v 0.211934 -0.442700 10.000000
v 0.206290 -0.500000 10.000000
v 0.211934 -0.557300 10.000000
v 0.228648 -0.612398 10.000000
v 0.255789 -0.663176 10.000000
v -0.989265 -0.989265 10.100000
v -0.777261 -1.163253 10.100000
v -0.535387 -1.292537 10.100000
v -0.272938 -1.372150 10.100000
v 0.000000 -1.399032 10.100000
v 0.272938 -1.372150 10.100000
v 0.535387 -1.292537 10.100000
v 0.777261 -1.163253 10.100000
v 0.989265 -0.989265 10.100000
v 1.163253 -0.777261 10.100000
v 1.292537 -0.535386 10.100000
v 1.372150 -0.272938 10.100000
v 1.399032 -0.000000 10.100000
v 1.372150 0.272938 10.100000
v 1.292537 0.535387 10.100000
v 1.163253 0.777261 10.100000
v 0.989265 0.989265 10.100000
v 0.777261 1.163253 10.100000
v 0.535387 1.292537 10.100000
v 0.272938 1.372150 10.100000
v 0.000000 1.399032 10.100000
v -0.272938 1.372150 10.100000
v -0.535387 1.292537 10.100000
v -0.777261 1.163253 10.100000
v -0.989265 0.989265 10.100000
v -1.163253 0.777261 10.100000
v -1.292537 0.535387 10.100000
v -1.372150 0.272938 10.100000
v -1.399032 -0.000000 10.100000
v -1.372150 -0.272938 10.100000
v -1.292537 -0.535386 10.100000
v -1.163253 -0.777261 10.100000
v -1.088192 -1.088192 9.995000
v -0.854987 -1.279578 9.995000
v -0.588925 -1.421791 9.995000
v -0.300231 -1.509365 9.995000
v -0.000000 -1.538936 9.995000
v 0.300231 -1.509365 9.995000
v 0.588925 -1.421791 9.995000
v 0.854987 -1.279578 9.995000
v 1.088192 -1.088192 9.995000
v 1.279578 -0.854987 9.995000
v 1.421791 -0.588925 9.995000
v 1.509365 -0.300231 9.995000
v 1.538936 -0.000000 9.995000
v 1.509365 0.300231 9.995000
v 1.421791 0.588925 9.995000
v 1.279578 0.854987 9.995000
v 1.088192 1.088192 9.995000
v 0.854987 1.279578 9.995000
v 0.588925 1.421791 9.995000
v 0.300231 1.509365 9.995000
v -0.000000 1.538936 9.995000
v -0.300231 1.509365 9.995000
v -0.588925 1.421791 9.995000
v -0.854987 1.279578 9.995000
v -1.088192 1.088192 9.995000
v -1.279578 0.854987 9.995000
v -1.421791 0.588925 9.995000
v -1.509365 0.300231 9.995000
v -1.538936 -0.000000 9.995000
v -1.509365 -0.300231 9.995000
v -1.421791 -0.588925 9.995000
v -1.279578 -0.854987 9.995000
v -1.088192 -1.088192 10.105000
v -0.854987 -1.279578 10.105000
v -0.588925 -1.421791 10.105000
v -0.300231 -1.509365 10.105000
v -0.000000 -1.538936 10.105000
v 0.300231 -1.509365 10.105000
v 0.588925 -1.421791 10.105000
v 0.854987 -1.279578 10.105000
v 1.088192 -1.088192 10.105000
v 1.279578 -0.854987 10.105000
v 1.421791 -0.588925 10.105000
v 1.509365 -0.300231 10.105000
v 1.538936 -0.000000 10.105000
v 1.509365 0.300231 10.105000
v 1.421791 0.588925 10.105000
v 1.279578 0.854987 10.105000
v 1.088192 1.088192 10.105000
v 0.854987 1.279578 10.105000
v 0.588925 1.421791 10.105000
v 0.300231 1.509365 10.105000
v -0.000000 1.538936 10.105000
v -0.300231 1.509365 10.105000
v -0.588925 1.421791 10.105000
v -0.854987 1.279578 10.105000
v -1.088192 1.088192 10.105000
v -1.279578 0.854987 10.105000
v -1.421791 0.588925 10.105000
v -1.509365 0.300231 10.105000
v -1.538936 -0.000000 10.105000
v -1.509365 -0.300231 10.105000
v -1.421791 -0.588925 10.105000
v -1.279578 -0.854987 10.105000
v -3.972150 -0.080000 10.000000
v -5.000000 -0.000000 10.000000
v -3.972150 0.080000 10.000000
v 3.972150 0.080000 10.000000
v 5.000000 -0.000000 10.000000
v 3.972150 -0.080000 10.000000
v -1.372150 0.272938 8.366667
v -1.372150 0.272938 6.733334
v -0.989265 -0.989265 8.366667
v -0.989265 -0.989265 6.733334
v -0.777261 -1.163253 6.733334
v -0.777261 -1.163253 8.366667
v 1.372150 0.272938 8.366667
v 1.372150 0.272938 6.733334
v 1.292537 0.535387 6.733334
v 1.292537 0.535387 8.366667
v -1.292537 0.535387 8.366667
v -1.292537 0.535387 6.733334
v -1.163253 0.777261 8.366667
v -1.163253 0.777261 6.733334
v 1.372150 -0.272938 8.366667
v 1.372150 -0.272938 6.733334
v -0.989265 0.989265 8.366667
v -0.989265 0.989265 6.733334
v 1.292537 -0.535386 8.366667
v 1.292537 -0.535386 6.733334
v -0.777261 1.163253 8.366667
v -0.777261 1.163253 6.733334
v 1.163253 -0.777261 8.366667
v 1.163253 -0.777261 6.733334
v -0.535387 1.292537 8.366667
v -0.535387 1.292537 6.733334
v 0.989265 -0.989265 8.366667
v 0.989265 -0.989265 6.733334
v -0.272938 1.372150 8.366667
v -0.272938 1.372150 6.733334
v 0.777261 -1.163253 8.366667
v 0.777261 -1.163253 6.733334
v 0.000000 1.399032 8.366667
v 0.000000 1.399032 6.733334
v 0.535387 -1.292537 8.366667
v 0.535387 -1.292537 6.733334
v 0.272938 1.372150 8.366667
v 0.272938 1.372150 6.733334
v 0.272938 -1.372150 8.366667
v 0.272938 -1.372150 6.733334
v 0.535387 1.292537 8.366667
v 0.535387 1.292537 6.733334
v -1.163253 -0.777261 8.366667
v -1.163253 -0.777261 6.733334
v 0.000000 -1.399032 8.366667
v 0.000000 -1.399032 6.733334
v 0.777261 1.163253 8.366667
v 0.777261 1.163253 6.733334
v -1.292537 -0.535386 8.366667
v -1.292537 -0.535386 6.733334
v -0.272938 -1.372150 8.366667
v -0.272938 -1.372150 6.733334
v 0.989265 0.989265 8.366667
v 0.989265 0.989265 6.733334
v -1.372150 -0.272938 8.366667
v -1.372150 -0.272938 6.733334
v -0.535387 -1.292537 8.366667
v -0.535387 -1.292537 6.733334
v 1.163253 0.777261 8.366667
v 1.163253 0.777261 6.733334
v -3.972150 0.080000 8.366667
v -5.000000 -0.000000 9.000000
v -3.972150 -0.080000 8.366667
v 3.972150 0.080000 8.366667
v 5.000000 -0.000000 9.000000
v 3.972150 -0.080000 8.366667
v -0.535387 0.592537 8.366667
v -0.535387 0.592537 6.733334
v -0.272938 0.672150 8.366667
v -0.272938 0.672150 6.733334
v 0.000000 0.699032 8.366667
v 0.000000 0.699032 6.733334
v 0.272938 0.672150 8.366667
v 0.272938 0.672150 6.733334
v 0.535387 0.592537 8.366667
v 0.535387 0.592537 6.733334
v 2.572150 -0.027847 5.100000
v 2.672150 -0.094588 10.000000
v 2.672150 0.094588 10.000000
v 2.572150 0.027847 5.100000
v 2.672150 0.094588 6.733334
v 2.672150 0.100000 8.366667
v 2.672150 -0.100000 8.366667
v 2.672150 -0.094588 6.733334
v -2.572150 -0.027847 5.100000
v -2.672150 -0.100000 10.000000
v -2.572150 0.027847 5.100000
v -2.672150 0.100000 10.000000
v -2.672150 -0.094588 6.733334
v -2.672150 -0.100000 8.366667
v -2.672150 0.100000 8.366667
v -2.672150 0.094588 6.733334
v 2.672150 0.094588 5.100000
v 2.672150 -0.094588 5.100000
v 1.472150 0.170093 5.100000
v 1.472150 -0.170093 5.100000
v -2.672150 -0.094588 5.100000
v -2.672150 0.094588 5.100000
v -1.472150 -0.170093 5.100000
v -1.472150 0.170093 5.100000
v 1.472150 0.170093 6.100000
v 1.472150 -0.170093 6.100000
v 2.572150 0.027847 6.100000
v 2.572150 -0.027847 6.100000
v -0.989265 -0.989265 10.000000
v -1.163253 -0.777261 10.000000
v -1.292537 -0.535386 10.000000
v -1.372150 -0.272938 10.000000
v -1.399032 -0.000000 10.000000
v -1.372150 0.272938 10.000000
v -1.292537 0.535387 10.000000
v -1.163253 0.777261 10.000000
v -0.989265 0.989265 10.000000
v -0.777261 1.163253 10.000000
v -0.535387 1.292537 10.000000
v -0.272938 1.372150 10.000000
v 0.000000 1.399032 10.000000
v 0.272938 1.372150 10.000000
v 0.535387 1.292537 10.000000
v 0.777261 1.163253 10.000000
v 0.989265 0.989265 10.000000
v 1.163253 0.777261 10.000000
v 1.292537 0.535387 10.000000
v 1.372150 0.272938 10.000000
v 1.399032 -0.000000 10.000000
v 1.372150 -0.272938 10.000000
v 1.292537 -0.535386 10.000000
v 1.163253 -0.777261 10.000000
v 0.989265 -0.989265 10.000000
v 0.777261 -1.163253 10.000000
v 0.535387 -1.292537 10.000000
v 0.272938 -1.372150 10.000000
v 0.000000 -1.399032 10.000000
v -0.272938 -1.372150 10.000000
v -0.535387 -1.292537 10.000000
v -0.777261 -1.163253 10.000000
v -1.472150 -0.170093 6.100000
v -1.472150 0.170093 6.100000
v -2.572150 -0.027847 6.100000
v -2.572150 0.027847 6.100000
v -0.353083 0.070233 -2.000000
v -0.332597 0.137766 -2.000000
v -0.299329 0.200005 -2.000000
v -0.254558 0.254559 -2.000000
v -0.200005 0.299329 -2.000000
v -0.137766 0.332597 -2.000000
v -0.070233 0.353083 -2.000000
v 0.000000 0.360000 -2.000000
v -0.360000 0.000000 -2.000000
v -0.353083 -0.070232 -2.000000
v -0.332597 -0.137766 -2.000000
v -0.299329 -0.200005 -2.000000
v -0.254558 -0.254558 -2.000000
v -0.200005 -0.299329 -2.000000
v -0.137766 -0.332597 -2.000000
v -0.070233 -0.353083 -2.000000
v 0.000000 -0.360000 -2.000000
v 0.070233 -0.353083 -2.000000
v 0.137766 -0.332597 -2.000000
v 0.200005 -0.299329 -2.000000
v 0.254558 -0.254558 -2.000000
v 0.299329 -0.200005 -2.000000
v 0.332597 -0.137766 -2.000000
v 0.353083 -0.070232 -2.000000
v 0.360000 0.000000 -2.000000
v 0.353083 0.070233 -2.000000
v 0.332597 0.137766 -2.000000
v 0.299329 0.200005 -2.000000
v 0.254558 0.254559 -2.000000
v 0.200005 0.299329 -2.000000
v 0.137766 0.332597 -2.000000
v 0.070233 0.353083 -2.000000
v -0.353083 0.070233 -1.900000
v -0.332597 0.137766 -1.900000
v -0.299329 0.200005 -1.900000
v -0.254558 0.254559 -1.900000
v -0.200005 0.299329 -1.900000
v -0.137766 0.332597 -1.900000
v -0.070233 0.353083 -1.900000
v 0.000000 0.360000 -1.900000
v -0.360000 0.000000 -1.900000
v -0.353083 -0.070232 -1.900000
v -0.332597 -0.137766 -1.900000
v -0.299329 -0.200005 -1.900000
v -0.254558 -0.254558 -1.900000
v -0.200005 -0.299329 -1.900000
v -0.137766 -0.332597 -1.900000
v -0.070233 -0.353083 -1.900000
v 0.000000 -0.360000 -1.900000
v 0.070233 -0.353083 -1.900000
v 0.137766 -0.332597 -1.900000
v 0.200005 -0.299329 -1.900000
v 0.254558 -0.254558 -1.900000
v 0.299329 -0.200005 -1.900000
v 0.332597 -0.137766 -1.900000
v 0.353083 -0.070232 -1.900000
v 0.360000 0.000000 -1.900000
v 0.353083 0.070233 -1.900000
v 0.332597 0.137766 -1.900000
v 0.299329 0.200005 -1.900000
v 0.254558 0.254559 -1.900000
v 0.200005 0.299329 -1.900000
v 0.137766 0.332597 -1.900000
v 0.070233 0.353083 -1.900000
v 0.292316 0.292316 10.000000
v 0.336824 0.255789 10.000000
v 0.387602 0.228647 10.000000
v 0.442700 0.211934 10.000000
v 0.500000 0.206290 10.000000
v 0.557300 0.211934 10.000000
v 0.612398 0.228647 10.000000
v 0.663176 0.255789 10.000000
v 0.707684 0.292316 10.000000
v 0.744211 0.336824 10.000000
v 0.771353 0.387602 10.000000
v 0.788066 0.442700 10.000000
v 0.793710 0.500000 10.000000
v 0.788066 0.557300 10.000000
v 0.771352 0.612398 10.000000
v 0.744211 0.663177 10.000000
v 0.707684 0.707684 10.000000
v 0.663176 0.744211 10.000000
v 0.612398 0.771352 10.000000
v 0.557300 0.788066 10.000000
v 0.500000 0.793710 10.000000
v 0.442700 0.788066 10.000000
v 0.387602 0.771353 10.000000
v 0.336824 0.744211 10.000000
v 0.292316 0.707684 10.000000
v 0.255789 0.663177 10.000000
v 0.228648 0.612398 10.000000
v 0.211934 0.557300 10.000000
v 0.206290 0.500000 10.000000
v 0.211934 0.442700 10.000000
v 0.228648 0.387602 10.000000
v 0.255789 0.336824 10.000000
v -0.707684 0.292316 10.000000
v -0.663176 0.255789 10.000000
v -0.612398 0.228647 10.000000
v -0.557300 0.211934 10.000000
v -0.500000 0.206290 10.000000
v -0.442700 0.211934 10.000000
v -0.387602 0.228647 10.000000
v -0.336824 0.255789 10.000000
v -0.292316 0.292316 10.000000
v -0.255789 0.336824 10.000000
v -0.228647 0.387602 10.000000
v -0.211934 0.442700 10.000000
v -0.206290 0.500000 10.000000
v -0.211934 0.557300 10.000000
v -0.228648 0.612398 10.000000
v -0.255789 0.663177 10.000000
v -0.292316 0.707684 10.000000
v -0.336824 0.744211 10.000000
v -0.387602 0.771352 10.000000
v -0.442700 0.788066 10.000000
v -0.500000 0.793710 10.000000
v -0.557300 0.788066 10.000000
v -0.612398 0.771353 10.000000
v -0.663176 0.744211 10.000000
v -0.707684 0.707684 10.000000
v -0.744211 0.663177 10.000000
v -0.771352 0.612398 10.000000
v -0.788066 0.557300 10.000000
v -0.793710 0.500000 10.000000
v -0.788066 0.442700 10.000000
v -0.771352 0.387602 10.000000
v -0.744211 0.336824 10.000000
v -0.707684 -0.707684 10.000000
v -0.663176 -0.744211 10.000000
v -0.612398 -0.771353 10.000000
v -0.557300 -0.788067 10.000000
v -0.500000 -0.793710 10.000000
v -0.442700 -0.788066 10.000000
v -0.387602 -0.771353 10.000000
v -0.336824 -0.744211 10.000000
v -0.292316 -0.707684 10.000000
v -0.255789 -0.663176 10.000000
v -0.228647 -0.612398 10.000000
v -0.211934 -0.557300 10.000000
v -0.206290 -0.500000 10.000000
v -0.211934 -0.442700 10.000000
v -0.228648 -0.387602 10.000000
v -0.255789 -0.336823 10.000000
v -0.292316 -0.292316 10.000000
v -0.336824 -0.255789 10.000000
v -0.387602 -0.228648 10.000000
v -0.442700 -0.211934 10.000000
v -0.500000 -0.206290 10.000000
v -0.557300 -0.211934 10.000000
v -0.612398 -0.228647 10.000000
v -0.663176 -0.255789 10.000000
v -0.707684 -0.292316 10.000000
v -0.744211 -0.336823 10.000000
v -0.771352 -0.387602 10.000000
v -0.788066 -0.442700 10.000000
v -0.793710 -0.500000 10.000000
v -0.788066 -0.557300 10.000000
v -0.771352 -0.612398 10.000000
v -0.744211 -0.663176 10.000000
v 0.221263 -0.778737 10.000000
v 0.172240 -0.719002 10.000000
v 0.135813 -0.650851 10.000000
v 0.113381 -0.576903 10.000000
v 0.105806 -0.500000 10.000000
v 0.113381 -0.423097 10.000000
v 0.135813 -0.349148 10.000000
v 0.172240 -0.280998 10.000000
v 0.221263 -0.221263 10.000000
v 0.280998 -0.172240 10.000000
v 0.349149 -0.135812 10.000000
v 0.423097 -0.113381 10.000000
v 0.500000 -0.105806 10.000000
v 0.576903 -0.113381 10.000000
v 0.650851 -0.135812 10.000000
v 0.719002 -0.172240 10.000000
v 0.778737 -0.221263 10.000000
v 0.827760 -0.280998 10.000000
v 0.864187 -0.349148 10.000000
v 0.886619 -0.423097 10.000000
v 0.894194 -0.500000 10.000000
v 0.886619 -0.576903 10.000000
v 0.864187 -0.650851 10.000000
v 0.827760 -0.719002 10.000000
v 0.778737 -0.778737 10.000000
v 0.719002 -0.827760 10.000000
v 0.650851 -0.864188 10.000000
v 0.576903 -0.886620 10.000000
v 0.500000 -0.894194 10.000000
v 0.423097 -0.886620 10.000000
v 0.349149 -0.864188 10.000000
v 0.280998 -0.827760 10.000000
v 0.280998 0.172240 10.000000
v 0.221263 0.221263 10.000000
v 0.349149 0.135812 10.000000
v 0.423097 0.113380 10.000000
v 0.500000 0.105806 10.000000
v 0.576903 0.113380 10.000000
v 0.650851 0.135812 10.000000
v 0.719002 0.172240 10.000000
v 0.778737 0.221263 10.000000
v 0.827760 0.280998 10.000000
v 0.864187 0.349149 10.000000
v 0.886619 0.423097 10.000000
v 0.894194 0.500000 10.000000
v 0.886619 0.576903 10.000000
v 0.864187 0.650851 10.000000
v 0.827760 0.719002 10.000000
v 0.778737 0.778737 10.000000
v 0.719002 0.827760 10.000000
v 0.650851 0.864187 10.000000
v 0.576903 0.886619 10.000000
v 0.500000 0.894194 10.000000
v 0.423097 0.886619 10.000000
v 0.349149 0.864188 10.000000
v 0.280998 0.827760 10.000000
v 0.221263 0.778737 10.000000
v 0.172240 0.719002 10.000000
v 0.135813 0.650851 10.000000
v 0.113381 0.576903 10.000000
v 0.105806 0.500000 10.000000
v 0.113381 0.423097 10.000000
v 0.135813 0.349149 10.000000
v 0.172240 0.280998 10.000000
v -0.719002 0.172240 10.000000
v -0.778737 0.221263 10.000000
v -0.650851 0.135812 10.000000
v -0.576903 0.113380 10.000000
v -0.500000 0.105806 10.000000
v -0.423097 0.113380 10.000000
v -0.349149 0.135812 10.000000
v -0.280998 0.172240 10.000000
v -0.221263 0.221263 10.000000
v -0.172240 0.280998 10.000000
v -0.135813 0.349149 10.000000
v -0.113381 0.423097 10.000000
v -0.105806 0.500000 10.000000
v -0.113381 0.576903 10.000000
v -0.135813 0.650851 10.000000
v -0.172240 0.719002 10.000000
v -0.221263 0.778737 10.000000
v -0.280998 0.827760 10.000000
v -0.349149 0.864187 10.000000
v -0.423097 0.886619 10.000000
v -0.500000 0.894194 10.000000
v -0.576903 0.886619 10.000000
v -0.650851 0.864188 10.000000
v -0.719002 0.827760 10.000000
v -0.778737 0.778737 10.000000
v -0.827760 0.719002 10.000000
v -0.864187 0.650851 10.000000
v -0.886619 0.576903 10.000000
v -0.894194 0.500000 10.000000
v -0.886619 0.423097 10.000000
v -0.864187 0.349149 10.000000
v -0.827760 0.280998 10.000000
v -0.719002 -0.827760 10.000000
v -0.778737 -0.778737 10.000000
v -0.650851 -0.864188 10.000000
v -0.576903 -0.886620 10.000000
v -0.500000 -0.894194 10.000000
v -0.423097 -0.886620 10.000000
v -0.349149 -0.864188 10.000000
v -0.280998 -0.827760 10.000000
v -0.221263 -0.778737 10.000000
v -0.172240 -0.719002 10.000000
v -0.135813 -0.650851 10.000000
v -0.113381 -0.576903 10.000000
v -0.105806 -0.500000 10.000000
v -0.113381 -0.423097 10.000000
v -0.135813 -0.349149 10.000000
v -0.172240 -0.280998 10.000000
v -0.221263 -0.221263 10.000000
v -0.280998 -0.172240 10.000000
v -0.349149 -0.135813 10.000000
v -0.423097 -0.113381 10.000000
v -0.500000 -0.105806 10.000000
v -0.576903 -0.113381 10.000000
v -0.650851 -0.135812 10.000000
v -0.719002 -0.172240 10.000000
v -0.778737 -0.221263 10.000000
v -0.827760 -0.280998 10.000000
v -0.864187 -0.349149 10.000000
v -0.886619 -0.423097 10.000000
v -0.894194 -0.500000 10.000000
v -0.886619 -0.576903 10.000000
v -0.864187 -0.650851 10.000000
v -0.827760 -0.719002 10.000000
v 0.295053 -0.704947 10.199997
v 0.259008 -0.661026 10.199997
v 0.232224 -0.610917 10.199997
v 0.215730 -0.556545 10.199997
v 0.210161 -0.500000 10.199997
v 0.215730 -0.443456 10.199997
v 0.232224 -0.389083 10.199997
v 0.259008 -0.338974 10.199997
v 0.295053 -0.295053 10.199997
v 0.338975 -0.259008 10.199997
v 0.389083 -0.232224 10.199997
v 0.443455 -0.215730 10.199997
v 0.500000 -0.210161 10.199997
v 0.556544 -0.215730 10.199997
v 0.610917 -0.232224 10.199997
v 0.661026 -0.259008 10.199997
v 0.704947 -0.295053 10.199997
v 0.740992 -0.338974 10.199997
v 0.767776 -0.389083 10.199997
v 0.784270 -0.443456 10.199997
v 0.789839 -0.500000 10.199997
v 0.784270 -0.556545 10.199997
v 0.767776 -0.610917 10.199997
v 0.740992 -0.661026 10.199997
v 0.704947 -0.704947 10.199997
v 0.661025 -0.740993 10.199997
v 0.610917 -0.767777 10.199997
v 0.556545 -0.784270 10.199997
v 0.500000 -0.789839 10.199997
v 0.443455 -0.784270 10.199997
v 0.389083 -0.767776 10.199997
v 0.338974 -0.740993 10.199997
v 0.338974 0.259007 10.199997
v 0.295053 0.295053 10.199997
v 0.389083 0.232223 10.199997
v 0.443455 0.215730 10.199997
v 0.500000 0.210161 10.199997
v 0.556545 0.215730 10.199997
v 0.610916 0.232223 10.199997
v 0.661025 0.259007 10.199997
v 0.704947 0.295053 10.199997
v 0.740992 0.338974 10.199997
v 0.767776 0.389083 10.199997
v 0.784270 0.443455 10.199997
v 0.789839 0.500000 10.199997
v 0.784270 0.556544 10.199997
v 0.767776 0.610917 10.199997
v 0.740992 0.661026 10.199997
v 0.704947 0.704947 10.199997
v 0.661026 0.740992 10.199997
v 0.610917 0.767776 10.199997
v 0.556544 0.784270 10.199997
v 0.500000 0.789839 10.199997
v 0.443455 0.784270 10.199997
v 0.389084 0.767776 10.199997
v 0.338975 0.740992 10.199997
v 0.295053 0.704947 10.199997
v 0.259008 0.661026 10.199997
v 0.232224 0.610917 10.199997
v 0.215730 0.556544 10.199997
v 0.210161 0.500000 10.199997
v 0.215730 0.443455 10.199997
v 0.232224 0.389083 10.199997
v 0.259008 0.338974 10.199997
v -0.661026 0.259007 10.199997
v -0.704947 0.295053 10.199997
v -0.610917 0.232223 10.199997
v -0.556545 0.215730 10.199997
v -0.500000 0.210161 10.199997
v -0.443455 0.215730 10.199997
v -0.389084 0.232223 10.199997
v -0.338975 0.259007 10.199997
v -0.295053 0.295053 10.199997
v -0.259008 0.338974 10.199997
v -0.232224 0.389083 10.199997
v -0.215730 0.443455 10.199997
v -0.210161 0.500000 10.199997
v -0.215730 0.556544 10.199997
v -0.232224 0.610917 10.199997
v -0.259008 0.661026 10.199997
v -0.295053 0.704947 10.199997
v -0.338974 0.740992 10.199997
v -0.389083 0.767776 10.199997
v -0.443456 0.784270 10.199997
v -0.500000 0.789839 10.199997
v -0.556545 0.784270 10.199997
v -0.610916 0.767776 10.199997
v -0.661025 0.740992 10.199997
v -0.704947 0.704947 10.199997
v -0.740992 0.661026 10.199997
v -0.767776 0.610917 10.199997
v -0.784270 0.556544 10.199997
v -0.789839 0.500000 10.199997
v -0.784270 0.443455 10.199997
v -0.767776 0.389083 10.199997
v -0.740992 0.338974 10.199997
v -0.661026 -0.740993 10.199997
v -0.704947 -0.704948 10.199997
v -0.610917 -0.767777 10.199997
v -0.556545 -0.784270 10.199997
v -0.500000 -0.789839 10.199997
v -0.443455 -0.784270 10.199997
v -0.389083 -0.767777 10.199997
v -0.338975 -0.740993 10.199997
v -0.295053 -0.704947 10.199997
v -0.259008 -0.661026 10.199997
v -0.232224 -0.610917 10.199997
v -0.215730 -0.556545 10.199997
v -0.210161 -0.500000 10.199997
v -0.215730 -0.443456 10.199997
v -0.232224 -0.389083 10.199997
v -0.259008 -0.338974 10.199997
v -0.295053 -0.295053 10.199997
v -0.338974 -0.259008 10.199997
v -0.389083 -0.232224 10.199997
v -0.443456 -0.215730 10.199997
v -0.500000 -0.210161 10.199997
v -0.556545 -0.215730 10.199997
v -0.610916 -0.232224 10.199997
v -0.661025 -0.259008 10.199997
v -0.704947 -0.295053 10.199997
v -0.740992 -0.338974 10.199997
v -0.767776 -0.389083 10.199997
v -0.784270 -0.443456 10.199997
v -0.789839 -0.500000 10.199997
v -0.784270 -0.556545 10.199997
v -0.767776 -0.610917 10.199997
v -0.740992 -0.661026 10.199997
v 0.188474 -0.811527 10.199997
v 0.133684 -0.744765 10.199997
v 0.092971 -0.668597 10.199997
v 0.067901 -0.585950 10.199997
v 0.059435 -0.500000 10.199997
v 0.067901 -0.414051 10.199997
v 0.092971 -0.331403 10.199997
v 0.133684 -0.255235 10.199997
v 0.188474 -0.188474 10.199997
v 0.255236 -0.133684 10.199997
v 0.331403 -0.092971 10.199997
v 0.414050 -0.067901 10.199997
v 0.500000 -0.059435 10.199997
v 0.585950 -0.067901 10.199997
v 0.668597 -0.092971 10.199997
v 0.744764 -0.133684 10.199997
v 0.811526 -0.188474 10.199997
v 0.866316 -0.255235 10.199997
v 0.907029 -0.331403 10.199997
v 0.932099 -0.414051 10.199997
v 0.940565 -0.500000 10.199997
v 0.932099 -0.585950 10.199997
v 0.907029 -0.668597 10.199997
v 0.866316 -0.744765 10.199997
v 0.811526 -0.811526 10.199997
v 0.744764 -0.866317 10.199997
v 0.668597 -0.907029 10.199997
v 0.585950 -0.932100 10.199997
v 0.500000 -0.940565 10.199997
v 0.414050 -0.932100 10.199997
v 0.331403 -0.907029 10.199997
v 0.255236 -0.866317 10.199997
v 0.255236 0.133683 10.199997
v 0.188474 0.188473 10.199997
v 0.331403 0.092971 10.199997
v 0.414050 0.067900 10.199997
v 0.500000 0.059435 10.199997
v 0.585950 0.067900 10.199997
v 0.668597 0.092971 10.199997
v 0.744764 0.133683 10.199997
v 0.811526 0.188474 10.199997
v 0.866316 0.255235 10.199997
v 0.907029 0.331403 10.199997
v 0.932099 0.414050 10.199997
v 0.940565 0.500000 10.199997
v 0.932099 0.585949 10.199997
v 0.907029 0.668597 10.199997
v 0.866316 0.744765 10.199997
v 0.811526 0.811526 10.199997
v 0.744764 0.866316 10.199997
v 0.668597 0.907028 10.199997
v 0.585950 0.932099 10.199997
v 0.500000 0.940565 10.199997
v 0.414050 0.932099 10.199997
v 0.331403 0.907029 10.199997
v 0.255236 0.866316 10.199997
v 0.188474 0.811526 10.199997
v 0.133684 0.744765 10.199997
v 0.092971 0.668597 10.199997
v 0.067901 0.585949 10.199997
v 0.059435 0.500000 10.199997
v 0.067901 0.414050 10.199997
v 0.092971 0.331403 10.199997
v 0.133684 0.255235 10.199997
v -0.744764 0.133683 10.199997
v -0.811526 0.188473 10.199997
v -0.668597 0.092971 10.199997
v -0.585950 0.067900 10.199997
v -0.500000 0.059435 10.199997
v -0.414050 0.067900 10.199997
v -0.331403 0.092971 10.199997
v -0.255236 0.133683 10.199997
v -0.188474 0.188474 10.199997
v -0.133684 0.255235 10.199997
v -0.092971 0.331403 10.199997
v -0.067901 0.414050 10.199997
v -0.059435 0.500000 10.199997
v -0.067901 0.585949 10.199997
v -0.092971 0.668597 10.199997
v -0.133684 0.744765 10.199997
v -0.188474 0.811526 10.199997
v -0.255236 0.866316 10.199997
v -0.331403 0.907028 10.199997
v -0.414050 0.932099 10.199997
v -0.500000 0.940565 10.199997
v -0.585950 0.932099 10.199997
v -0.668597 0.907029 10.199997
v -0.744764 0.866316 10.199997
v -0.811526 0.811526 10.199997
v -0.866316 0.744765 10.199997
v -0.907029 0.668597 10.199997
v -0.932099 0.585949 10.199997
v -0.940565 0.500000 10.199997
v -0.932099 0.414050 10.199997
v -0.907029 0.331403 10.199997
v -0.866316 0.255235 10.199997
v -0.744764 -0.866317 10.199997
v -0.811526 -0.811527 10.199997
v -0.668597 -0.907029 10.199997
v -0.585950 -0.932100 10.199997
v -0.500000 -0.940565 10.199997
v -0.414050 -0.932100 10.199997
v -0.331403 -0.907029 10.199997
v -0.255236 -0.866317 10.199997
v -0.188474 -0.811527 10.199997
v -0.133684 -0.744765 10.199997
v -0.092971 -0.668597 10.199997
v -0.067901 -0.585950 10.199997
v -0.059435 -0.500000 10.199997
v -0.067901 -0.414051 10.199997
v -0.092971 -0.331403 10.199997
v -0.133684 -0.255235 10.199997
v -0.188474 -0.188474 10.199997
v -0.255236 -0.133684 10.199997
v -0.331403 -0.092971 10.199997
v -0.414050 -0.067901 10.199997
v -0.500000 -0.059435 10.199997
v -0.585950 -0.067901 10.199997
v -0.668597 -0.092971 10.199997
v -0.744764 -0.133684 10.199997
v -0.811526 -0.188474 10.199997
v -0.866316 -0.255235 10.199997
v -0.907029 -0.331403 10.199997
v -0.932099 -0.414051 10.199997
v -0.940565 -0.500000 10.199997
v -0.932099 -0.585950 10.199997
v -0.907029 -0.668597 10.199997
v -0.866316 -0.744765 10.199997
v 0.363369 -0.636632 9.800000
v 0.339338 -0.607351 9.800000
v 0.321483 -0.573945 9.800000
v 0.310487 -0.537697 9.800000
v 0.306774 -0.500001 9.800000
v 0.310487 -0.462305 9.800000
v 0.321483 -0.426056 9.800000
v 0.339339 -0.392650 9.800000
v 0.363369 -0.363369 9.800000
v 0.392650 -0.339339 9.800000
v 0.426056 -0.321483 9.800000
v 0.462304 -0.310487 9.800000
v 0.500000 -0.306775 9.800000
v 0.537696 -0.310487 9.800000
v 0.573945 -0.321483 9.800000
v 0.607350 -0.339339 9.800000
v 0.636631 -0.363369 9.800000
v 0.660661 -0.392650 9.800000
v 0.678517 -0.426056 9.800000
v 0.689513 -0.462305 9.800000
v 0.693226 -0.500001 9.800000
v 0.689513 -0.537697 9.800000
v 0.678518 -0.573945 9.800000
v 0.660662 -0.607351 9.800000
v 0.636631 -0.636632 9.800000
v 0.607350 -0.660663 9.800000
v 0.573944 -0.678519 9.800000
v 0.537697 -0.689514 9.800000
v 0.500000 -0.693227 9.800000
v 0.462304 -0.689514 9.800000
v 0.426056 -0.678518 9.800000
v 0.392650 -0.660663 9.800000
v 0.392650 0.339337 9.800000
v 0.363369 0.363368 9.800000
v 0.426056 0.321482 9.800000
v 0.462304 0.310486 9.800000
v 0.500000 0.306773 9.800000
v 0.537697 0.310486 9.800000
v 0.573944 0.321481 9.800000
v 0.607350 0.339337 9.800000
v 0.636631 0.363368 9.800000
v 0.660662 0.392649 9.800000
v 0.678518 0.426055 9.800000
v 0.689513 0.462303 9.800000
v 0.693226 0.499999 9.800000
v 0.689513 0.537695 9.800000
v 0.678517 0.573944 9.800000
v 0.660661 0.607350 9.800000
v 0.636631 0.636631 9.800000
v 0.607351 0.660661 9.800000
v 0.573944 0.678517 9.800000
v 0.537696 0.689512 9.800000
v 0.500000 0.693225 9.800000
v 0.462304 0.689512 9.800000
v 0.426056 0.678517 9.800000
v 0.392650 0.660661 9.800000
v 0.363369 0.636631 9.800000
v 0.339339 0.607350 9.800000
v 0.321483 0.573944 9.800000
v 0.310487 0.537695 9.800000
v 0.306774 0.499999 9.800000
v 0.310487 0.462303 9.800000
v 0.321483 0.426055 9.800000
v 0.339338 0.392649 9.800000
v -0.607350 0.339337 9.800000
v -0.636631 0.363368 9.800000
v -0.573944 0.321482 9.800000
v -0.537696 0.310486 9.800000
v -0.500000 0.306773 9.800000
v -0.462303 0.310486 9.800000
v -0.426056 0.321481 9.800000
v -0.392650 0.339337 9.800000
v -0.363369 0.363368 9.800000
v -0.339338 0.392649 9.800000
v -0.321482 0.426055 9.800000
v -0.310487 0.462303 9.800000
v -0.306774 0.499999 9.800000
v -0.310487 0.537695 9.800000
v -0.321483 0.573944 9.800000
v -0.339339 0.607350 9.800000
v -0.363369 0.636631 9.800000
v -0.392650 0.660661 9.800000
v -0.426056 0.678517 9.800000
v -0.462304 0.689512 9.800000
v -0.500000 0.693225 9.800000
v -0.537697 0.689512 9.800000
v -0.573944 0.678517 9.800000
v -0.607350 0.660661 9.800000
v -0.636631 0.636630 9.800000
v -0.660661 0.607350 9.800000
v -0.678517 0.573944 9.800000
v -0.689513 0.537695 9.800000
v -0.693226 0.499999 9.800000
v -0.689513 0.462303 9.800000
v -0.678517 0.426055 9.800000
v -0.660662 0.392649 9.800000
v -0.607350 -0.660663 9.800000
v -0.636631 -0.636632 9.800000
v -0.573944 -0.678519 9.800000
v -0.537696 -0.689514 9.800000
v -0.500000 -0.693227 9.800000
v -0.462303 -0.689514 9.800000
v -0.426056 -0.678519 9.800000
v -0.392650 -0.660663 9.800000
v -0.363369 -0.636632 9.800000
v -0.339338 -0.607351 9.800000
v -0.321482 -0.573945 9.800000
v -0.310487 -0.537697 9.800000
v -0.306774 -0.500001 9.800000
v -0.310487 -0.462305 9.800000
v -0.321483 -0.426056 9.800000
v -0.339339 -0.392650 9.800000
v -0.363369 -0.363369 9.800000
v -0.392650 -0.339339 9.800000
v -0.426056 -0.321483 9.800000
v -0.462304 -0.310488 9.800000
v -0.500000 -0.306775 9.800000
v -0.537697 -0.310488 9.800000
v -0.573944 -0.321483 9.800000
v -0.607350 -0.339339 9.800000
v -0.636631 -0.363369 9.800000
v -0.660661 -0.392650 9.800000
v -0.678517 -0.426056 9.800000
v -0.689513 -0.462305 9.800000
v -0.693226 -0.500001 9.800000
v -0.689513 -0.537697 9.800000
v -0.678517 -0.573945 9.800000
v -0.660662 -0.607351 9.800000
v -0.246204 1.721243 7.925555
v -0.246204 1.721243 7.174446
v -0.142485 1.759499 7.976336
v -0.142485 1.759499 7.123664
v -0.000000 1.774999 7.998772
v -0.000000 1.774999 7.101229
v 0.142485 1.759499 7.976336
v 0.142485 1.759499 7.123664
v 0.246204 1.721243 7.925555
v 0.246204 1.721243 7.174446
v -0.393927 1.406579 8.150888
v -0.393927 1.406579 6.949113
v -0.227977 1.467790 8.232138
v -0.227977 1.467790 6.867863
v -0.000000 1.492589 8.268035
v -0.000000 1.492589 6.831966
v 0.227977 1.467790 8.232138
v 0.227977 1.467790 6.867863
v 0.393927 1.406579 8.150888
v 0.393927 1.406579 6.949113
vn -0.7000 -0.7000 -0.1413
vn -0.8231 -0.5500 -0.1413
vn -0.9146 -0.3788 -0.1413
vn -0.9709 -0.1931 -0.1413
vn -0.9900 -0.0000 -0.1413
vn -0.9709 0.1931 -0.1413
vn -0.9146 0.3788 -0.1413
vn -0.8231 0.5500 -0.1413
vn -0.7000 0.7000 -0.1413
vn -0.5500 0.8231 -0.1413
vn -0.3788 0.9146 -0.1413
vn -0.1931 0.9709 -0.1413
vn -0.0000 0.9900 -0.1413
vn 0.1931 0.9709 -0.1413
vn 0.3788 0.9146 -0.1413
vn 0.5500 0.8231 -0.1413
vn 0.7000 0.7000 -0.1413
vn 0.8231 0.5500 -0.1413
vn 0.9146 0.3788 -0.1413
vn 0.9709 0.1931 -0.1413
vn 0.9900 -0.0000 -0.1413
vn 0.9709 -0.1931 -0.1413
vn 0.9146 -0.3788 -0.1413
vn 0.8231 -0.5500 -0.1413
vn 0.7000 -0.7000 -0.1413
vn 0.5500 -0.8231 -0.1413
vn 0.3788 -0.9146 -0.1413
vn 0.1931 -0.9709 -0.1413
vn -0.0000 -0.9900 -0.1413
vn -0.1931 -0.9709 -0.1413
vn -0.3788 -0.9146 -0.1413
vn -0.5500 -0.8231 -0.1413
vn -0.0000 -0.0000 -1.0000
vn -0.8315 -0.5556 -0.0000
vn -0.9239 -0.3827 -0.0000
vn -0.9808 -0.1951 -0.0000
vn -1.0000 -0.0000 -0.0000
vn -0.9808 0.1951 -0.0000
vn -0.9239 0.3827 -0.0000
vn -0.8315 0.5556 -0.0000
vn -0.7071 0.7071 -0.0000
vn -0.5556 0.8315 -0.0000
vn -0.3827 0.9239 -0.0000
vn -0.1951 0.9808 -0.0000
vn -0.0000 1.0000 -0.0000
vn 0.1951 0.9808 -0.0000
vn 0.3827 0.9239 -0.0000
vn 0.5556 0.8315 -0.0000
vn 0.7071 0.7071 -0.0000
vn 0.8315 0.5556 -0.0000
vn 0.9239 0.3827 -0.0000
vn 0.9808 0.1951 -0.0000
vn 1.0000 -0.0000 -0.0000
vn 0.9808 -0.1951 -0.0000
vn 0.9239 -0.3827 -0.0000
vn 0.8315 -0.5556 -0.0000
vn 0.7071 -0.7071 -0.0000
vn 0.5556 -0.8315 -0.0000
vn 0.3827 -0.9239 -0.0000
vn 0.1951 -0.9808 -0.0000
vn -0.0000 -1.0000 -0.0000
vn -0.1951 -0.9808 -0.0000
vn -0.3827 -0.9239 -0.0000
vn -0.5556 -0.8315 -0.0000
vn -0.7071 -0.7071 -0.0000
vn -0.0000 -0.0000 1.0000
vn 0.9569 0.2903 -0.0000
vn -0.9569 0.2903 -0.0000
vn 0.9569 -0.2903 -0.0000
vn -0.4128 0.9108 -0.0000
vn 0.4128 0.9108 -0.0000
vn -0.9569 -0.2903 -0.0000
vn -0.8819 -0.4714 -0.0000
vn -0.9952 -0.0980 -0.0000
vn -0.9952 0.0980 -0.0000
vn -0.8819 0.4714 -0.0000
vn -0.7730 0.6344 -0.0000
vn -0.6344 0.7730 -0.0000
vn -0.4714 0.8819 -0.0000
vn -0.2903 0.9569 -0.0000
vn -0.0980 0.9952 -0.0000
vn 0.0980 0.9952 -0.0000
vn 0.2903 0.9569 -0.0000
vn 0.4714 0.8819 -0.0000
vn 0.6344 0.7730 -0.0000
vn 0.7730 0.6344 -0.0000
vn 0.8819 0.4714 -0.0000
vn 0.9952 0.0980 -0.0000
vn 0.9952 -0.0980 -0.0000
vn 0.8819 -0.4714 -0.0000
vn 0.7730 -0.6344 -0.0000
vn 0.6344 -0.7730 -0.0000
vn 0.4714 -0.8819 -0.0000
vn 0.2903 -0.9569 -0.0000
vn 0.0980 -0.9952 -0.0000
vn -0.0980 -0.9952 -0.0000
vn -0.2903 -0.9569 -0.0000
vn -0.4714 -0.8819 -0.0000
vn -0.6344 -0.7730 -0.0000
vn -0.7730 -0.6344 -0.0000
vn 0.0297 0.0198 -0.9994
vn 0.0330 0.0137 -0.9994
vn 0.0350 0.0070 -0.9994
vn 0.0357 -0.0000 -0.9994
vn 0.0350 -0.0070 -0.9994
vn 0.0330 -0.0137 -0.9994
vn 0.0297 -0.0198 -0.9994
vn 0.0253 -0.0253 -0.9994
vn 0.0198 -0.0297 -0.9994
vn 0.0137 -0.0330 -0.9994
vn 0.0070 -0.0350 -0.9994
vn -0.0000 -0.0357 -0.9994
vn -0.0070 -0.0350 -0.9994
vn -0.0137 -0.0330 -0.9994
vn -0.0198 -0.0297 -0.9994
vn -0.0253 -0.0253 -0.9994
vn -0.0297 -0.0198 -0.9994
vn -0.0330 -0.0137 -0.9994
vn -0.0350 -0.0070 -0.9994
vn -0.0357 -0.0000 -0.9994
vn -0.0350 0.0070 -0.9994
vn -0.0330 0.0137 -0.9994
vn -0.0297 0.0198 -0.9994
vn -0.0253 0.0253 -0.9994
vn -0.0198 0.0297 -0.9994
vn -0.0137 0.0330 -0.9994
vn -0.0070 0.0350 -0.9994
vn -0.0000 0.0357 -0.9994
vn 0.0070 0.0350 -0.9994
vn 0.0137 0.0330 -0.9994
vn 0.0198 0.0297 -0.9994
vn 0.0253 0.0253 -0.9994
vn 0.0228 0.0277 0.9994
vn 0.0169 0.0317 0.9994
vn 0.0104 0.0343 0.9994
vn 0.0035 0.0357 0.9994
vn -0.0035 0.0357 0.9994
vn -0.0104 0.0343 0.9994
vn -0.0169 0.0316 0.9994
vn -0.0228 0.0277 0.9994
vn -0.0277 0.0228 0.9994
vn -0.0317 0.0169 0.9994
vn -0.0343 0.0104 0.9994
vn -0.0357 0.0035 0.9994
vn -0.0357 -0.0035 0.9994
vn -0.0343 -0.0104 0.9994
vn -0.0317 -0.0169 0.9994
vn -0.0277 -0.0228 0.9994
vn -0.0228 -0.0277 0.9994
vn -0.0169 -0.0317 0.9994
vn -0.0104 -0.0343 0.9994
vn -0.0035 -0.0357 0.9994
vn 0.0035 -0.0357 0.9994
vn 0.0104 -0.0343 0.9994
vn 0.0169 -0.0316 0.9994
vn 0.0228 -0.0277 0.9994
vn 0.0277 -0.0228 0.9994
vn 0.0317 -0.0169 0.9994
vn 0.0343 -0.0104 0.9994
vn 0.0357 -0.0035 0.9994
vn 0.0357 0.0035 0.9994
vn 0.0343 0.0104 0.9994
vn 0.0317 0.0169 0.9994
vn 0.0277 0.0228 0.9994
vn -0.0336 0.9994 -0.0009
vn -0.0776 0.9970 -0.0000
vn -0.0465 0.9989 -0.0000
vn -0.0776 -0.9970 -0.0000
vn -0.0336 -0.9994 -0.0009
vn -0.0465 -0.9989 -0.0000
vn -0.0743 -0.9972 -0.0012
vn -0.0738 -0.9973 -0.0000
vn 0.0776 0.9970 -0.0000
vn 0.0326 0.9995 -0.0001
vn 0.0455 0.9990 0.0008
vn 0.0326 -0.9995 -0.0001
vn 0.0776 -0.9970 -0.0000
vn 0.0455 -0.9990 0.0008
vn 0.0743 0.9972 -0.0004
vn 0.0737 0.9973 0.0017
vn -0.6665 -0.0000 -0.7455
vn -0.5246 -0.0000 -0.8514
vn -0.0738 0.9973 -0.0000
vn -0.0743 0.9972 -0.0012
vn 0.0737 -0.9973 0.0017
vn 0.0743 -0.9972 -0.0004
vn -0.7824 -0.0000 -0.6227
vn 0.1339 -0.9910 -0.0000
vn 0.1349 -0.9909 -0.0008
vn 0.1140 -0.9935 -0.0013
vn 0.1339 -0.9910 0.0016
vn 0.1349 0.9909 -0.0008
vn 0.1339 0.9910 -0.0000
vn 0.1140 0.9935 -0.0013
vn 0.1359 0.9907 -0.0000
vn -0.1140 0.9935 -0.0013
vn 0.1339 0.9910 0.0016
vn -0.1140 -0.9935 -0.0013
vn 0.1359 -0.9907 -0.0000
vn -0.1329 0.9911 -0.0008
vn -0.1349 0.9909 -0.0008
vn -0.1319 0.9913 -0.0000
vn -0.1349 -0.9909 -0.0008
vn -0.1329 -0.9911 -0.0008
vn -0.1359 -0.9907 -0.0000
vn -0.1319 -0.9913 -0.0000
vn -0.1359 0.9907 -0.0000
vn -0.8035 -0.0791 -0.5900
vn 0.7824 -0.0000 -0.6227
vn 0.6665 -0.0000 -0.7455
vn 0.5246 -0.0000 -0.8514
vn -0.1282 0.9917 -0.0000
vn -0.1282 -0.9917 -0.0000
vn -0.3806 0.7121 -0.5900
vn 0.7121 -0.3806 -0.5900
vn -0.7726 -0.2344 -0.5900
vn 0.1282 0.9917 -0.0000
vn 0.1282 -0.9917 -0.0000
vn -0.2822 -0.9304 0.2337
vn -0.2822 0.9304 0.2337
vn -0.4583 -0.8575 0.2337
vn -0.0953 0.9676 0.2337
vn 0.7726 -0.2344 -0.5900
vn -0.5122 0.6241 -0.5900
vn -0.8035 0.0791 -0.5900
vn 0.8035 -0.0791 -0.5900
vn -0.6241 0.5122 -0.5900
vn -0.7726 0.2344 -0.5900
vn 0.8035 0.0791 -0.5900
vn -0.7121 0.3806 -0.5900
vn 0.7726 0.2344 -0.5900
vn 0.7121 0.3806 -0.5900
vn 0.6241 0.5122 -0.5900
vn 0.5122 0.6241 -0.5900
vn -0.2344 0.7726 -0.5900
vn 0.3806 0.7121 -0.5900
vn -0.7121 -0.3806 -0.5900
vn -0.0791 0.8035 -0.5900
vn 0.2344 0.7726 -0.5900
vn -0.6241 -0.5122 -0.5900
vn 0.0791 0.8035 -0.5900
vn -0.5122 -0.6241 -0.5900
vn -0.3806 -0.7121 -0.5900
vn -0.2344 -0.7726 -0.5900
vn -0.0791 -0.8035 -0.5900
vn 0.0791 -0.8035 -0.5900
vn 0.2344 -0.7726 -0.5900
vn 0.3806 -0.7121 -0.5900
vn 0.5122 -0.6241 -0.5900
vn 0.6241 -0.5122 -0.5900
vn -0.4583 0.8575 0.2337
vn -0.0953 -0.9676 0.2337
vn 0.7516 0.6168 0.2337
vn -0.6168 0.7516 0.2337
vn 0.0953 -0.9676 0.2337
vn 0.8575 0.4583 0.2337
vn -0.7516 0.6168 0.2337
vn 0.2822 -0.9304 0.2337
vn 0.9304 0.2822 0.2337
vn -0.8575 0.4583 0.2337
vn 0.4583 -0.8575 0.2337
vn 0.9676 0.0953 0.2337
vn -0.9304 0.2822 0.2337
vn 0.6168 -0.7516 0.2337
vn 0.9676 -0.0953 0.2337
vn -0.9676 0.0953 0.2337
vn 0.7516 -0.6168 0.2337
vn 0.9304 -0.2822 0.2337
vn -0.9676 -0.0953 0.2337
vn 0.8575 -0.4583 0.2337
vn -0.9304 -0.2822 0.2337
vn -0.8575 -0.4583 0.2337
vn -0.7516 -0.6168 0.2337
vn -0.6168 -0.7516 0.2337
vn 0.6168 0.7516 0.2337
vn 0.4583 0.8575 0.2337
vn 0.2822 0.9304 0.2337
vn 0.0953 0.9676 0.2337
vn -0.5144 0.6456 0.5643
vn -0.1857 0.6781 0.7112
vn 0.1857 0.6781 0.7112
vn 0.5144 0.6456 0.5643
vn 0.9052 0.4250 -0.0000
vn 0.5145 0.6456 -0.5643
vn 0.1857 0.6781 -0.7112
vn -0.1857 0.6781 -0.7112
vn -0.5145 0.6456 -0.5643
vn -0.9052 0.4250 -0.0000
vn -0.1081 0.9941 -0.0000
vn -0.3461 0.9382 -0.0000
vn 0.1081 0.9941 -0.0000
vn 0.3461 0.9382 -0.0000
vn -0.5228 0.8397 -0.1467
vn -0.2323 0.8384 -0.4931
vn -0.2682 0.8523 -0.4490
vn -0.4816 0.8540 -0.1968
vn -0.0000 0.7882 -0.6154
vn 0.2323 0.8384 -0.4931
vn 0.2682 0.8523 -0.4490
vn 0.5228 0.8397 -0.1467
vn 0.4816 0.8540 -0.1968
vn 0.5228 0.8397 0.1467
vn 0.4816 0.8540 0.1968
vn 0.2323 0.8384 0.4931
vn 0.2682 0.8523 0.4490
vn -0.0000 0.7882 0.6154
vn -0.2323 0.8384 0.4931
vn -0.2682 0.8523 0.4490
vn -0.5228 0.8397 0.1467
vn -0.4816 0.8540 0.1968
vt 0.000000 0.000000
s 1
f 33/1/1 64/1/2 12/1/2 13/1/1
f 63/1/3 62/1/4 10/1/4 11/1/3
f 62/1/4 61/1/5 9/1/5 10/1/4
f 61/1/5 60/1/6 1/1/6 9/1/5
f 60/1/6 59/1/7 2/1/7 1/1/6
f 59/1/7 58/1/8 3/1/8 2/1/7
f 58/1/8 57/1/9 4/1/9 3/1/8
f 57/1/9 56/1/10 5/1/10 4/1/9
f 56/1/10 55/1/11 6/1/11 5/1/10
f 55/1/11 54/1/12 7/1/12 6/1/11
f 54/1/12 53/1/13 8/1/13 7/1/12
f 53/1/13 52/1/14 32/1/14 8/1/13
f 52/1/14 51/1/15 31/1/15 32/1/14
f 51/1/15 50/1/16 30/1/16 31/1/15
f 50/1/16 49/1/17 29/1/17 30/1/16
f 49/1/17 48/1/18 28/1/18 29/1/17
f 48/1/18 47/1/19 27/1/19 28/1/18
f 47/1/19 46/1/20 26/1/20 27/1/19
f 46/1/20 45/1/21 25/1/21 26/1/20
f 45/1/21 44/1/22 24/1/22 25/1/21
f 44/1/22 43/1/23 23/1/23 24/1/22
f 43/1/23 42/1/24 22/1/24 23/1/23
f 42/1/24 41/1/25 21/1/25 22/1/24
f 41/1/25 40/1/26 20/1/26 21/1/25
f 40/1/26 39/1/27 19/1/27 20/1/26
f 39/1/27 38/1/28 18/1/28 19/1/27
f 38/1/28 37/1/29 17/1/29 18/1/28
f 37/1/29 36/1/30 16/1/30 17/1/29
f 36/1/30 35/1/31 15/1/31 16/1/30
f 35/1/31 34/1/32 14/1/32 15/1/31
f 34/1/32 33/1/1 13/1/1 14/1/32
f 64/1/2 63/1/3 11/1/3 12/1/2
f 33/1/33 65/1/33 66/1/33 64/1/33
f 64/1/33 66/1/33 67/1/33 63/1/33
f 63/1/33 67/1/33 68/1/33 62/1/33
f 62/1/33 68/1/33 69/1/33 61/1/33
f 61/1/33 69/1/33 70/1/33 60/1/33
f 60/1/33 70/1/33 71/1/33 59/1/33
f 59/1/33 71/1/33 72/1/33 58/1/33
f 58/1/33 72/1/33 73/1/33 57/1/33
f 57/1/33 73/1/33 74/1/33 56/1/33
f 56/1/33 74/1/33 75/1/33 55/1/33
f 55/1/33 75/1/33 76/1/33 54/1/33
f 54/1/33 76/1/33 77/1/33 53/1/33
f 53/1/33 77/1/33 78/1/33 52/1/33
f 52/1/33 78/1/33 79/1/33 51/1/33
f 51/1/33 79/1/33 80/1/33 50/1/33
f 50/1/33 80/1/33 81/1/33 49/1/33
f 49/1/33 81/1/33 82/1/33 48/1/33
f 48/1/33 82/1/33 83/1/33 47/1/33
f 47/1/33 83/1/33 84/1/33 46/1/33
f 46/1/33 84/1/33 85/1/33 45/1/33
f 45/1/33 85/1/33 86/1/33 44/1/33
f 44/1/33 86/1/33 87/1/33 43/1/33
f 43/1/33 87/1/33 88/1/33 42/1/33
f 42/1/33 88/1/33 89/1/33 41/1/33
f 41/1/33 89/1/33 90/1/33 40/1/33
f 40/1/33 90/1/33 91/1/33 39/1/33
f 39/1/33 91/1/33 92/1/33 38/1/33
f 38/1/33 92/1/33 93/1/33 37/1/33
f 37/1/33 93/1/33 94/1/33 36/1/33
f 36/1/33 94/1/33 95/1/33 35/1/33
f 35/1/33 95/1/33 96/1/33 34/1/33
f 34/1/33 96/1/33 65/1/33 33/1/33
f 127/1/34 126/1/35 67/1/35 66/1/34
f 126/1/35 125/1/36 68/1/36 67/1/35
f 125/1/36 124/1/37 69/1/37 68/1/36
f 124/1/37 123/1/38 70/1/38 69/1/37
f 123/1/38 122/1/39 71/1/39 70/1/38
f 122/1/39 121/1/40 72/1/40 71/1/39
f 121/1/40 120/1/41 73/1/41 72/1/40
f 120/1/41 119/1/42 74/1/42 73/1/41
f 119/1/42 118/1/43 75/1/43 74/1/42
f 118/1/43 117/1/44 76/1/44 75/1/43
f 117/1/44 116/1/45 77/1/45 76/1/44
f 116/1/45 115/1/46 78/1/46 77/1/45
f 115/1/46 114/1/47 79/1/47 78/1/46
f 114/1/47 113/1/48 80/1/48 79/1/47
f 113/1/48 112/1/49 81/1/49 80/1/48
f 112/1/49 111/1/50 82/1/50 81/1/49
f 111/1/50 110/1/51 83/1/51 82/1/50
f 110/1/51 109/1/52 84/1/52 83/1/51
f 109/1/52 108/1/53 85/1/53 84/1/52
f 108/1/53 107/1/54 86/1/54 85/1/53
f 107/1/54 106/1/55 87/1/55 86/1/54
f 106/1/55 105/1/56 88/1/56 87/1/55
f 105/1/56 104/1/57 89/1/57 88/1/56
f 104/1/57 103/1/58 90/1/58 89/1/57
f 103/1/58 102/1/59 91/1/59 90/1/58
f 102/1/59 101/1/60 92/1/60 91/1/59
f 101/1/60 100/1/61 93/1/61 92/1/60
f 100/1/61 99/1/62 94/1/62 93/1/61
f 99/1/62 98/1/63 95/1/63 94/1/62
f 98/1/63 97/1/64 96/1/64 95/1/63
f 97/1/64 128/1/65 65/1/65 96/1/64
f 128/1/65 127/1/34 66/1/34 65/1/65
f 160/1/66 159/1/66 126/1/66 127/1/66
f 159/1/66 158/1/66 125/1/66 126/1/66
f 158/1/66 157/1/66 124/1/66 125/1/66
f 157/1/66 156/1/66 123/1/66 124/1/66
f 156/1/66 155/1/66 122/1/66 123/1/66
f 155/1/66 154/1/66 121/1/66 122/1/66
f 154/1/66 153/1/66 120/1/66 121/1/66
f 153/1/66 152/1/66 119/1/66 120/1/66
f 152/1/66 151/1/66 118/1/66 119/1/66
f 151/1/66 150/1/66 117/1/66 118/1/66
f 150/1/66 149/1/66 116/1/66 117/1/66
f 149/1/66 148/1/66 115/1/66 116/1/66
f 148/1/66 147/1/66 114/1/66 115/1/66
f 147/1/66 146/1/66 113/1/66 114/1/66
f 146/1/66 145/1/66 112/1/66 113/1/66
f 145/1/66 144/1/66 111/1/66 112/1/66
f 144/1/66 143/1/66 110/1/66 111/1/66
f 143/1/66 142/1/66 109/1/66 110/1/66
f 142/1/66 141/1/66 108/1/66 109/1/66
f 141/1/66 140/1/66 107/1/66 108/1/66
f 140/1/66 139/1/66 106/1/66 107/1/66
f 139/1/66 138/1/66 105/1/66 106/1/66
f 138/1/66 137/1/66 104/1/66 105/1/66
f 137/1/66 136/1/66 103/1/66 104/1/66
f 136/1/66 135/1/66 102/1/66 103/1/66
f 135/1/66 134/1/66 101/1/66 102/1/66
f 134/1/66 133/1/66 100/1/66 101/1/66
f 133/1/66 132/1/66 99/1/66 100/1/66
f 132/1/66 131/1/66 98/1/66 99/1/66
f 131/1/66 130/1/66 97/1/66 98/1/66
f 130/1/66 129/1/66 128/1/66 97/1/66
f 129/1/66 160/1/66 127/1/66 128/1/66
f 290/1/66 289/1/66 291/1/66
f 297/1/65 300/1/64 430/1/64 399/1/65
f 301/1/67 304/1/51 417/1/51 418/1/67
f 305/1/39 295/1/68 404/1/68 405/1/39
f 373/1/66 418/1/66 419/1/66 420/1/66 372/1/66
f 307/1/40 305/1/39 405/1/39 406/1/40
f 311/1/41 307/1/40 406/1/40 407/1/41
f 313/1/55 309/1/69 420/1/69 421/1/55
f 315/1/42 311/1/41 407/1/41 408/1/42
f 317/1/56 313/1/55 421/1/55 422/1/56
f 319/1/70 315/1/42 408/1/42 409/1/43
f 321/1/57 317/1/56 422/1/56 423/1/57
f 323/1/44 319/1/70 409/1/43 410/1/44
f 325/1/58 321/1/57 423/1/57 424/1/58
f 327/1/45 323/1/44 410/1/44 411/1/45
f 329/1/59 325/1/58 424/1/58 425/1/59
f 331/1/46 327/1/45 411/1/45 412/1/46
f 333/1/60 329/1/59 425/1/59 426/1/60
f 335/1/71 331/1/46 412/1/46 413/1/47
f 337/1/34 297/1/65 399/1/65 400/1/34
f 339/1/61 333/1/60 426/1/60 427/1/61
f 341/1/48 335/1/71 413/1/47 414/1/48
f 343/1/35 337/1/34 400/1/34 401/1/35
f 345/1/62 339/1/61 427/1/61 428/1/62
f 347/1/49 341/1/48 414/1/48 415/1/49
f 349/1/72 343/1/35 401/1/35 402/1/72
f 351/1/63 345/1/62 428/1/62 429/1/63
f 353/1/50 347/1/49 415/1/49 416/1/50
f 300/1/64 351/1/63 429/1/63 430/1/64
f 304/1/51 353/1/50 416/1/50 417/1/51
f 288/1/73 287/1/73 255/1/73 256/1/73
f 287/1/72 286/1/72 254/1/72 255/1/72
f 286/1/74 285/1/74 253/1/74 254/1/74
f 285/1/75 284/1/75 252/1/75 253/1/75
f 284/1/68 283/1/68 251/1/68 252/1/68
f 283/1/76 282/1/76 250/1/76 251/1/76
f 282/1/77 281/1/77 249/1/77 250/1/77
f 281/1/78 280/1/78 248/1/78 249/1/78
f 280/1/79 279/1/79 247/1/79 248/1/79
f 279/1/80 278/1/80 246/1/80 247/1/80
f 278/1/81 277/1/81 245/1/81 246/1/81
f 277/1/82 276/1/82 244/1/82 245/1/82
f 276/1/83 275/1/83 243/1/83 244/1/83
f 275/1/84 274/1/84 242/1/84 243/1/84
f 274/1/85 273/1/85 241/1/85 242/1/85
f 273/1/86 272/1/86 240/1/86 241/1/86
f 272/1/87 271/1/87 239/1/87 240/1/87
f 271/1/67 270/1/67 238/1/67 239/1/67
f 270/1/88 269/1/88 237/1/88 238/1/88
f 269/1/89 268/1/89 236/1/89 237/1/89
f 268/1/69 267/1/69 235/1/69 236/1/69
f 267/1/90 266/1/90 234/1/90 235/1/90
f 266/1/91 265/1/91 233/1/91 234/1/91
f 265/1/92 264/1/92 232/1/92 233/1/92
f 264/1/93 263/1/93 231/1/93 232/1/93
f 263/1/94 262/1/94 230/1/94 231/1/94
f 262/1/95 261/1/95 229/1/95 230/1/95
f 261/1/96 260/1/96 228/1/96 229/1/96
f 260/1/97 259/1/97 227/1/97 228/1/97
f 259/1/98 258/1/98 226/1/98 227/1/98
f 258/1/99 257/1/99 225/1/99 226/1/99
f 257/1/100 288/1/100 256/1/100 225/1/100
f 256/1/101 255/1/102 401/1/102 400/1/101
f 255/1/102 254/1/103 402/1/103 401/1/102
f 254/1/103 253/1/104 403/1/104 402/1/103
f 253/1/104 252/1/105 404/1/105 403/1/104
f 252/1/105 251/1/106 405/1/106 404/1/105
f 251/1/106 250/1/107 406/1/107 405/1/106
f 250/1/107 249/1/108 407/1/108 406/1/107
f 249/1/108 248/1/109 408/1/109 407/1/108
f 248/1/109 247/1/110 409/1/110 408/1/109
f 247/1/110 246/1/111 410/1/111 409/1/110
f 246/1/111 245/1/112 411/1/112 410/1/111
f 245/1/112 244/1/113 412/1/113 411/1/112
f 244/1/113 243/1/114 413/1/114 412/1/113
f 243/1/114 242/1/115 414/1/115 413/1/114
f 242/1/115 241/1/116 415/1/116 414/1/115
f 241/1/116 240/1/117 416/1/117 415/1/116
f 240/1/117 239/1/118 417/1/118 416/1/117
f 239/1/118 238/1/119 418/1/119 417/1/118
f 238/1/119 237/1/120 419/1/120 418/1/119
f 237/1/120 236/1/121 420/1/121 419/1/120
f 236/1/121 235/1/122 421/1/122 420/1/121
f 235/1/122 234/1/123 422/1/123 421/1/122
f 234/1/123 233/1/124 423/1/124 422/1/123
f 233/1/124 232/1/125 424/1/125 423/1/124
f 232/1/125 231/1/126 425/1/126 424/1/125
f 231/1/126 230/1/127 426/1/127 425/1/126
f 230/1/127 229/1/128 427/1/128 426/1/127
f 229/1/128 228/1/129 428/1/129 427/1/128
f 228/1/129 227/1/130 429/1/130 428/1/129
f 227/1/130 226/1/131 430/1/131 429/1/130
f 226/1/131 225/1/132 399/1/132 430/1/131
f 225/1/132 256/1/101 400/1/101 399/1/132
f 257/1/133 258/1/133 194/1/133 193/1/133
f 258/1/134 259/1/134 195/1/134 194/1/134
f 259/1/135 260/1/135 196/1/135 195/1/135
f 260/1/136 261/1/136 197/1/136 196/1/136
f 261/1/137 262/1/137 198/1/137 197/1/137
f 262/1/138 263/1/138 199/1/138 198/1/138
f 263/1/139 264/1/139 200/1/139 199/1/139
f 264/1/140 265/1/140 201/1/140 200/1/140
f 265/1/141 266/1/141 202/1/141 201/1/141
f 266/1/142 267/1/142 203/1/142 202/1/142
f 267/1/143 268/1/143 204/1/143 203/1/143
f 268/1/144 269/1/144 205/1/144 204/1/144
f 269/1/145 270/1/145 206/1/145 205/1/145
f 270/1/146 271/1/146 207/1/146 206/1/146
f 271/1/147 272/1/147 208/1/147 207/1/147
f 272/1/148 273/1/148 209/1/148 208/1/148
f 273/1/149 274/1/149 210/1/149 209/1/149
f 274/1/150 275/1/150 211/1/150 210/1/150
f 275/1/151 276/1/151 212/1/151 211/1/151
f 276/1/152 277/1/152 213/1/152 212/1/152
f 277/1/153 278/1/153 214/1/153 213/1/153
f 278/1/154 279/1/154 215/1/154 214/1/154
f 279/1/155 280/1/155 216/1/155 215/1/155
f 280/1/156 281/1/156 217/1/156 216/1/156
f 281/1/157 282/1/157 218/1/157 217/1/157
f 282/1/158 283/1/158 219/1/158 218/1/158
f 283/1/159 284/1/159 220/1/159 219/1/159
f 284/1/160 285/1/160 221/1/160 220/1/160
f 285/1/161 286/1/161 222/1/161 221/1/161
f 286/1/162 287/1/162 223/1/162 222/1/162
f 287/1/163 288/1/163 224/1/163 223/1/163
f 288/1/164 257/1/164 193/1/164 224/1/164
f 355/1/165 356/1/166 290/1/166 291/1/167
f 356/1/168 357/1/169 289/1/170 290/1/168
f 384/1/171 380/1/172 289/1/170 357/1/169
f 359/1/173 358/1/174 292/1/175 293/1/173
f 360/1/176 359/1/177 293/1/177 294/1/178
f 376/1/179 373/1/180 292/1/175 358/1/174
f 357/1/181 356/1/182 355/1/181
f 382/1/183 385/1/184 355/1/165 291/1/167
f 143/1/51 144/1/50 354/1/50 303/1/51
f 303/1/51 354/1/50 353/1/50 304/1/51
f 130/1/64 131/1/63 352/1/63 299/1/64
f 299/1/64 352/1/63 351/1/63 300/1/64
f 144/1/50 145/1/49 348/1/49 354/1/50
f 354/1/50 348/1/49 347/1/49 353/1/50
f 131/1/63 132/1/62 346/1/62 352/1/63
f 352/1/63 346/1/62 345/1/62 351/1/63
f 158/1/72 159/1/35 344/1/35 350/1/72
f 350/1/72 344/1/35 343/1/35 349/1/72
f 145/1/49 146/1/48 342/1/48 348/1/49
f 348/1/49 342/1/48 341/1/48 347/1/49
f 132/1/62 133/1/61 340/1/61 346/1/62
f 346/1/62 340/1/61 339/1/61 345/1/62
f 159/1/35 160/1/34 338/1/34 344/1/35
f 344/1/35 338/1/34 337/1/34 343/1/35
f 146/1/48 147/1/47 336/1/71 342/1/48
f 342/1/48 336/1/71 335/1/71 341/1/48
f 133/1/61 134/1/60 334/1/60 340/1/61
f 340/1/61 334/1/60 333/1/60 339/1/61
f 160/1/34 129/1/65 298/1/65 338/1/34
f 338/1/34 298/1/65 297/1/65 337/1/34
f 147/1/47 148/1/46 332/1/46 336/1/71
f 331/1/66 367/1/66 369/1/66 335/1/66
f 134/1/60 135/1/59 330/1/59 334/1/60
f 334/1/60 330/1/59 329/1/59 333/1/60
f 148/1/46 149/1/45 328/1/45 332/1/46
f 335/1/53 369/1/53 370/1/53 336/1/53
f 135/1/59 136/1/58 326/1/58 330/1/59
f 330/1/59 326/1/58 325/1/58 329/1/59
f 149/1/45 150/1/44 324/1/44 328/1/45
f 332/1/33 368/1/33 366/1/33 328/1/33
f 136/1/58 137/1/57 322/1/57 326/1/58
f 326/1/58 322/1/57 321/1/57 325/1/58
f 150/1/44 151/1/43 320/1/70 324/1/44
f 336/1/33 370/1/33 368/1/33 332/1/33
f 137/1/57 138/1/56 318/1/56 322/1/57
f 322/1/57 318/1/56 317/1/56 321/1/57
f 151/1/43 152/1/42 316/1/42 320/1/70
f 320/1/70 316/1/42 315/1/42 319/1/70
f 138/1/56 139/1/55 314/1/55 318/1/56
f 318/1/56 314/1/55 313/1/55 317/1/56
f 152/1/42 153/1/41 312/1/41 316/1/42
f 316/1/42 312/1/41 311/1/41 315/1/42
f 139/1/55 140/1/69 310/1/69 314/1/55
f 314/1/55 310/1/69 309/1/69 313/1/55
f 153/1/41 154/1/40 308/1/40 312/1/41
f 312/1/41 308/1/40 307/1/40 311/1/41
f 372/1/185 377/1/186 360/1/176 294/1/178
f 383/1/187 357/1/181 355/1/181 386/1/187
f 154/1/40 155/1/39 306/1/39 308/1/40
f 308/1/40 306/1/39 305/1/39 307/1/40
f 155/1/39 156/1/68 296/1/68 306/1/39
f 306/1/39 296/1/68 295/1/68 305/1/39
f 142/1/67 143/1/51 303/1/51 302/1/67
f 302/1/67 303/1/51 304/1/51 301/1/67
f 129/1/65 130/1/64 299/1/64 298/1/65
f 298/1/65 299/1/64 300/1/64 297/1/65
f 370/1/97 369/1/97 367/1/62 368/1/62
f 368/1/62 367/1/62 365/1/61 366/1/61
f 366/1/61 365/1/61 363/1/60 364/1/60
f 364/1/60 363/1/60 361/1/94 362/1/94
f 328/1/33 366/1/33 364/1/33 324/1/33
f 327/1/66 365/1/66 367/1/66 331/1/66
f 324/1/33 364/1/33 362/1/33 320/1/33
f 320/1/37 362/1/37 361/1/37 319/1/37
f 323/1/66 363/1/66 365/1/66 327/1/66
f 319/1/66 361/1/66 363/1/66 323/1/66
f 309/1/188 310/1/189 378/1/190 377/1/186
f 420/1/191 309/1/188 377/1/186 372/1/185
f 302/1/192 301/1/193 376/1/179 375/1/194
f 142/1/195 302/1/192 375/1/194 387/1/195
f 385/1/184 386/1/196 355/1/165
f 301/1/193 418/1/197 373/1/180 376/1/179
f 293/1/66 292/1/66 294/1/66
f 357/1/169 383/1/198 384/1/171
f 310/1/189 140/1/199 388/1/199 378/1/190
f 372/1/66 294/1/66 292/1/66 373/1/66
f 295/1/200 296/1/201 386/1/196 385/1/184
f 404/1/202 295/1/200 385/1/184 382/1/183
f 350/1/203 349/1/204 384/1/171 383/1/198
f 158/1/205 350/1/203 383/1/198 391/1/205
f 380/1/66 402/1/66 403/1/66 404/1/66 382/1/66
f 349/1/204 402/1/206 380/1/172 384/1/171
f 296/1/201 156/1/207 392/1/207 386/1/196
f 380/1/66 382/1/66 291/1/66 289/1/66
f 193/1/49 194/1/48 430/1/48 399/1/49
f 194/1/48 195/1/47 429/1/47 430/1/48
f 195/1/47 196/1/46 428/1/46 429/1/47
f 196/1/46 197/1/45 427/1/45 428/1/46
f 197/1/45 198/1/44 426/1/44 427/1/45
f 198/1/44 199/1/43 425/1/43 426/1/44
f 199/1/43 200/1/42 424/1/42 425/1/43
f 200/1/42 201/1/41 423/1/41 424/1/42
f 201/1/41 202/1/40 422/1/40 423/1/41
f 202/1/40 203/1/39 421/1/39 422/1/40
f 203/1/39 204/1/38 420/1/38 421/1/39
f 204/1/38 205/1/37 419/1/37 420/1/38
f 205/1/37 206/1/36 418/1/36 419/1/37
f 206/1/36 207/1/35 417/1/35 418/1/36
f 207/1/35 208/1/34 416/1/34 417/1/35
f 208/1/34 209/1/65 415/1/65 416/1/34
f 209/1/65 210/1/64 414/1/64 415/1/65
f 210/1/64 211/1/63 413/1/63 414/1/64
f 211/1/63 212/1/62 412/1/62 413/1/63
f 212/1/62 213/1/61 411/1/61 412/1/62
f 213/1/61 214/1/60 410/1/60 411/1/61
f 214/1/60 215/1/59 409/1/59 410/1/60
f 215/1/59 216/1/58 408/1/58 409/1/59
f 216/1/58 217/1/57 407/1/57 408/1/58
f 217/1/57 218/1/56 406/1/56 407/1/57
f 218/1/56 219/1/55 405/1/55 406/1/56
f 219/1/55 220/1/54 404/1/54 405/1/55
f 220/1/54 221/1/53 403/1/53 404/1/54
f 221/1/53 222/1/52 402/1/52 403/1/53
f 222/1/52 223/1/51 401/1/51 402/1/52
f 223/1/51 224/1/50 400/1/50 401/1/51
f 224/1/50 193/1/49 399/1/49 400/1/50
f 189/1/208 190/1/208 854/1/208 855/1/208
f 386/1/37 392/1/37 391/1/37 383/1/37
f 394/1/37 393/1/37 431/1/37 432/1/37
f 358/1/174 375/1/194 376/1/179
f 377/1/186 378/1/190 360/1/176
f 375/1/209 358/1/210 360/1/210 378/1/209
f 359/1/211 360/1/210 358/1/210
f 375/1/53 378/1/53 388/1/53 387/1/53
f 371/1/212 390/1/212 396/1/212 398/1/212
f 374/1/33 389/1/33 142/1/33 387/1/33
f 390/1/33 371/1/33 388/1/33 140/1/33
f 371/1/33 374/1/33 387/1/33 388/1/33
f 142/1/33 389/1/33 390/1/33 140/1/33 141/1/33
f 381/1/33 379/1/33 391/1/33 392/1/33
f 379/1/33 393/1/33 158/1/33 391/1/33
f 394/1/33 381/1/33 392/1/33 156/1/33
f 158/1/33 393/1/33 394/1/33 156/1/33 157/1/33
f 397/1/33 398/1/33 396/1/33 395/1/33
f 390/1/53 389/1/53 395/1/53 396/1/53
f 374/1/37 371/1/37 398/1/37 397/1/37
f 389/1/213 374/1/213 397/1/213 395/1/213
f 521/1/214 522/1/214 906/1/214 905/1/214
f 572/1/215 573/1/215 957/1/215 956/1/215
f 190/1/216 191/1/216 853/1/216 854/1/216
f 434/1/33 432/1/33 431/1/33 433/1/33
f 393/1/217 379/1/217 433/1/217 431/1/217
f 381/1/218 394/1/218 432/1/218 434/1/218
f 379/1/53 381/1/53 434/1/53 433/1/53
f 447/1/33 448/1/33 14/1/33 13/1/33
f 448/1/33 449/1/33 15/1/33 14/1/33
f 449/1/33 450/1/33 16/1/33 15/1/33
f 450/1/33 451/1/33 17/1/33 16/1/33
f 451/1/33 452/1/33 18/1/33 17/1/33
f 452/1/33 453/1/33 19/1/33 18/1/33
f 453/1/33 454/1/33 20/1/33 19/1/33
f 454/1/33 455/1/33 21/1/33 20/1/33
f 455/1/33 456/1/33 22/1/33 21/1/33
f 456/1/33 457/1/33 23/1/33 22/1/33
f 457/1/33 458/1/33 24/1/33 23/1/33
f 458/1/33 459/1/33 25/1/33 24/1/33
f 459/1/33 460/1/33 26/1/33 25/1/33
f 460/1/33 461/1/33 27/1/33 26/1/33
f 461/1/33 462/1/33 28/1/33 27/1/33
f 462/1/33 463/1/33 29/1/33 28/1/33
f 463/1/33 464/1/33 30/1/33 29/1/33
f 464/1/33 465/1/33 31/1/33 30/1/33
f 465/1/33 466/1/33 32/1/33 31/1/33
f 466/1/33 442/1/33 8/1/33 32/1/33
f 442/1/33 441/1/33 7/1/33 8/1/33
f 441/1/33 440/1/33 6/1/33 7/1/33
f 440/1/33 439/1/33 5/1/33 6/1/33
f 439/1/33 438/1/33 4/1/33 5/1/33
f 438/1/33 437/1/33 3/1/33 4/1/33
f 437/1/33 436/1/33 2/1/33 3/1/33
f 436/1/33 435/1/33 1/1/33 2/1/33
f 435/1/33 443/1/33 9/1/33 1/1/33
f 443/1/33 444/1/33 10/1/33 9/1/33
f 444/1/33 445/1/33 11/1/33 10/1/33
f 445/1/33 446/1/33 12/1/33 11/1/33
f 446/1/33 447/1/33 13/1/33 12/1/33
f 448/1/48 447/1/49 479/1/49 480/1/48
f 479/1/33 478/1/33 477/1/33 476/1/33 475/1/33 467/1/33 468/1/33 469/1/33 470/1/33 471/1/33 472/1/33 473/1/33 474/1/33 498/1/33 497/1/33 496/1/33 495/1/33 494/1/33 493/1/33 492/1/33 491/1/33 490/1/33 489/1/33 488/1/33 487/1/33 486/1/33 485/1/33 484/1/33 483/1/33 482/1/33 481/1/33 480/1/33
f 462/1/34 461/1/35 493/1/35 494/1/34
f 449/1/47 448/1/48 480/1/48 481/1/47
f 447/1/49 446/1/50 478/1/50 479/1/49
f 463/1/65 462/1/34 494/1/34 495/1/65
f 450/1/46 449/1/47 481/1/47 482/1/46
f 446/1/50 445/1/51 477/1/51 478/1/50
f 464/1/64 463/1/65 495/1/65 496/1/64
f 451/1/45 450/1/46 482/1/46 483/1/45
f 444/1/52 443/1/53 475/1/53 476/1/52
f 465/1/63 464/1/64 496/1/64 497/1/63
f 452/1/44 451/1/45 483/1/45 484/1/44
f 435/1/54 436/1/55 468/1/55 467/1/54
f 466/1/62 465/1/63 497/1/63 498/1/62
f 453/1/43 452/1/44 484/1/44 485/1/43
f 438/1/57 439/1/58 471/1/58 470/1/57
f 442/1/61 466/1/62 498/1/62 474/1/61
f 454/1/42 453/1/43 485/1/43 486/1/42
f 439/1/58 440/1/59 472/1/59 471/1/58
f 455/1/41 454/1/42 486/1/42 487/1/41
f 440/1/59 441/1/60 473/1/60 472/1/59
f 456/1/40 455/1/41 487/1/41 488/1/40
f 441/1/60 442/1/61 474/1/61 473/1/60
f 457/1/39 456/1/40 488/1/40 489/1/39
f 436/1/55 437/1/56 469/1/56 468/1/55
f 458/1/38 457/1/39 489/1/39 490/1/38
f 437/1/56 438/1/57 470/1/57 469/1/56
f 459/1/37 458/1/38 490/1/38 491/1/37
f 443/1/53 435/1/54 467/1/54 475/1/53
f 460/1/36 459/1/37 491/1/37 492/1/36
f 445/1/51 444/1/52 476/1/52 477/1/51
f 461/1/35 460/1/36 492/1/36 493/1/35
f 648/1/66 647/1/66 413/1/66
f 623/1/66 624/1/66 425/1/66
f 647/1/66 646/1/66 413/1/66
f 424/1/66 622/1/66 425/1/66
f 428/1/66 696/1/66 429/1/66
f 621/1/66 622/1/66 424/1/66
f 695/1/66 694/1/66 429/1/66
f 415/1/66 643/1/66 642/1/66
f 694/1/66 430/1/66 429/1/66
f 711/1/66 663/1/66 662/1/66
f 408/1/66 407/1/66 682/1/66
f 694/1/66 693/1/66 430/1/66
f 414/1/66 646/1/66 645/1/66
f 678/1/66 410/1/66 409/1/66
f 428/1/66 427/1/66 698/1/66
f 426/1/66 624/1/66 625/1/66
f 399/1/66 430/1/66 691/1/66
f 617/1/66 618/1/66 422/1/66
f 426/1/66 625/1/66 626/1/66
f 697/1/66 428/1/66 698/1/66
f 621/1/66 424/1/66 620/1/66
f 424/1/66 423/1/66 620/1/66
f 411/1/66 676/1/66 675/1/66
f 423/1/66 422/1/66 618/1/66
f 622/1/66 623/1/66 425/1/66
f 698/1/66 427/1/66 699/1/66
f 620/1/66 423/1/66 619/1/66
f 595/1/66 700/1/66 699/1/66
f 400/1/66 399/1/66 722/1/66
f 619/1/66 423/1/66 618/1/66
f 596/1/66 700/1/66 595/1/66
f 400/1/66 721/1/66 720/1/66
f 722/1/66 721/1/66 400/1/66
f 596/1/66 701/1/66 700/1/66
f 603/1/66 628/1/66 667/1/66
f 403/1/66 402/1/66 716/1/66
f 597/1/66 701/1/66 596/1/66
f 597/1/66 702/1/66 701/1/66
f 401/1/66 400/1/66 720/1/66
f 617/1/66 422/1/66 616/1/66
f 598/1/66 702/1/66 597/1/66
f 598/1/66 703/1/66 702/1/66
f 421/1/66 615/1/66 616/1/66
f 719/1/66 401/1/66 720/1/66
f 599/1/66 703/1/66 598/1/66
f 420/1/66 614/1/66 421/1/66
f 719/1/66 718/1/66 401/1/66
f 599/1/66 704/1/66 703/1/66
f 628/1/66 603/1/66 627/1/66
f 718/1/66 402/1/66 401/1/66
f 600/1/66 704/1/66 599/1/66
f 600/1/66 601/1/66 704/1/66
f 717/1/66 402/1/66 718/1/66
f 420/1/66 613/1/66 614/1/66
f 635/1/66 634/1/66 610/1/66
f 601/1/66 706/1/66 705/1/66
f 716/1/66 402/1/66 717/1/66
f 420/1/66 612/1/66 613/1/66
f 602/1/66 706/1/66 601/1/66
f 602/1/66 707/1/66 706/1/66
f 715/1/66 403/1/66 716/1/66
f 420/1/66 419/1/66 612/1/66
f 603/1/66 707/1/66 602/1/66
f 410/1/66 677/1/66 676/1/66
f 419/1/66 611/1/66 612/1/66
f 603/1/66 667/1/66 707/1/66
f 714/1/66 659/1/66 715/1/66
f 711/1/66 710/1/66 664/1/66
f 707/1/66 667/1/66 708/1/66
f 661/1/66 659/1/66 713/1/66
f 624/1/66 426/1/66 425/1/66
f 604/1/66 605/1/66 627/1/66
f 611/1/66 419/1/66 635/1/66
f 605/1/66 629/1/66 627/1/66
f 403/1/66 715/1/66 660/1/66
f 712/1/66 662/1/66 713/1/66
f 606/1/66 630/1/66 605/1/66
f 666/1/66 665/1/66 708/1/66
f 711/1/66 662/1/66 712/1/66
f 427/1/66 426/1/66 626/1/66
f 631/1/66 630/1/66 607/1/66
f 650/1/66 649/1/66 412/1/66
f 632/1/66 607/1/66 608/1/66
f 634/1/66 633/1/66 610/1/66
f 631/1/66 607/1/66 632/1/66
f 665/1/66 709/1/66 708/1/66
f 609/1/66 633/1/66 608/1/66
f 662/1/66 661/1/66 713/1/66
f 603/1/66 604/1/66 627/1/66
f 630/1/66 629/1/66 605/1/66
f 663/1/66 711/1/66 664/1/66
f 601/1/66 705/1/66 704/1/66
f 414/1/66 645/1/66 644/1/66
f 664/1/66 710/1/66 665/1/66
f 633/1/66 609/1/66 610/1/66
f 697/1/66 696/1/66 428/1/66
f 710/1/66 709/1/66 665/1/66
f 659/1/66 714/1/66 713/1/66
f 399/1/66 692/1/66 722/1/66
f 630/1/66 606/1/66 607/1/66
f 419/1/66 418/1/66 636/1/66
f 427/1/66 626/1/66 595/1/66
f 635/1/66 419/1/66 636/1/66
f 658/1/66 667/1/66 628/1/66
f 658/1/66 668/1/66 667/1/66
f 404/1/66 403/1/66 690/1/66
f 404/1/66 689/1/66 688/1/66
f 690/1/66 689/1/66 404/1/66
f 422/1/66 421/1/66 616/1/66
f 657/1/66 669/1/66 658/1/66
f 667/1/66 666/1/66 708/1/66
f 637/1/66 636/1/66 418/1/66
f 637/1/66 418/1/66 638/1/66
f 656/1/66 669/1/66 657/1/66
f 656/1/66 670/1/66 669/1/66
f 405/1/66 404/1/66 688/1/66
f 417/1/66 639/1/66 638/1/66
f 656/1/66 671/1/66 670/1/66
f 655/1/66 671/1/66 656/1/66
f 687/1/66 405/1/66 688/1/66
f 417/1/66 640/1/66 639/1/66
f 654/1/66 671/1/66 655/1/66
f 654/1/66 672/1/66 671/1/66
f 686/1/66 405/1/66 687/1/66
f 416/1/66 640/1/66 417/1/66
f 686/1/66 406/1/66 405/1/66
f 416/1/66 641/1/66 640/1/66
f 653/1/66 672/1/66 654/1/66
f 653/1/66 673/1/66 672/1/66
f 685/1/66 406/1/66 686/1/66
f 416/1/66 642/1/66 641/1/66
f 652/1/66 673/1/66 653/1/66
f 652/1/66 674/1/66 673/1/66
f 684/1/66 406/1/66 685/1/66
f 416/1/66 415/1/66 642/1/66
f 651/1/66 674/1/66 652/1/66
f 651/1/66 675/1/66 674/1/66
f 683/1/66 407/1/66 684/1/66
f 407/1/66 406/1/66 684/1/66
f 611/1/66 635/1/66 610/1/66
f 415/1/66 644/1/66 643/1/66
f 650/1/66 411/1/66 651/1/66
f 427/1/66 595/1/66 699/1/66
f 682/1/66 407/1/66 683/1/66
f 411/1/66 675/1/66 651/1/66
f 681/1/66 408/1/66 682/1/66
f 415/1/66 414/1/66 644/1/66
f 715/1/66 659/1/66 660/1/66
f 430/1/66 693/1/66 691/1/66
f 411/1/66 650/1/66 412/1/66
f 648/1/66 412/1/66 649/1/66
f 680/1/66 408/1/66 681/1/66
f 411/1/66 410/1/66 676/1/66
f 696/1/66 695/1/66 429/1/66
f 403/1/66 660/1/66 690/1/66
f 418/1/66 417/1/66 638/1/66
f 678/1/66 677/1/66 410/1/66
f 646/1/66 414/1/66 413/1/66
f 399/1/66 691/1/66 692/1/66
f 680/1/66 679/1/66 409/1/66
f 412/1/66 648/1/66 413/1/66
f 408/1/66 680/1/66 409/1/66
f 633/1/66 632/1/66 608/1/66
f 679/1/66 678/1/66 409/1/66
f 614/1/66 615/1/66 421/1/66
f 669/1/66 668/1/66 658/1/66
f 161/1/66 192/1/66 596/1/66 595/1/66
f 192/1/66 191/1/66 597/1/66 596/1/66
f 191/1/66 190/1/66 598/1/66 597/1/66
f 190/1/66 189/1/66 599/1/66 598/1/66
f 189/1/66 188/1/66 600/1/66 599/1/66
f 188/1/66 187/1/66 601/1/66 600/1/66
f 187/1/66 186/1/66 602/1/66 601/1/66
f 186/1/66 185/1/66 603/1/66 602/1/66
f 185/1/66 184/1/66 604/1/66 603/1/66
f 184/1/66 183/1/66 605/1/66 604/1/66
f 183/1/66 182/1/66 606/1/66 605/1/66
f 182/1/66 181/1/66 607/1/66 606/1/66
f 181/1/66 180/1/66 608/1/66 607/1/66
f 180/1/66 179/1/66 609/1/66 608/1/66
f 179/1/66 178/1/66 610/1/66 609/1/66
f 178/1/66 177/1/66 611/1/66 610/1/66
f 177/1/66 176/1/66 612/1/66 611/1/66
f 176/1/66 175/1/66 613/1/66 612/1/66
f 175/1/66 174/1/66 614/1/66 613/1/66
f 174/1/66 173/1/66 615/1/66 614/1/66
f 173/1/66 172/1/66 616/1/66 615/1/66
f 172/1/66 171/1/66 617/1/66 616/1/66
f 171/1/66 170/1/66 618/1/66 617/1/66
f 170/1/66 169/1/66 619/1/66 618/1/66
f 169/1/66 168/1/66 620/1/66 619/1/66
f 168/1/66 167/1/66 621/1/66 620/1/66
f 167/1/66 166/1/66 622/1/66 621/1/66
f 166/1/66 165/1/66 623/1/66 622/1/66
f 165/1/66 164/1/66 624/1/66 623/1/66
f 164/1/66 163/1/66 625/1/66 624/1/66
f 163/1/66 162/1/66 626/1/66 625/1/66
f 162/1/66 161/1/66 595/1/66 626/1/66
f 500/1/66 499/1/66 628/1/66 627/1/66
f 501/1/66 500/1/66 627/1/66 629/1/66
f 502/1/66 501/1/66 629/1/66 630/1/66
f 503/1/66 502/1/66 630/1/66 631/1/66
f 504/1/66 503/1/66 631/1/66 632/1/66
f 505/1/66 504/1/66 632/1/66 633/1/66
f 506/1/66 505/1/66 633/1/66 634/1/66
f 507/1/66 506/1/66 634/1/66 635/1/66
f 508/1/66 507/1/66 635/1/66 636/1/66
f 509/1/66 508/1/66 636/1/66 637/1/66
f 510/1/66 509/1/66 637/1/66 638/1/66
f 511/1/66 510/1/66 638/1/66 639/1/66
f 512/1/66 511/1/66 639/1/66 640/1/66
f 513/1/66 512/1/66 640/1/66 641/1/66
f 514/1/66 513/1/66 641/1/66 642/1/66
f 515/1/66 514/1/66 642/1/66 643/1/66
f 516/1/66 515/1/66 643/1/66 644/1/66
f 517/1/66 516/1/66 644/1/66 645/1/66
f 518/1/66 517/1/66 645/1/66 646/1/66
f 519/1/66 518/1/66 646/1/66 647/1/66
f 520/1/66 519/1/66 647/1/66 648/1/66
f 521/1/66 520/1/66 648/1/66 649/1/66
f 522/1/66 521/1/66 649/1/66 650/1/66
f 523/1/66 522/1/66 650/1/66 651/1/66
f 524/1/66 523/1/66 651/1/66 652/1/66
f 525/1/66 524/1/66 652/1/66 653/1/66
f 526/1/66 525/1/66 653/1/66 654/1/66
f 527/1/66 526/1/66 654/1/66 655/1/66
f 528/1/66 527/1/66 655/1/66 656/1/66
f 529/1/66 528/1/66 656/1/66 657/1/66
f 530/1/66 529/1/66 657/1/66 658/1/66
f 499/1/66 530/1/66 658/1/66 628/1/66
f 532/1/66 531/1/66 660/1/66 659/1/66
f 533/1/66 532/1/66 659/1/66 661/1/66
f 534/1/66 533/1/66 661/1/66 662/1/66
f 535/1/66 534/1/66 662/1/66 663/1/66
f 536/1/66 535/1/66 663/1/66 664/1/66
f 537/1/66 536/1/66 664/1/66 665/1/66
f 538/1/66 537/1/66 665/1/66 666/1/66
f 539/1/66 538/1/66 666/1/66 667/1/66
f 540/1/66 539/1/66 667/1/66 668/1/66
f 541/1/66 540/1/66 668/1/66 669/1/66
f 542/1/66 541/1/66 669/1/66 670/1/66
f 543/1/66 542/1/66 670/1/66 671/1/66
f 544/1/66 543/1/66 671/1/66 672/1/66
f 545/1/66 544/1/66 672/1/66 673/1/66
f 546/1/66 545/1/66 673/1/66 674/1/66
f 547/1/66 546/1/66 674/1/66 675/1/66
f 548/1/66 547/1/66 675/1/66 676/1/66
f 549/1/66 548/1/66 676/1/66 677/1/66
f 550/1/66 549/1/66 677/1/66 678/1/66
f 551/1/66 550/1/66 678/1/66 679/1/66
f 552/1/66 551/1/66 679/1/66 680/1/66
f 553/1/66 552/1/66 680/1/66 681/1/66
f 554/1/66 553/1/66 681/1/66 682/1/66
f 555/1/66 554/1/66 682/1/66 683/1/66
f 556/1/66 555/1/66 683/1/66 684/1/66
f 557/1/66 556/1/66 684/1/66 685/1/66
f 558/1/66 557/1/66 685/1/66 686/1/66
f 559/1/66 558/1/66 686/1/66 687/1/66
f 560/1/66 559/1/66 687/1/66 688/1/66
f 561/1/66 560/1/66 688/1/66 689/1/66
f 562/1/66 561/1/66 689/1/66 690/1/66
f 531/1/66 562/1/66 690/1/66 660/1/66
f 564/1/66 563/1/66 692/1/66 691/1/66
f 565/1/66 564/1/66 691/1/66 693/1/66
f 566/1/66 565/1/66 693/1/66 694/1/66
f 567/1/66 566/1/66 694/1/66 695/1/66
f 568/1/66 567/1/66 695/1/66 696/1/66
f 569/1/66 568/1/66 696/1/66 697/1/66
f 570/1/66 569/1/66 697/1/66 698/1/66
f 571/1/66 570/1/66 698/1/66 699/1/66
f 572/1/66 571/1/66 699/1/66 700/1/66
f 573/1/66 572/1/66 700/1/66 701/1/66
f 574/1/66 573/1/66 701/1/66 702/1/66
f 575/1/66 574/1/66 702/1/66 703/1/66
f 576/1/66 575/1/66 703/1/66 704/1/66
f 577/1/66 576/1/66 704/1/66 705/1/66
f 578/1/66 577/1/66 705/1/66 706/1/66
f 579/1/66 578/1/66 706/1/66 707/1/66
f 580/1/66 579/1/66 707/1/66 708/1/66
f 581/1/66 580/1/66 708/1/66 709/1/66
f 582/1/66 581/1/66 709/1/66 710/1/66
f 583/1/66 582/1/66 710/1/66 711/1/66
f 584/1/66 583/1/66 711/1/66 712/1/66
f 585/1/66 584/1/66 712/1/66 713/1/66
f 586/1/66 585/1/66 713/1/66 714/1/66
f 587/1/66 586/1/66 714/1/66 715/1/66
f 588/1/66 587/1/66 715/1/66 716/1/66
f 589/1/66 588/1/66 716/1/66 717/1/66
f 590/1/66 589/1/66 717/1/66 718/1/66
f 591/1/66 590/1/66 718/1/66 719/1/66
f 592/1/66 591/1/66 719/1/66 720/1/66
f 593/1/66 592/1/66 720/1/66 721/1/66
f 594/1/66 593/1/66 721/1/66 722/1/66
f 563/1/66 594/1/66 722/1/66 692/1/66
f 773/1/219 774/1/219 1030/1/219 1029/1/219
f 824/1/220 825/1/220 1081/1/220 1080/1/220
f 772/1/221 773/1/221 1029/1/221 1028/1/221
f 823/1/222 824/1/222 1080/1/222 1079/1/222
f 573/1/223 574/1/223 958/1/223 957/1/223
f 522/1/224 523/1/224 907/1/224 906/1/224
f 188/1/225 189/1/225 855/1/225 856/1/225
f 574/1/226 575/1/226 959/1/226 958/1/226
f 523/1/227 524/1/227 908/1/227 907/1/227
f 187/1/228 188/1/228 856/1/228 857/1/228
f 575/1/229 576/1/229 960/1/229 959/1/229
f 524/1/230 525/1/230 909/1/230 908/1/230
f 186/1/230 187/1/230 857/1/230 858/1/230
f 576/1/231 577/1/231 961/1/231 960/1/231
f 525/1/228 526/1/228 910/1/228 909/1/228
f 185/1/227 186/1/227 858/1/227 859/1/227
f 577/1/232 578/1/232 962/1/232 961/1/232
f 526/1/225 527/1/225 911/1/225 910/1/225
f 184/1/224 185/1/224 859/1/224 860/1/224
f 578/1/233 579/1/233 963/1/233 962/1/233
f 527/1/208 528/1/208 912/1/208 911/1/208
f 183/1/214 184/1/214 860/1/214 861/1/214
f 579/1/234 580/1/234 964/1/234 963/1/234
f 528/1/216 529/1/216 913/1/216 912/1/216
f 182/1/235 183/1/235 861/1/235 862/1/235
f 580/1/236 581/1/236 965/1/236 964/1/236
f 529/1/237 530/1/237 914/1/237 913/1/237
f 181/1/238 182/1/238 862/1/238 863/1/238
f 581/1/239 582/1/239 966/1/239 965/1/239
f 530/1/240 499/1/240 884/1/240 914/1/240
f 180/1/241 181/1/241 863/1/241 864/1/241
f 582/1/241 583/1/241 967/1/241 966/1/241
f 531/1/242 532/1/242 915/1/242 916/1/242
f 179/1/239 180/1/239 864/1/239 865/1/239
f 583/1/238 584/1/238 968/1/238 967/1/238
f 532/1/243 533/1/243 917/1/243 915/1/243
f 178/1/236 179/1/236 865/1/236 866/1/236
f 584/1/235 585/1/235 969/1/235 968/1/235
f 533/1/244 534/1/244 918/1/244 917/1/244
f 177/1/234 178/1/234 866/1/234 867/1/234
f 585/1/214 586/1/214 970/1/214 969/1/214
f 534/1/245 535/1/245 919/1/245 918/1/245
f 176/1/233 177/1/233 867/1/233 868/1/233
f 586/1/224 587/1/224 971/1/224 970/1/224
f 535/1/246 536/1/246 920/1/246 919/1/246
f 175/1/232 176/1/232 868/1/232 869/1/232
f 587/1/227 588/1/227 972/1/227 971/1/227
f 536/1/247 537/1/247 921/1/247 920/1/247
f 174/1/231 175/1/231 869/1/231 870/1/231
f 588/1/230 589/1/230 973/1/230 972/1/230
f 537/1/248 538/1/248 922/1/248 921/1/248
f 173/1/229 174/1/229 870/1/229 871/1/229
f 589/1/228 590/1/228 974/1/228 973/1/228
f 538/1/249 539/1/249 923/1/249 922/1/249
f 172/1/226 173/1/226 871/1/226 872/1/226
f 590/1/225 591/1/225 975/1/225 974/1/225
f 539/1/250 540/1/250 924/1/250 923/1/250
f 171/1/223 172/1/223 872/1/223 873/1/223
f 591/1/208 592/1/208 976/1/208 975/1/208
f 540/1/215 541/1/215 925/1/215 924/1/215
f 170/1/215 171/1/215 873/1/215 874/1/215
f 592/1/216 593/1/216 977/1/216 976/1/216
f 541/1/223 542/1/223 926/1/223 925/1/223
f 169/1/250 170/1/250 874/1/250 875/1/250
f 593/1/237 594/1/237 978/1/237 977/1/237
f 542/1/226 543/1/226 927/1/226 926/1/226
f 168/1/249 169/1/249 875/1/249 876/1/249
f 594/1/240 563/1/240 948/1/240 978/1/240
f 543/1/229 544/1/229 928/1/229 927/1/229
f 167/1/248 168/1/248 876/1/248 877/1/248
f 544/1/231 545/1/231 929/1/231 928/1/231
f 166/1/247 167/1/247 877/1/247 878/1/247
f 545/1/232 546/1/232 930/1/232 929/1/232
f 165/1/246 166/1/246 878/1/246 879/1/246
f 546/1/233 547/1/233 931/1/233 930/1/233
f 164/1/245 165/1/245 879/1/245 880/1/245
f 547/1/234 548/1/234 932/1/234 931/1/234
f 163/1/244 164/1/244 880/1/244 881/1/244
f 548/1/236 549/1/236 933/1/236 932/1/236
f 162/1/243 163/1/243 881/1/243 882/1/243
f 549/1/239 550/1/239 934/1/239 933/1/239
f 161/1/242 162/1/242 882/1/242 851/1/242
f 550/1/241 551/1/241 935/1/241 934/1/241
f 499/1/242 500/1/242 883/1/242 884/1/242
f 551/1/238 552/1/238 936/1/238 935/1/238
f 500/1/243 501/1/243 885/1/243 883/1/243
f 552/1/235 553/1/235 937/1/235 936/1/235
f 501/1/244 502/1/244 886/1/244 885/1/244
f 553/1/214 554/1/214 938/1/214 937/1/214
f 502/1/245 503/1/245 887/1/245 886/1/245
f 554/1/224 555/1/224 939/1/224 938/1/224
f 503/1/246 504/1/246 888/1/246 887/1/246
f 555/1/227 556/1/227 940/1/227 939/1/227
f 504/1/247 505/1/247 889/1/247 888/1/247
f 556/1/230 557/1/230 941/1/230 940/1/230
f 505/1/248 506/1/248 890/1/248 889/1/248
f 557/1/228 558/1/228 942/1/228 941/1/228
f 506/1/249 507/1/249 891/1/249 890/1/249
f 558/1/225 559/1/225 943/1/225 942/1/225
f 507/1/250 508/1/250 892/1/250 891/1/250
f 559/1/208 560/1/208 944/1/208 943/1/208
f 508/1/215 509/1/215 893/1/215 892/1/215
f 560/1/216 561/1/216 945/1/216 944/1/216
f 509/1/223 510/1/223 894/1/223 893/1/223
f 561/1/237 562/1/237 946/1/237 945/1/237
f 510/1/226 511/1/226 895/1/226 894/1/226
f 562/1/240 531/1/240 916/1/240 946/1/240
f 511/1/229 512/1/229 896/1/229 895/1/229
f 563/1/242 564/1/242 947/1/242 948/1/242
f 512/1/231 513/1/231 897/1/231 896/1/231
f 564/1/243 565/1/243 949/1/243 947/1/243
f 513/1/232 514/1/232 898/1/232 897/1/232
f 565/1/244 566/1/244 950/1/244 949/1/244
f 514/1/233 515/1/233 899/1/233 898/1/233
f 566/1/245 567/1/245 951/1/245 950/1/245
f 515/1/234 516/1/234 900/1/234 899/1/234
f 567/1/246 568/1/246 952/1/246 951/1/246
f 516/1/236 517/1/236 901/1/236 900/1/236
f 568/1/247 569/1/247 953/1/247 952/1/247
f 517/1/239 518/1/239 902/1/239 901/1/239
f 569/1/248 570/1/248 954/1/248 953/1/248
f 518/1/241 519/1/241 903/1/241 902/1/241
f 192/1/240 161/1/240 851/1/240 852/1/240
f 570/1/249 571/1/249 955/1/249 954/1/249
f 519/1/238 520/1/238 904/1/238 903/1/238
f 191/1/237 192/1/237 852/1/237 853/1/237
f 571/1/250 572/1/250 956/1/250 955/1/250
f 520/1/235 521/1/235 905/1/235 904/1/235
f 723/1/66 724/1/66 852/1/66 851/1/66
f 724/1/66 725/1/66 853/1/66 852/1/66
f 725/1/66 726/1/66 854/1/66 853/1/66
f 726/1/66 727/1/66 855/1/66 854/1/66
f 727/1/66 728/1/66 856/1/66 855/1/66
f 728/1/66 729/1/66 857/1/66 856/1/66
f 729/1/66 730/1/66 858/1/66 857/1/66
f 730/1/66 731/1/66 859/1/66 858/1/66
f 731/1/66 732/1/66 860/1/66 859/1/66
f 732/1/66 733/1/66 861/1/66 860/1/66
f 733/1/66 734/1/66 862/1/66 861/1/66
f 734/1/66 735/1/66 863/1/66 862/1/66
f 735/1/66 736/1/66 864/1/66 863/1/66
f 736/1/66 737/1/66 865/1/66 864/1/66
f 737/1/66 738/1/66 866/1/66 865/1/66
f 738/1/66 739/1/66 867/1/66 866/1/66
f 739/1/66 740/1/66 868/1/66 867/1/66
f 740/1/66 741/1/66 869/1/66 868/1/66
f 741/1/66 742/1/66 870/1/66 869/1/66
f 742/1/66 743/1/66 871/1/66 870/1/66
f 743/1/66 744/1/66 872/1/66 871/1/66
f 744/1/66 745/1/66 873/1/66 872/1/66
f 745/1/66 746/1/66 874/1/66 873/1/66
f 746/1/66 747/1/66 875/1/66 874/1/66
f 747/1/66 748/1/66 876/1/66 875/1/66
f 748/1/66 749/1/66 877/1/66 876/1/66
f 749/1/66 750/1/66 878/1/66 877/1/66
f 750/1/66 751/1/66 879/1/66 878/1/66
f 751/1/66 752/1/66 880/1/66 879/1/66
f 752/1/66 753/1/66 881/1/66 880/1/66
f 753/1/66 754/1/66 882/1/66 881/1/66
f 754/1/66 723/1/66 851/1/66 882/1/66
f 755/1/66 756/1/66 884/1/66 883/1/66
f 757/1/66 755/1/66 883/1/66 885/1/66
f 758/1/66 757/1/66 885/1/66 886/1/66
f 759/1/66 758/1/66 886/1/66 887/1/66
f 760/1/66 759/1/66 887/1/66 888/1/66
f 761/1/66 760/1/66 888/1/66 889/1/66
f 762/1/66 761/1/66 889/1/66 890/1/66
f 763/1/66 762/1/66 890/1/66 891/1/66
f 764/1/66 763/1/66 891/1/66 892/1/66
f 765/1/66 764/1/66 892/1/66 893/1/66
f 766/1/66 765/1/66 893/1/66 894/1/66
f 767/1/66 766/1/66 894/1/66 895/1/66
f 768/1/66 767/1/66 895/1/66 896/1/66
f 769/1/66 768/1/66 896/1/66 897/1/66
f 770/1/66 769/1/66 897/1/66 898/1/66
f 771/1/66 770/1/66 898/1/66 899/1/66
f 772/1/66 771/1/66 899/1/66 900/1/66
f 773/1/66 772/1/66 900/1/66 901/1/66
f 774/1/66 773/1/66 901/1/66 902/1/66
f 775/1/66 774/1/66 902/1/66 903/1/66
f 776/1/66 775/1/66 903/1/66 904/1/66
f 777/1/66 776/1/66 904/1/66 905/1/66
f 778/1/66 777/1/66 905/1/66 906/1/66
f 779/1/66 778/1/66 906/1/66 907/1/66
f 780/1/66 779/1/66 907/1/66 908/1/66
f 781/1/66 780/1/66 908/1/66 909/1/66
f 782/1/66 781/1/66 909/1/66 910/1/66
f 783/1/66 782/1/66 910/1/66 911/1/66
f 784/1/66 783/1/66 911/1/66 912/1/66
f 785/1/66 784/1/66 912/1/66 913/1/66
f 786/1/66 785/1/66 913/1/66 914/1/66
f 756/1/66 786/1/66 914/1/66 884/1/66
f 787/1/66 788/1/66 916/1/66 915/1/66
f 789/1/66 787/1/66 915/1/66 917/1/66
f 790/1/66 789/1/66 917/1/66 918/1/66
f 791/1/66 790/1/66 918/1/66 919/1/66
f 792/1/66 791/1/66 919/1/66 920/1/66
f 793/1/66 792/1/66 920/1/66 921/1/66
f 794/1/66 793/1/66 921/1/66 922/1/66
f 795/1/66 794/1/66 922/1/66 923/1/66
f 796/1/66 795/1/66 923/1/66 924/1/66
f 797/1/66 796/1/66 924/1/66 925/1/66
f 798/1/66 797/1/66 925/1/66 926/1/66
f 799/1/66 798/1/66 926/1/66 927/1/66
f 800/1/66 799/1/66 927/1/66 928/1/66
f 801/1/66 800/1/66 928/1/66 929/1/66
f 802/1/66 801/1/66 929/1/66 930/1/66
f 803/1/66 802/1/66 930/1/66 931/1/66
f 804/1/66 803/1/66 931/1/66 932/1/66
f 805/1/66 804/1/66 932/1/66 933/1/66
f 806/1/66 805/1/66 933/1/66 934/1/66
f 807/1/66 806/1/66 934/1/66 935/1/66
f 808/1/66 807/1/66 935/1/66 936/1/66
f 809/1/66 808/1/66 936/1/66 937/1/66
f 810/1/66 809/1/66 937/1/66 938/1/66
f 811/1/66 810/1/66 938/1/66 939/1/66
f 812/1/66 811/1/66 939/1/66 940/1/66
f 813/1/66 812/1/66 940/1/66 941/1/66
f 814/1/66 813/1/66 941/1/66 942/1/66
f 815/1/66 814/1/66 942/1/66 943/1/66
f 816/1/66 815/1/66 943/1/66 944/1/66
f 817/1/66 816/1/66 944/1/66 945/1/66
f 818/1/66 817/1/66 945/1/66 946/1/66
f 788/1/66 818/1/66 946/1/66 916/1/66
f 819/1/66 820/1/66 948/1/66 947/1/66
f 821/1/66 819/1/66 947/1/66 949/1/66
f 822/1/66 821/1/66 949/1/66 950/1/66
f 823/1/66 822/1/66 950/1/66 951/1/66
f 824/1/66 823/1/66 951/1/66 952/1/66
f 825/1/66 824/1/66 952/1/66 953/1/66
f 826/1/66 825/1/66 953/1/66 954/1/66
f 827/1/66 826/1/66 954/1/66 955/1/66
f 828/1/66 827/1/66 955/1/66 956/1/66
f 829/1/66 828/1/66 956/1/66 957/1/66
f 830/1/66 829/1/66 957/1/66 958/1/66
f 831/1/66 830/1/66 958/1/66 959/1/66
f 832/1/66 831/1/66 959/1/66 960/1/66
f 833/1/66 832/1/66 960/1/66 961/1/66
f 834/1/66 833/1/66 961/1/66 962/1/66
f 835/1/66 834/1/66 962/1/66 963/1/66
f 836/1/66 835/1/66 963/1/66 964/1/66
f 837/1/66 836/1/66 964/1/66 965/1/66
f 838/1/66 837/1/66 965/1/66 966/1/66
f 839/1/66 838/1/66 966/1/66 967/1/66
f 840/1/66 839/1/66 967/1/66 968/1/66
f 841/1/66 840/1/66 968/1/66 969/1/66
f 842/1/66 841/1/66 969/1/66 970/1/66
f 843/1/66 842/1/66 970/1/66 971/1/66
f 844/1/66 843/1/66 971/1/66 972/1/66
f 845/1/66 844/1/66 972/1/66 973/1/66
f 846/1/66 845/1/66 973/1/66 974/1/66
f 847/1/66 846/1/66 974/1/66 975/1/66
f 848/1/66 847/1/66 975/1/66 976/1/66
f 849/1/66 848/1/66 976/1/66 977/1/66
f 850/1/66 849/1/66 977/1/66 978/1/66
f 820/1/66 850/1/66 978/1/66 948/1/66
f 979/1/66 1010/1/66 1009/1/66 1008/1/66 1007/1/66 1006/1/66 1005/1/66 1004/1/66 1003/1/66 1002/1/66 1001/1/66 1000/1/66 999/1/66 998/1/66 997/1/66 996/1/66 995/1/66 994/1/66 993/1/66 992/1/66 991/1/66 990/1/66 989/1/66 988/1/66 987/1/66 986/1/66 985/1/66 984/1/66 983/1/66 982/1/66 981/1/66 980/1/66
f 1076/1/66 1075/1/66 1077/1/66 1078/1/66 1079/1/66 1080/1/66 1081/1/66 1082/1/66 1083/1/66 1084/1/66 1085/1/66 1086/1/66 1087/1/66 1088/1/66 1089/1/66 1090/1/66 1091/1/66 1092/1/66 1093/1/66 1094/1/66 1095/1/66 1096/1/66 1097/1/66 1098/1/66 1099/1/66 1100/1/66 1101/1/66 1102/1/66 1103/1/66 1104/1/66 1105/1/66 1106/1/66
f 1044/1/66 1043/1/66 1045/1/66 1046/1/66 1047/1/66 1048/1/66 1049/1/66 1050/1/66 1051/1/66 1052/1/66 1053/1/66 1054/1/66 1055/1/66 1056/1/66 1057/1/66 1058/1/66 1059/1/66 1060/1/66 1061/1/66 1062/1/66 1063/1/66 1064/1/66 1065/1/66 1066/1/66 1067/1/66 1068/1/66 1069/1/66 1070/1/66 1071/1/66 1072/1/66 1073/1/66 1074/1/66
f 1012/1/66 1011/1/66 1013/1/66 1014/1/66 1015/1/66 1016/1/66 1017/1/66 1018/1/66 1019/1/66 1020/1/66 1021/1/66 1022/1/66 1023/1/66 1024/1/66 1025/1/66 1026/1/66 1027/1/66 1028/1/66 1029/1/66 1030/1/66 1031/1/66 1032/1/66 1033/1/66 1034/1/66 1035/1/66 1036/1/66 1037/1/66 1038/1/66 1039/1/66 1040/1/66 1041/1/66 1042/1/66
f 825/1/251 826/1/251 1082/1/251 1081/1/251
f 774/1/252 775/1/252 1031/1/252 1030/1/252
f 724/1/253 723/1/253 979/1/253 980/1/253
f 826/1/254 827/1/254 1083/1/254 1082/1/254
f 775/1/255 776/1/255 1032/1/255 1031/1/255
f 725/1/256 724/1/256 980/1/256 981/1/256
f 827/1/257 828/1/257 1084/1/257 1083/1/257
f 776/1/258 777/1/258 1033/1/258 1032/1/258
f 726/1/259 725/1/259 981/1/259 982/1/259
f 828/1/260 829/1/260 1085/1/260 1084/1/260
f 777/1/261 778/1/261 1034/1/261 1033/1/261
f 727/1/262 726/1/262 982/1/262 983/1/262
f 829/1/263 830/1/263 1086/1/263 1085/1/263
f 778/1/264 779/1/264 1035/1/264 1034/1/264
f 728/1/265 727/1/265 983/1/265 984/1/265
f 830/1/266 831/1/266 1087/1/266 1086/1/266
f 779/1/267 780/1/267 1036/1/267 1035/1/267
f 729/1/268 728/1/268 984/1/268 985/1/268
f 831/1/269 832/1/269 1088/1/269 1087/1/269
f 780/1/270 781/1/270 1037/1/270 1036/1/270
f 730/1/270 729/1/270 985/1/270 986/1/270
f 832/1/271 833/1/271 1089/1/271 1088/1/271
f 781/1/268 782/1/268 1038/1/268 1037/1/268
f 731/1/267 730/1/267 986/1/267 987/1/267
f 833/1/272 834/1/272 1090/1/272 1089/1/272
f 782/1/265 783/1/265 1039/1/265 1038/1/265
f 732/1/264 731/1/264 987/1/264 988/1/264
f 834/1/273 835/1/273 1091/1/273 1090/1/273
f 783/1/262 784/1/262 1040/1/262 1039/1/262
f 733/1/261 732/1/261 988/1/261 989/1/261
f 835/1/274 836/1/274 1092/1/274 1091/1/274
f 784/1/259 785/1/259 1041/1/259 1040/1/259
f 734/1/258 733/1/258 989/1/258 990/1/258
f 836/1/221 837/1/221 1093/1/221 1092/1/221
f 785/1/256 786/1/256 1042/1/256 1041/1/256
f 735/1/255 734/1/255 990/1/255 991/1/255
f 837/1/219 838/1/219 1094/1/219 1093/1/219
f 786/1/253 756/1/253 1012/1/253 1042/1/253
f 736/1/252 735/1/252 991/1/252 992/1/252
f 838/1/252 839/1/252 1095/1/252 1094/1/252
f 788/1/275 787/1/275 1043/1/275 1044/1/275
f 737/1/219 736/1/219 992/1/219 993/1/219
f 839/1/255 840/1/255 1096/1/255 1095/1/255
f 787/1/276 789/1/276 1045/1/276 1043/1/276
f 738/1/221 737/1/221 993/1/221 994/1/221
f 840/1/258 841/1/258 1097/1/258 1096/1/258
f 789/1/277 790/1/277 1046/1/277 1045/1/277
f 739/1/274 738/1/274 994/1/274 995/1/274
f 841/1/261 842/1/261 1098/1/261 1097/1/261
f 790/1/278 791/1/278 1047/1/278 1046/1/278
f 740/1/273 739/1/273 995/1/273 996/1/273
f 842/1/264 843/1/264 1099/1/264 1098/1/264
f 791/1/222 792/1/222 1048/1/222 1047/1/222
f 741/1/272 740/1/272 996/1/272 997/1/272
f 843/1/267 844/1/267 1100/1/267 1099/1/267
f 792/1/220 793/1/220 1049/1/220 1048/1/220
f 742/1/271 741/1/271 997/1/271 998/1/271
f 844/1/270 845/1/270 1101/1/270 1100/1/270
f 793/1/251 794/1/251 1050/1/251 1049/1/251
f 743/1/269 742/1/269 998/1/269 999/1/269
f 845/1/268 846/1/268 1102/1/268 1101/1/268
f 794/1/254 795/1/254 1051/1/254 1050/1/254
f 744/1/266 743/1/266 999/1/266 1000/1/266
f 846/1/265 847/1/265 1103/1/265 1102/1/265
f 795/1/257 796/1/257 1052/1/257 1051/1/257
f 745/1/263 744/1/263 1000/1/263 1001/1/263
f 847/1/262 848/1/262 1104/1/262 1103/1/262
f 796/1/260 797/1/260 1053/1/260 1052/1/260
f 746/1/260 745/1/260 1001/1/260 1002/1/260
f 848/1/259 849/1/259 1105/1/259 1104/1/259
f 797/1/263 798/1/263 1054/1/263 1053/1/263
f 747/1/257 746/1/257 1002/1/257 1003/1/257
f 849/1/256 850/1/256 1106/1/256 1105/1/256
f 798/1/266 799/1/266 1055/1/266 1054/1/266
f 748/1/254 747/1/254 1003/1/254 1004/1/254
f 850/1/253 820/1/253 1076/1/253 1106/1/253
f 799/1/269 800/1/269 1056/1/269 1055/1/269
f 749/1/251 748/1/251 1004/1/251 1005/1/251
f 800/1/271 801/1/271 1057/1/271 1056/1/271
f 750/1/220 749/1/220 1005/1/220 1006/1/220
f 801/1/272 802/1/272 1058/1/272 1057/1/272
f 751/1/222 750/1/222 1006/1/222 1007/1/222
f 802/1/273 803/1/273 1059/1/273 1058/1/273
f 752/1/278 751/1/278 1007/1/278 1008/1/278
f 803/1/274 804/1/274 1060/1/274 1059/1/274
f 753/1/277 752/1/277 1008/1/277 1009/1/277
f 804/1/221 805/1/221 1061/1/221 1060/1/221
f 754/1/276 753/1/276 1009/1/276 1010/1/276
f 805/1/219 806/1/219 1062/1/219 1061/1/219
f 723/1/275 754/1/275 1010/1/275 979/1/275
f 806/1/252 807/1/252 1063/1/252 1062/1/252
f 756/1/275 755/1/275 1011/1/275 1012/1/275
f 807/1/255 808/1/255 1064/1/255 1063/1/255
f 755/1/276 757/1/276 1013/1/276 1011/1/276
f 808/1/258 809/1/258 1065/1/258 1064/1/258
f 757/1/277 758/1/277 1014/1/277 1013/1/277
f 809/1/261 810/1/261 1066/1/261 1065/1/261
f 758/1/278 759/1/278 1015/1/278 1014/1/278
f 810/1/264 811/1/264 1067/1/264 1066/1/264
f 759/1/222 760/1/222 1016/1/222 1015/1/222
f 811/1/267 812/1/267 1068/1/267 1067/1/267
f 760/1/220 761/1/220 1017/1/220 1016/1/220
f 812/1/270 813/1/270 1069/1/270 1068/1/270
f 761/1/251 762/1/251 1018/1/251 1017/1/251
f 813/1/268 814/1/268 1070/1/268 1069/1/268
f 762/1/254 763/1/254 1019/1/254 1018/1/254
f 814/1/265 815/1/265 1071/1/265 1070/1/265
f 763/1/257 764/1/257 1020/1/257 1019/1/257
f 815/1/262 816/1/262 1072/1/262 1071/1/262
f 764/1/260 765/1/260 1021/1/260 1020/1/260
f 816/1/259 817/1/259 1073/1/259 1072/1/259
f 765/1/263 766/1/263 1022/1/263 1021/1/263
f 817/1/256 818/1/256 1074/1/256 1073/1/256
f 766/1/266 767/1/266 1023/1/266 1022/1/266
f 818/1/253 788/1/253 1044/1/253 1074/1/253
f 767/1/269 768/1/269 1024/1/269 1023/1/269
f 820/1/275 819/1/275 1075/1/275 1076/1/275
f 768/1/271 769/1/271 1025/1/271 1024/1/271
f 819/1/276 821/1/276 1077/1/276 1075/1/276
f 769/1/272 770/1/272 1026/1/272 1025/1/272
f 821/1/277 822/1/277 1078/1/277 1077/1/277
f 770/1/273 771/1/273 1027/1/273 1026/1/273
f 822/1/278 823/1/278 1079/1/278 1078/1/278
f 771/1/274 772/1/274 1028/1/274 1027/1/274
f 1117/1/279 1119/1/279 1109/1/279 1107/1/279
f 1119/1/280 1121/1/280 1111/1/280 1109/1/280
f 1121/1/281 1123/1/281 1113/1/281 1111/1/281
f 1123/1/282 1125/1/282 1115/1/282 1113/1/282
f 1125/1/283 1126/1/283 1116/1/283 1115/1/283
f 1126/1/284 1124/1/284 1114/1/284 1116/1/284
f 1124/1/285 1122/1/285 1112/1/285 1114/1/285
f 1122/1/286 1120/1/286 1110/1/286 1112/1/286
f 1120/1/287 1118/1/287 1108/1/287 1110/1/287
f 1118/1/288 1117/1/288 1107/1/288 1108/1/288
f 1112/1/289 1110/1/289 1109/1/289 1111/1/289
f 1107/1/290 1109/1/290 1110/1/290 1108/1/290
f 1114/1/291 1112/1/291 1111/1/291 1113/1/291
f 1115/1/292 1116/1/292 1114/1/292 1113/1/292
f 1118/1/293 1120/1/294 324/1/295 320/1/296
f 1120/1/294 1122/1/297 328/1/297 324/1/295
f 1122/1/297 1124/1/298 332/1/299 328/1/297
f 1124/1/298 1126/1/300 336/1/301 332/1/299
f 1126/1/300 1125/1/302 335/1/303 336/1/301
f 1125/1/302 1123/1/304 331/1/305 335/1/303
f 1123/1/304 1121/1/306 327/1/306 331/1/305
f 1121/1/306 1119/1/307 323/1/308 327/1/306
f 1119/1/307 1117/1/309 319/1/310 323/1/308
f 1117/1/309 1118/1/293 320/1/296 319/1/310
g Turret.001_Plane.002
v 1.000000 -0.778205 3.804491
v 1.000000 -0.698103 3.701897
v 1.000000 -0.800000 4.210722
v 1.500000 0.443860 4.696620
v 1.500000 0.378473 4.780366
v 1.500000 0.294727 3.758015
v 1.500000 0.378473 3.823402
v 1.500000 -0.642574 3.905477
v 1.500000 -0.578492 3.823402
v 1.500000 -0.494746 4.845753
v 1.500000 -0.578492 4.780366
v 1.500000 0.443860 3.907147
v 1.500000 0.459991 4.152397
v 1.500000 0.459991 4.451372
v 1.500000 -0.494746 3.758015
v 1.500000 -0.249497 3.741884
v 1.500000 0.049478 3.741884
v 1.500000 -0.645930 4.693992
v 1.500000 -0.660009 4.528312
v 1.500000 -0.660009 4.230462
v 1.500000 0.294727 4.845753
v 1.500000 0.049478 4.861884
v 1.500000 -0.249497 4.861884
v 1.500000 -0.494746 4.358015
v 1.500000 -0.249497 4.341884
v 1.500000 0.049478 4.341884
v 1.500000 0.294727 4.358015
v 1.007259 -0.673029 3.685440
v 1.000000 -0.682901 3.690028
v 0.989705 -0.698103 3.701897
v 0.942817 -0.778205 3.804491
v 0.999570 -0.800000 4.210722
v 1.000000 -0.800000 4.213060
v 1.086012 -0.775918 4.573622
v 1.127449 -0.753338 4.698285
v 1.203491 0.543019 4.472416
v 1.137491 0.561500 4.123935
v 1.093136 0.554508 3.825313
v 1.124144 0.468400 3.732065
v 1.248772 0.517258 4.668080
v 1.125171 0.466061 3.730681
v 1.207635 -0.000000 3.658920
v 1.383898 -0.000000 4.893954
v 1.187744 -0.491980 4.205240
v 1.280045 -0.530212 4.905259
v 1.262505 0.508447 4.742599
v 1.300012 0.426322 4.827458
v 1.145466 0.364707 3.660269
v 1.235779 0.346881 4.232325
v 1.339423 0.326423 4.888814
v 1.265877 0.251799 4.240779
v 1.356438 0.269812 4.887753
v 1.183471 -0.235407 3.652063
v 1.171228 -0.274064 3.648589
v 1.258795 -0.267521 4.225196
v 1.358207 -0.270164 4.900389
v 1.046226 -0.584298 3.632909
v 1.146498 -0.564509 4.189854
v 1.207848 -0.648381 4.849160
v 1.143159 -0.743327 4.762608
v 1.275429 -0.539065 4.905975
v 1.359260 -0.260014 4.900761
v 1.200256 0.071888 3.656826
v 1.283707 0.065649 4.237248
v 1.378347 0.058573 4.895488
vn 0.2696 -0.9630 -0.0000
vn -0.0000 -0.6154 -0.7882
vn -0.0000 -0.9986 -0.0536
vn -0.0000 -0.7882 -0.6154
vn 1.0000 -0.0000 -0.0000
vn 0.2711 -0.9612 -0.0516
vn 0.3203 -0.7467 -0.5830
vn -0.1937 -0.9811 -0.0000
vn 0.0745 -0.9972 -0.0000
vn 0.2770 -0.9574 0.0814
vn 0.3209 0.5829 -0.7465
vn 0.2696 0.9630 -0.0000
vn 0.2701 -0.0632 0.9608
vn -0.9267 -0.3482 0.1412
vn -0.9437 -0.2994 0.1408
vn -0.8732 -0.4667 0.1406
vn 0.4383 0.0590 -0.8969
vn -0.0000 -1.0000 -0.0000
vn 0.0746 0.9972 -0.0000
vn 0.3158 0.5839 0.7479
vn 0.3164 0.7477 0.5838
vn -0.9711 -0.1926 0.1413
vn -0.9706 -0.1951 0.1413
vn -0.9853 -0.0970 0.1406
vn -0.9900 -0.0000 0.1413
vn 0.2663 -0.0000 0.9639
vn 0.2701 0.0632 0.9608
vn 0.4383 -0.0590 -0.8969
vn 0.3163 -0.7477 0.5838
vn 0.2737 0.9597 -0.0631
vn 0.2733 0.9599 0.0631
vn 0.3158 -0.5839 0.7479
vn -0.9703 0.1966 0.1413
vn -0.9711 0.1926 0.1413
vn -0.9853 0.0970 0.1406
vn -0.9135 0.3814 0.1413
vn -0.9115 0.3863 0.1413
vn -0.8732 0.4667 0.1406
vn -0.8370 0.5287 0.1412
vn -0.8638 0.4837 0.1409
vn -0.1936 0.9811 -0.0000
vn -0.9474 -0.2874 0.1406
vn -0.7653 0.6281 0.1406
vn 0.3209 -0.5829 -0.7465
vn 0.3203 0.7467 -0.5830
vn 0.2730 -0.0000 -0.9620
vn -0.9474 0.2874 0.1406
vt 0.000000 0.000000
s 0
f 1129/2/311 1146/2/311 1145/2/311 1160/2/311 1159/2/311
f 1128/2/312 1156/2/312 1155/2/312
f 1129/2/313 1158/2/313 1157/2/313 1127/2/313
f 1127/2/314 1157/2/314 1156/2/314 1128/2/314
f 1134/2/315 1135/2/315 1141/2/315 1150/2/315 1136/2/315 1137/2/315 1144/2/315 1145/2/315 1146/2/315
f 1127/2/316 1134/2/316 1146/2/316 1129/2/316
f 1128/2/317 1135/2/317 1134/2/317 1127/2/317
f 1132/2/318 1153/2/318 1175/2/318 1174/2/318
f 1149/2/315 1136/2/315 1150/2/315 1151/2/315
f 1142/2/319 1151/2/319 1181/2/319 1180/2/319
f 1142/2/315 1143/2/315 1152/2/315 1151/2/315
f 1152/2/315 1148/2/315 1149/2/315 1151/2/315
f 1152/2/315 1153/2/315 1147/2/315 1148/2/315
f 1130/2/315 1131/2/315 1147/2/315 1153/2/315 1132/2/315 1133/2/315 1138/2/315 1139/2/315 1140/2/315
f 1186/2/320 1161/2/320 1160/2/320 1145/2/320 1144/2/320
f 1174/2/321 1167/2/321 1165/2/321 1133/2/321 1132/2/321
f 1163/2/322 1162/2/322 1140/2/322 1139/2/322
f 1188/2/323 1182/2/323 1171/2/323 1187/2/323 1136/2/323 1149/2/323
s 1
f 1167/2/324 1166/2/325 1162/2/326 1163/2/326 1164/2/326 1165/2/326
s 0
f 1190/2/327 1177/2/327 1175/2/327 1153/2/327 1152/2/327
f 1159/2/328 1158/2/328 1129/2/328
f 1189/2/329 1190/2/329 1152/2/329 1143/2/329
f 1173/2/330 1176/2/330 1147/2/330 1131/2/330
f 1172/2/331 1173/2/331 1131/2/331 1130/2/331
s 1
f 1178/2/332 1177/2/333 1190/2/334 1189/2/334 1168/2/335 1169/2/335 1191/2/334
s 0
f 1191/2/336 1169/2/336 1188/2/336 1149/2/336 1148/2/336
f 1176/2/337 1178/2/337 1191/2/337 1148/2/337 1147/2/337
f 1184/2/338 1170/2/338 1181/2/338 1151/2/338 1150/2/338
f 1185/2/339 1186/2/339 1144/2/339 1137/2/339
f 1164/2/340 1163/2/340 1139/2/340 1138/2/340
f 1162/2/341 1166/2/341 1172/2/341 1130/2/341 1140/2/341
f 1187/2/342 1185/2/342 1137/2/342 1136/2/342
s 1
f 1169/2/335 1168/2/335 1179/2/343 1182/2/344 1188/2/345
f 1171/2/346 1170/2/347 1184/2/348 1183/2/348 1154/2/349 1161/2/350 1186/2/348 1185/2/348 1187/2/348
s 0
f 1183/2/351 1184/2/351 1150/2/351 1141/2/351
s 1
f 1166/2/325 1167/2/324 1174/2/352 1175/2/352 1177/2/333 1178/2/332 1176/2/352 1173/2/352 1172/2/352
f 1161/2/350 1154/2/349 1155/2/353 1156/2/353 1157/2/353 1158/2/353 1159/2/353 1160/2/353
s 0
f 1155/2/354 1154/2/354 1183/2/354 1141/2/354 1135/2/354 1128/2/354
f 1165/2/355 1164/2/355 1138/2/355 1133/2/355
f 1180/2/356 1179/2/356 1168/2/356 1189/2/356 1143/2/356 1142/2/356
s 1
f 1182/2/344 1179/2/343 1180/2/357 1181/2/357 1170/2/347 1171/2/346
g Barrels.001_Cylinder.001
v 1.270000 -0.300000 4.030000
v 1.270000 -0.344800 2.600000
v 1.254393 -0.301537 4.030000
v 1.263133 -0.345476 2.600000
v 1.239386 -0.306090 4.030000
v 1.256530 -0.347479 2.600000
v 1.225555 -0.313482 4.030000
v 1.250444 -0.350732 2.600000
v 1.213432 -0.323431 4.030000
v 1.245110 -0.355110 2.600000
v 1.203483 -0.335554 4.030000
v 1.240732 -0.360444 2.600000
v 1.196090 -0.349385 4.030000
v 1.237479 -0.366529 2.600000
v 1.191537 -0.364393 4.030000
v 1.235476 -0.373133 2.600000
v 1.190000 -0.380000 4.030000
v 1.234800 -0.380000 2.600000
v 1.191537 -0.395607 4.030000
v 1.235476 -0.386867 2.600000
v 1.196090 -0.410615 4.030000
v 1.237479 -0.393470 2.600000
v 1.203483 -0.424446 4.030000
v 1.240732 -0.399556 2.600000
v 1.213432 -0.436568 4.030000
v 1.245110 -0.404890 2.600000
v 1.225555 -0.446518 4.030000
v 1.250444 -0.409268 2.600000
v 1.239386 -0.453910 4.030000
v 1.256530 -0.412520 2.600000
v 1.254393 -0.458463 4.030000
v 1.263133 -0.414524 2.600000
v 1.270000 -0.460000 4.030000
v 1.270000 -0.415200 2.600000
v 1.285607 -0.458463 4.030000
v 1.276867 -0.414524 2.600000
v 1.300615 -0.453910 4.030000
v 1.283470 -0.412520 2.600000
v 1.314446 -0.446518 4.030000
v 1.289556 -0.409268 2.600000
v 1.326569 -0.436569 4.030000
v 1.294890 -0.404890 2.600000
v 1.336518 -0.424446 4.030000
v 1.299268 -0.399556 2.600000
v 1.343911 -0.410615 4.030000
v 1.302521 -0.393470 2.600000
v 1.348463 -0.395607 4.030000
v 1.304524 -0.386867 2.600000
v 1.350000 -0.380000 4.030000
v 1.305200 -0.380000 2.600000
v 1.348463 -0.364393 4.030000
v 1.304524 -0.373133 2.600000
v 1.343911 -0.349385 4.030000
v 1.302521 -0.366529 2.600000
v 1.336518 -0.335554 4.030000
v 1.299268 -0.360444 2.600000
v 1.326569 -0.323431 4.030000
v 1.294890 -0.355110 2.600000
v 1.314446 -0.313482 4.030000
v 1.289556 -0.350732 2.600000
v 1.300615 -0.306090 4.030000
v 1.283470 -0.347479 2.600000
v 1.285607 -0.301537 4.030000
v 1.276867 -0.345476 2.600000
v 1.270000 -0.353218 4.530000
v 1.264775 -0.353732 4.530000
v 1.259751 -0.355256 4.530000
v 1.255121 -0.357731 4.530000
v 1.251062 -0.361062 4.530000
v 1.247732 -0.365121 4.530000
v 1.245257 -0.369751 4.530000
v 1.243733 -0.374775 4.530000
v 1.243218 -0.380000 4.530000
v 1.243733 -0.385225 4.530000
v 1.245257 -0.390249 4.530000
v 1.247732 -0.394879 4.530000
v 1.251062 -0.398938 4.530000
v 1.255121 -0.402269 4.530000
v 1.259751 -0.404744 4.530000
v 1.264775 -0.406268 4.530000
v 1.270000 -0.406782 4.530000
v 1.275225 -0.406268 4.530000
v 1.280249 -0.404744 4.530000
v 1.284880 -0.402269 4.530000
v 1.288938 -0.398938 4.530000
v 1.292269 -0.394879 4.530000
v 1.294744 -0.390249 4.530000
v 1.296268 -0.385225 4.530000
v 1.296782 -0.380000 4.530000
v 1.296268 -0.374775 4.530000
v 1.294744 -0.369751 4.530000
v 1.292269 -0.365121 4.530000
v 1.288938 -0.361062 4.530000
v 1.284880 -0.357731 4.530000
v 1.280249 -0.355256 4.530000
v 1.275225 -0.353732 4.530000
v 1.270000 -0.300000 4.530000
v 1.254393 -0.301537 4.530000
v 1.239386 -0.306090 4.530000
v 1.225555 -0.313482 4.530000
v 1.213432 -0.323431 4.530000
v 1.203483 -0.335554 4.530000
v 1.196090 -0.349385 4.530000
v 1.191537 -0.364393 4.530000
v 1.190000 -0.380000 4.530000
v 1.191537 -0.395607 4.530000
v 1.196090 -0.410615 4.530000
v 1.203483 -0.424446 4.530000
v 1.213432 -0.436569 4.530000
v 1.225555 -0.446518 4.530000
v 1.239386 -0.453910 4.530000
v 1.254393 -0.458463 4.530000
v 1.270000 -0.460000 4.530000
v 1.285608 -0.458463 4.530000
v 1.300615 -0.453910 4.530000
v 1.314446 -0.446518 4.530000
v 1.326569 -0.436569 4.530000
v 1.336518 -0.424446 4.530000
v 1.343911 -0.410615 4.530000
v 1.348463 -0.395607 4.530000
v 1.350000 -0.380000 4.530000
v 1.348463 -0.364393 4.530000
v 1.343911 -0.349385 4.530000
v 1.336518 -0.335554 4.530000
v 1.326569 -0.323432 4.530000
v 1.314446 -0.313482 4.530000
v 1.300615 -0.306090 4.530000
v 1.285608 -0.301537 4.530000
v 1.270000 -0.353218 2.600000
v 1.264775 -0.353732 2.600000
v 1.259751 -0.355256 2.600000
v 1.255121 -0.357731 2.600000
v 1.251062 -0.361062 2.600000
v 1.247731 -0.365120 2.600000
v 1.245257 -0.369751 2.600000
v 1.243732 -0.374775 2.600000
v 1.243218 -0.380000 2.600000
v 1.243732 -0.385225 2.600000
v 1.245257 -0.390249 2.600000
v 1.247731 -0.394879 2.600000
v 1.251062 -0.398938 2.600000
v 1.255121 -0.402269 2.600000
v 1.259751 -0.404744 2.600000
v 1.264775 -0.406268 2.600000
v 1.270000 -0.406782 2.600000
v 1.275225 -0.406268 2.600000
v 1.280249 -0.404744 2.600000
v 1.284879 -0.402269 2.600000
v 1.288938 -0.398938 2.600000
v 1.292269 -0.394879 2.600000
v 1.294744 -0.390249 2.600000
v 1.296268 -0.385225 2.600000
v 1.296782 -0.380000 2.600000
v 1.296268 -0.374775 2.600000
v 1.294744 -0.369751 2.600000
v 1.292269 -0.365121 2.600000
v 1.288938 -0.361062 2.600000
v 1.284879 -0.357731 2.600000
v 1.280249 -0.355256 2.600000
v 1.275225 -0.353732 2.600000
vn -0.0000 0.9999 -0.0156
vn -0.0000 0.9995 -0.0313
vn -0.1950 0.9803 -0.0313
vn -0.1951 0.9807 -0.0156
vn -0.3825 0.9234 -0.0313
vn -0.3826 0.9238 -0.0156
vn -0.5553 0.8311 -0.0313
vn -0.5555 0.8314 -0.0156
vn -0.7068 0.7068 -0.0313
vn -0.7070 0.7070 -0.0156
vn -0.8311 0.5553 -0.0313
vn -0.8314 0.5555 -0.0156
vn -0.9234 0.3825 -0.0313
vn -0.9238 0.3826 -0.0156
vn -0.9803 0.1950 -0.0313
vn -0.9807 0.1951 -0.0156
vn -0.9995 -0.0000 -0.0313
vn -0.9999 -0.0000 -0.0156
vn -0.9803 -0.1950 -0.0313
vn -0.9807 -0.1951 -0.0156
vn -0.9234 -0.3825 -0.0313
vn -0.9238 -0.3826 -0.0156
vn -0.8311 -0.5553 -0.0313
vn -0.8314 -0.5555 -0.0156
vn -0.7068 -0.7068 -0.0313
vn -0.7070 -0.7070 -0.0156
vn -0.5553 -0.8311 -0.0313
vn -0.5555 -0.8314 -0.0156
vn -0.3825 -0.9234 -0.0313
vn -0.3826 -0.9238 -0.0156
vn -0.1950 -0.9803 -0.0313
vn -0.1951 -0.9807 -0.0156
vn -0.0000 -0.9995 -0.0313
vn -0.0000 -0.9999 -0.0156
vn 0.1950 -0.9803 -0.0313
vn 0.1951 -0.9807 -0.0156
vn 0.3825 -0.9234 -0.0313
vn 0.3826 -0.9238 -0.0156
vn 0.5553 -0.8311 -0.0313
vn 0.5555 -0.8314 -0.0156
vn 0.7068 -0.7068 -0.0313
vn 0.7070 -0.7070 -0.0156
vn 0.8311 -0.5553 -0.0313
vn 0.8314 -0.5555 -0.0156
vn 0.9234 -0.3825 -0.0313
vn 0.9238 -0.3826 -0.0156
vn 0.9803 -0.1950 -0.0313
vn 0.9807 -0.1951 -0.0156
vn 0.9995 -0.0000 -0.0313
vn 0.9999 -0.0000 -0.0156
vn 0.9803 0.1950 -0.0313
vn 0.9807 0.1951 -0.0156
vn 0.9234 0.3825 -0.0313
vn 0.9238 0.3826 -0.0156
vn 0.8311 0.5553 -0.0313
vn 0.8314 0.5555 -0.0156
vn 0.7068 0.7068 -0.0313
vn 0.7070 0.7070 -0.0156
vn 0.5553 0.8311 -0.0313
vn 0.5555 0.8314 -0.0156
vn 0.3825 0.9234 -0.0313
vn 0.3826 0.9238 -0.0156
vn 0.1950 0.9803 -0.0313
vn 0.1951 0.9807 -0.0156
vn -0.3827 0.9239 -0.0000
vn -0.1951 0.9808 -0.0000
vn -0.9808 -0.1951 -0.0000
vn -0.9239 -0.3827 -0.0000
vn -0.8315 -0.5556 -0.0000
vn 0.7071 -0.7071 -0.0000
vn 0.5556 -0.8315 -0.0000
vn 0.5556 0.8315 -0.0000
vn 0.7071 0.7071 -0.0000
vn -0.9808 0.1951 -0.0000
vn -0.9239 0.3827 -0.0000
vn -0.0000 -1.0000 -0.0000
vn -0.1951 -0.9808 -0.0000
vn 0.9808 0.1951 -0.0000
vn 1.0000 -0.0000 -0.0000
vn -0.5556 0.8315 -0.0000
vn -0.7071 -0.7071 -0.0000
vn 0.8315 -0.5556 -0.0000
vn 0.3827 0.9239 -0.0000
vn -1.0000 -0.0000 -0.0000
vn 0.1951 -0.9808 -0.0000
vn 0.9239 0.3827 -0.0000
vn -0.7071 0.7071 -0.0000
vn -0.5556 -0.8315 -0.0000
vn 0.9239 -0.3827 -0.0000
vn 0.1951 0.9808 -0.0000
vn 0.3827 -0.9239 -0.0000
vn 0.8315 0.5556 -0.0000
vn -0.8315 0.5556 -0.0000
vn -0.3827 -0.9239 -0.0000
vn 0.9808 -0.1951 -0.0000
vn -0.0000 1.0000 -0.0000
vn -0.0000 -0.0000 1.0000
vn -0.0000 -0.0000 -1.0000
vt 1.000000 0.500000
vt 1.000000 1.000000
vt 0.968750 1.000000
vt 0.968750 0.500000
vt 0.937500 1.000000
vt 0.937500 0.500000
vt 0.906250 1.000000
vt 0.906250 0.500000
vt 0.875000 1.000000
vt 0.875000 0.500000
vt 0.843750 1.000000
vt 0.843750 0.500000
vt 0.812500 1.000000
vt 0.812500 0.500000
vt 0.781250 1.000000
vt 0.781250 0.500000
vt 0.750000 1.000000
vt 0.750000 0.500000
vt 0.718750 1.000000
vt 0.718750 0.500000
vt 0.687500 1.000000
vt 0.687500 0.500000
vt 0.656250 1.000000
vt 0.656250 0.500000
vt 0.625000 1.000000
vt 0.625000 0.500000
vt 0.593750 1.000000
vt 0.593750 0.500000
vt 0.562500 1.000000
vt 0.562500 0.500000
vt 0.531250 1.000000
vt 0.531250 0.500000
vt 0.500000 1.000000
vt 0.500000 0.500000
vt 0.468750 1.000000
vt 0.468750 0.500000
vt 0.437500 1.000000
vt 0.437500 0.500000
vt 0.406250 1.000000
vt 0.406250 0.500000
vt 0.375000 1.000000
vt 0.375000 0.500000
vt 0.343750 1.000000
vt 0.343750 0.500000
vt 0.312500 1.000000
vt 0.312500 0.500000
vt 0.281250 1.000000
vt 0.281250 0.500000
vt 0.250000 1.000000
vt 0.250000 0.500000
vt 0.218750 1.000000
vt 0.218750 0.500000
vt 0.187500 1.000000
vt 0.187500 0.500000
vt 0.156250 1.000000
vt 0.156250 0.500000
vt 0.125000 1.000000
vt 0.125000 0.500000
vt 0.093750 1.000000
vt 0.093750 0.500000
vt 0.062500 1.000000
vt 0.062500 0.500000
vt 0.031250 1.000000
vt 0.031250 0.500000
vt 0.000000 1.000000
vt 0.000000 0.500000
vt 0.662441 0.267417
vt 0.667521 0.284164
vt 0.767417 0.337559
vt 0.750000 0.339274
vt 0.750000 0.490000
vt 0.796822 0.485388
vt 0.784164 0.332479
vt 0.841844 0.471731
vt 0.799598 0.324229
vt 0.883337 0.449553
vt 0.813127 0.313126
vt 0.919706 0.419706
vt 0.824229 0.299598
vt 0.949553 0.383337
vt 0.832478 0.284164
vt 0.971731 0.341844
vt 0.837559 0.267416
vt 0.985388 0.296822
vt 0.839274 0.250000
vt 0.990000 0.250000
vt 0.837559 0.232584
vt 0.985388 0.203178
vt 0.832478 0.215836
vt 0.971731 0.158156
vt 0.824229 0.200402
vt 0.949553 0.116663
vt 0.813127 0.186874
vt 0.919706 0.080294
vt 0.799598 0.175771
vt 0.883337 0.050447
vt 0.784164 0.167521
vt 0.841844 0.028269
vt 0.767416 0.162441
vt 0.796822 0.014612
vt 0.750000 0.160726
vt 0.750000 0.010000
vt 0.732583 0.162441
vt 0.703178 0.014612
vt 0.715836 0.167521
vt 0.658156 0.028269
vt 0.700402 0.175771
vt 0.616663 0.050447
vt 0.686874 0.186873
vt 0.580294 0.080294
vt 0.675771 0.200402
vt 0.550447 0.116663
vt 0.667521 0.215836
vt 0.528269 0.158156
vt 0.662441 0.232583
vt 0.514612 0.203178
vt 0.660726 0.250000
vt 0.510000 0.250000
vt 0.514612 0.296822
vt 0.528269 0.341844
vt 0.675771 0.299598
vt 0.550447 0.383337
vt 0.686874 0.313127
vt 0.580294 0.419706
vt 0.700402 0.324229
vt 0.616663 0.449553
vt 0.715836 0.332479
vt 0.658156 0.471731
vt 0.732583 0.337559
vt 0.703178 0.485388
s 1
f 1192/3/358 1193/4/359 1195/5/360 1194/6/361
f 1194/6/361 1195/5/360 1197/7/362 1196/8/363
f 1196/8/363 1197/7/362 1199/9/364 1198/10/365
f 1198/10/365 1199/9/364 1201/11/366 1200/12/367
f 1200/12/367 1201/11/366 1203/13/368 1202/14/369
f 1202/14/369 1203/13/368 1205/15/370 1204/16/371
f 1204/16/371 1205/15/370 1207/17/372 1206/18/373
f 1206/18/373 1207/17/372 1209/19/374 1208/20/375
f 1208/20/375 1209/19/374 1211/21/376 1210/22/377
f 1210/22/377 1211/21/376 1213/23/378 1212/24/379
f 1212/24/379 1213/23/378 1215/25/380 1214/26/381
f 1214/26/381 1215/25/380 1217/27/382 1216/28/383
f 1216/28/383 1217/27/382 1219/29/384 1218/30/385
f 1218/30/385 1219/29/384 1221/31/386 1220/32/387
f 1220/32/387 1221/31/386 1223/33/388 1222/34/389
f 1222/34/389 1223/33/388 1225/35/390 1224/36/391
f 1224/36/391 1225/35/390 1227/37/392 1226/38/393
f 1226/38/393 1227/37/392 1229/39/394 1228/40/395
f 1228/40/395 1229/39/394 1231/41/396 1230/42/397
f 1230/42/397 1231/41/396 1233/43/398 1232/44/399
f 1232/44/399 1233/43/398 1235/45/400 1234/46/401
f 1234/46/401 1235/45/400 1237/47/402 1236/48/403
f 1236/48/403 1237/47/402 1239/49/404 1238/50/405
f 1238/50/405 1239/49/404 1241/51/406 1240/52/407
f 1240/52/407 1241/51/406 1243/53/408 1242/54/409
f 1242/54/409 1243/53/408 1245/55/410 1244/56/411
f 1244/56/411 1245/55/410 1247/57/412 1246/58/413
f 1246/58/413 1247/57/412 1249/59/414 1248/60/415
f 1248/60/415 1249/59/414 1251/61/416 1250/62/417
f 1250/62/417 1251/61/416 1253/63/418 1252/64/419
f 1252/64/419 1253/63/418 1255/65/420 1254/66/421
f 1254/66/421 1255/65/420 1193/67/359 1192/68/358
f 1194/6/361 1196/8/363 1290/8/422 1289/6/423
f 1281/69/424 1282/70/425 1346/70/425 1345/69/424
f 1212/24/379 1214/26/381 1299/26/426 1298/24/425
f 1230/42/397 1232/44/399 1308/44/427 1307/42/428
f 1248/60/415 1250/62/417 1317/62/429 1316/60/430
f 1204/16/371 1206/18/373 1295/18/431 1294/16/432
f 1222/34/389 1224/36/391 1304/36/433 1303/34/434
f 1240/52/407 1242/54/409 1313/54/435 1312/52/436
f 1196/8/363 1198/10/365 1291/10/437 1290/8/422
f 1214/26/381 1216/28/383 1300/28/438 1299/26/426
f 1232/44/399 1234/46/401 1309/46/439 1308/44/427
f 1250/62/417 1252/64/419 1318/64/440 1317/62/429
f 1206/18/373 1208/20/375 1296/20/441 1295/18/431
f 1224/36/391 1226/38/393 1305/38/442 1304/36/433
f 1242/54/409 1244/56/411 1314/56/443 1313/54/435
f 1198/10/365 1200/12/367 1292/12/444 1291/10/437
f 1216/28/383 1218/30/385 1301/30/445 1300/28/438
f 1234/46/401 1236/48/403 1310/48/446 1309/46/439
f 1252/64/419 1254/66/421 1319/66/447 1318/64/440
f 1208/20/375 1210/22/377 1297/22/424 1296/20/441
f 1226/38/393 1228/40/395 1306/40/448 1305/38/442
f 1244/56/411 1246/58/413 1315/58/449 1314/56/443
f 1200/12/367 1202/14/369 1293/14/450 1292/12/444
f 1218/30/385 1220/32/387 1302/32/451 1301/30/445
f 1236/48/403 1238/50/405 1311/50/452 1310/48/446
f 1192/3/358 1194/6/361 1289/6/423 1288/3/453
f 1254/66/421 1192/68/358 1288/68/453 1319/66/447
f 1210/22/377 1212/24/379 1298/24/425 1297/22/424
f 1228/40/395 1230/42/397 1307/42/428 1306/40/448
f 1246/58/413 1248/60/415 1316/60/430 1315/58/449
f 1202/14/369 1204/16/371 1294/16/432 1293/14/450
f 1220/32/387 1222/34/389 1303/34/434 1302/32/451
f 1238/50/405 1240/52/407 1312/52/436 1311/50/452
f 1257/71/454 1256/72/454 1288/73/454 1289/74/454
f 1258/75/454 1257/71/454 1289/74/454 1290/76/454
f 1259/77/454 1258/75/454 1290/76/454 1291/78/454
f 1260/79/454 1259/77/454 1291/78/454 1292/80/454
f 1261/81/454 1260/79/454 1292/80/454 1293/82/454
f 1262/83/454 1261/81/454 1293/82/454 1294/84/454
f 1263/85/454 1262/83/454 1294/84/454 1295/86/454
f 1264/87/454 1263/85/454 1295/86/454 1296/88/454
f 1265/89/454 1264/87/454 1296/88/454 1297/90/454
f 1266/91/454 1265/89/454 1297/90/454 1298/92/454
f 1267/93/454 1266/91/454 1298/92/454 1299/94/454
f 1268/95/454 1267/93/454 1299/94/454 1300/96/454
f 1269/97/454 1268/95/454 1300/96/454 1301/98/454
f 1270/99/454 1269/97/454 1301/98/454 1302/100/454
f 1271/101/454 1270/99/454 1302/100/454 1303/102/454
f 1272/103/454 1271/101/454 1303/102/454 1304/104/454
f 1273/105/454 1272/103/454 1304/104/454 1305/106/454
f 1274/107/454 1273/105/454 1305/106/454 1306/108/454
f 1275/109/454 1274/107/454 1306/108/454 1307/110/454
f 1276/111/454 1275/109/454 1307/110/454 1308/112/454
f 1277/113/454 1276/111/454 1308/112/454 1309/114/454
f 1278/115/454 1277/113/454 1309/114/454 1310/116/454
f 1279/117/454 1278/115/454 1310/116/454 1311/118/454
f 1280/119/454 1279/117/454 1311/118/454 1312/120/454
f 1281/69/454 1280/119/454 1312/120/454 1313/121/454
f 1282/70/454 1281/69/454 1313/121/454 1314/122/454
f 1283/123/454 1282/70/454 1314/122/454 1315/124/454
f 1284/125/454 1283/123/454 1315/124/454 1316/126/454
f 1285/127/454 1284/125/454 1316/126/454 1317/128/454
f 1286/129/454 1285/127/454 1317/128/454 1318/130/454
f 1287/131/454 1286/129/454 1318/130/454 1319/132/454
f 1256/72/454 1287/131/454 1319/132/454 1288/73/454
f 1321/71/455 1322/75/455 1197/7/455 1195/5/455
f 1268/95/430 1269/97/429 1333/97/429 1332/95/430
f 1282/70/425 1283/123/426 1347/123/426 1346/70/425
f 1269/97/429 1270/99/440 1334/99/440 1333/97/429
f 1256/72/433 1257/71/442 1321/71/442 1320/72/433
f 1283/123/426 1284/125/438 1348/125/438 1347/123/426
f 1270/99/440 1271/101/447 1335/101/447 1334/99/440
f 1257/71/442 1258/75/448 1322/75/448 1321/71/442
f 1284/125/438 1285/127/445 1349/127/445 1348/125/438
f 1271/101/447 1272/103/453 1336/103/453 1335/101/447
f 1258/75/448 1259/77/428 1323/77/428 1322/75/448
f 1285/127/445 1286/129/451 1350/129/451 1349/127/445
f 1272/103/453 1273/105/423 1337/105/423 1336/103/453
f 1259/77/428 1260/79/427 1324/79/427 1323/77/428
f 1286/129/451 1287/131/434 1351/131/434 1350/129/451
f 1273/105/423 1274/107/422 1338/107/422 1337/105/423
f 1260/79/427 1261/81/439 1325/81/439 1324/79/427
f 1287/131/434 1256/72/433 1320/72/433 1351/131/434
f 1274/107/422 1275/109/437 1339/109/437 1338/107/422
f 1261/81/439 1262/83/446 1326/83/446 1325/81/439
f 1275/109/437 1276/111/444 1340/111/444 1339/109/437
f 1262/83/446 1263/85/452 1327/85/452 1326/83/446
f 1276/111/444 1277/113/450 1341/113/450 1340/111/444
f 1263/85/452 1264/87/436 1328/87/436 1327/85/452
f 1277/113/450 1278/115/432 1342/115/432 1341/113/450
f 1264/87/436 1265/89/435 1329/89/435 1328/87/436
f 1278/115/432 1279/117/431 1343/117/431 1342/115/432
f 1265/89/435 1266/91/443 1330/91/443 1329/89/435
f 1279/117/431 1280/119/441 1344/119/441 1343/117/431
f 1266/91/443 1267/93/449 1331/93/449 1330/91/443
f 1280/119/441 1281/69/424 1345/69/424 1344/119/441
f 1267/93/449 1268/95/430 1332/95/430 1331/93/449
f 1322/75/455 1323/77/455 1199/9/455 1197/7/455
f 1323/77/455 1324/79/455 1201/11/455 1199/9/455
f 1324/79/455 1325/81/455 1203/13/455 1201/11/455
f 1325/81/455 1326/83/455 1205/15/455 1203/13/455
f 1326/83/455 1327/85/455 1207/17/455 1205/15/455
f 1327/85/455 1328/87/455 1209/19/455 1207/17/455
f 1328/87/455 1329/89/455 1211/21/455 1209/19/455
f 1329/89/455 1330/91/455 1213/23/455 1211/21/455
f 1330/91/455 1331/93/455 1215/25/455 1213/23/455
f 1331/93/455 1332/95/455 1217/27/455 1215/25/455
f 1332/95/455 1333/97/455 1219/29/455 1217/27/455
f 1333/97/455 1334/99/455 1221/31/455 1219/29/455
f 1334/99/455 1335/101/455 1223/33/455 1221/31/455
f 1335/101/455 1336/103/455 1225/35/455 1223/33/455
f 1336/103/455 1337/105/455 1227/37/455 1225/35/455
f 1337/105/455 1338/107/455 1229/39/455 1227/37/455
f 1338/107/455 1339/109/455 1231/41/455 1229/39/455
f 1339/109/455 1340/111/455 1233/43/455 1231/41/455
f 1340/111/455 1341/113/455 1235/45/455 1233/43/455
f 1341/113/455 1342/115/455 1237/47/455 1235/45/455
f 1342/115/455 1343/117/455 1239/49/455 1237/47/455
f 1343/117/455 1344/119/455 1241/51/455 1239/49/455
f 1344/119/455 1345/69/455 1243/53/455 1241/51/455
f 1345/69/455 1346/70/455 1245/55/455 1243/53/455
f 1346/70/455 1347/123/455 1247/57/455 1245/55/455
f 1347/123/455 1348/125/455 1249/59/455 1247/57/455
f 1348/125/455 1349/127/455 1251/61/455 1249/59/455
f 1349/127/455 1350/129/455 1253/63/455 1251/61/455
f 1350/129/455 1351/131/455 1255/65/455 1253/63/455
f 1351/131/455 1320/72/455 1193/67/455 1255/65/455
f 1320/72/455 1321/71/455 1195/5/455 1193/4/455
g Turret.002_Plane.003
v -1.000000 -0.698103 3.701897
v -1.000000 -0.779836 3.806580
v -1.000000 -0.800000 4.113141
v -1.500000 -0.643860 4.696620
v -1.500000 -0.578473 4.780366
v -1.500000 -0.494727 3.758015
v -1.500000 -0.578473 3.823401
v -1.500000 0.442574 3.905477
v -1.500000 0.378492 3.823402
v -1.500000 0.294746 4.845753
v -1.500000 0.378492 4.780366
v -1.500000 -0.643860 3.907147
v -1.500000 -0.659991 4.152396
v -1.500000 -0.659991 4.451371
v -1.500000 0.294746 3.758015
v -1.500000 0.049497 3.741884
v -1.500000 -0.249478 3.741884
v -1.500000 0.445930 4.693992
v -1.500000 0.460009 4.528312
v -1.500000 0.460009 4.230462
v -1.500000 -0.494727 4.845753
v -1.500000 -0.249478 4.861884
v -1.500000 0.049497 4.861884
v -1.500000 0.294746 4.358015
v -1.500000 0.049497 4.341884
v -1.500000 -0.249478 4.341884
v -1.500000 -0.494727 4.358015
v -0.941862 -0.779836 3.806580
v -0.981641 -0.800000 4.113141
v -1.000000 -0.800000 4.213059
v -1.064230 -0.782014 4.482301
v -1.125109 -0.751774 4.678564
v -0.989705 -0.698103 3.701897
v -1.007259 -0.673029 3.685441
v -1.000000 -0.682901 3.690028
v -1.265877 0.251799 4.240779
v -1.356439 0.269812 4.887755
v -1.207635 -0.000000 3.658921
v -1.200255 0.071895 3.656826
v -1.283706 0.065659 4.237248
v -1.383898 -0.000000 4.893955
v -1.378346 0.058587 4.895489
v -1.171230 -0.274058 3.648590
v -1.183470 -0.235407 3.652063
v -1.258798 -0.267511 4.225198
v -1.358207 -0.270164 4.900388
v -1.187744 -0.491980 4.205239
v -1.280045 -0.530212 4.905259
v -1.359261 -0.260000 4.900761
v -1.145464 0.364713 3.660269
v -1.235776 0.346890 4.232323
v -1.300009 0.426334 4.827459
v -1.261304 0.511081 4.739890
v -1.339419 0.326436 4.888815
v -1.125170 0.466061 3.730677
v -1.251405 0.518349 4.688052
v -1.093760 0.552772 3.823428
v -1.155084 0.556579 4.216845
v -1.219879 0.538438 4.558970
v -1.124141 0.468406 3.732065
v -1.145185 -0.740353 4.765313
v -1.207852 -0.648372 4.849159
v -1.046227 -0.584296 3.632909
v -1.146502 -0.564503 4.189855
v -1.275434 -0.539053 4.905974
vn -0.0000 -0.7882 -0.6154
vn -0.0000 -1.0000 -0.0000
vn -0.0000 -0.9978 -0.0656
vn -1.0000 -0.0000 -0.0000
vn -0.3209 -0.5829 -0.7465
vn 0.1937 0.9811 -0.0000
vn -0.3203 -0.7467 -0.5830
vn -0.2737 -0.9597 -0.0631
vn -0.0745 0.9972 -0.0000
vn -0.2770 0.9574 0.0814
vn -0.2696 -0.9630 -0.0000
vn 0.9711 -0.1926 0.1413
vn 0.9706 -0.1951 0.1413
vn 0.9474 -0.2874 0.1406
vn 0.9267 -0.3482 0.1412
vn 0.9432 -0.3008 0.1408
vn -0.2701 0.0632 0.9608
vn 0.8647 0.4821 0.1408
vn 0.8370 0.5287 0.1412
vn 0.8732 0.4667 0.1406
vn 0.9115 0.3863 0.1413
vn 0.9135 0.3814 0.1413
vn 0.9900 -0.0000 0.1413
vn 0.9853 -0.0970 0.1406
vn -0.4383 -0.0590 -0.8969
vn -0.0746 -0.9972 -0.0000
vn -0.3158 -0.5839 0.7479
vn -0.3164 -0.7477 0.5838
vn -0.2663 -0.0000 0.9639
vn -0.2701 -0.0632 0.9608
vn -0.4383 0.0590 -0.8969
vn -0.3163 0.7477 0.5838
vn 0.9711 0.1926 0.1413
vn 0.9703 0.1966 0.1413
vn 0.9853 0.0970 0.1406
vn -0.2711 0.9612 -0.0516
vn -0.2696 0.9630 -0.0000
vn -0.3203 0.7467 -0.5830
vn -0.2733 -0.9599 0.0631
vn -0.3158 0.5839 0.7479
vn 0.7653 0.6281 0.1406
vn 0.8732 -0.4667 0.1406
vn 0.1936 -0.9811 -0.0000
vn -0.0000 -0.6154 -0.7882
vn 0.9474 0.2874 0.1406
vn -0.3209 0.5829 -0.7465
vn -0.2730 -0.0000 -0.9620
vt 0.000000 0.000000
s 0
f 1352/133/456 1384/133/456 1379/133/456 1353/133/456
f 1354/133/457 1380/133/457 1381/133/457
f 1353/133/458 1379/133/458 1380/133/458 1354/133/458
f 1359/133/459 1360/133/459 1366/133/459 1375/133/459 1361/133/459 1362/133/459 1369/133/459 1370/133/459 1371/133/459
f 1352/133/460 1358/133/460 1357/133/460 1414/133/460 1385/133/460 1386/133/460
f 1357/133/461 1378/133/461 1415/133/461 1414/133/461
f 1353/133/462 1363/133/462 1358/133/462 1352/133/462
f 1354/133/463 1364/133/463 1363/133/463 1353/133/463
f 1374/133/459 1361/133/459 1375/133/459 1376/133/459
f 1367/133/464 1376/133/464 1391/133/464 1390/133/464
f 1367/133/459 1368/133/459 1377/133/459 1376/133/459
f 1377/133/459 1373/133/459 1374/133/459 1376/133/459
f 1377/133/459 1378/133/459 1372/133/459 1373/133/459
f 1355/133/459 1356/133/459 1372/133/459 1378/133/459 1357/133/459 1358/133/459 1363/133/459 1364/133/459 1365/133/459
f 1404/133/465 1407/133/465 1410/133/465 1370/133/465 1369/133/465
f 1381/133/466 1382/133/466 1365/133/466 1364/133/466 1354/133/466
s 1
f 1388/133/467 1387/133/468 1402/133/469 1401/133/469 1406/133/470 1407/133/471 1404/133/469 1403/133/469 1405/133/469
s 0
f 1393/133/472 1388/133/472 1405/133/472 1361/133/472 1374/133/472
s 1
f 1383/133/473 1385/133/474 1414/133/475 1415/133/475 1398/133/476 1399/133/477 1416/133/475 1413/133/475 1412/133/475
f 1392/133/478 1389/133/478 1390/133/479 1391/133/479 1387/133/468 1388/133/467 1393/133/479
s 0
f 1396/133/480 1398/133/480 1415/133/480 1378/133/480 1377/133/480
f 1394/133/481 1396/133/481 1377/133/481 1368/133/481
f 1413/133/482 1416/133/482 1372/133/482 1356/133/482
f 1412/133/483 1413/133/483 1356/133/483 1355/133/483
f 1400/133/484 1392/133/484 1393/133/484 1374/133/484 1373/133/484
f 1416/133/485 1399/133/485 1397/133/485 1400/133/485 1373/133/485 1372/133/485
f 1402/133/486 1387/133/486 1391/133/486 1376/133/486 1375/133/486
f 1403/133/487 1404/133/487 1369/133/487 1362/133/487
s 1
f 1397/133/488 1395/133/489 1389/133/478 1392/133/478 1400/133/490
s 0
f 1409/133/491 1408/133/491 1359/133/491 1371/133/491
f 1410/133/492 1409/133/492 1371/133/492 1370/133/492
f 1408/133/493 1411/133/493 1360/133/493 1359/133/493
f 1382/133/494 1383/133/494 1412/133/494 1355/133/494 1365/133/494
f 1405/133/495 1403/133/495 1362/133/495 1361/133/495
s 1
f 1385/133/474 1383/133/473 1382/133/496 1381/133/496 1380/133/496 1379/133/496 1384/133/496 1386/133/496
f 1407/133/471 1406/133/470 1411/133/497 1408/133/497 1409/133/497 1410/133/497
s 0
f 1401/133/498 1402/133/498 1375/133/498 1366/133/498
f 1386/133/499 1384/133/499 1352/133/499
s 1
f 1399/133/477 1398/133/476 1396/133/500 1394/133/500 1395/133/489 1397/133/488
s 0
f 1411/133/501 1406/133/501 1401/133/501 1366/133/501 1360/133/501
f 1390/133/502 1389/133/502 1395/133/502 1394/133/502 1368/133/502 1367/133/502
g Barrels.002_Cylinder.002
v -1.270000 -0.460000 4.030000
v -1.270000 -0.415200 2.600000
v -1.254393 -0.458463 4.030000
v -1.263133 -0.414523 2.600000
v -1.239385 -0.453910 4.030000
v -1.256529 -0.412520 2.600000
v -1.225554 -0.446517 4.030000
v -1.250444 -0.409267 2.600000
v -1.213432 -0.436568 4.030000
v -1.245110 -0.404890 2.600000
v -1.203482 -0.424445 4.030000
v -1.240732 -0.399556 2.600000
v -1.196090 -0.410614 4.030000
v -1.237479 -0.393470 2.600000
v -1.191537 -0.395607 4.030000
v -1.235476 -0.386867 2.600000
v -1.190000 -0.380000 4.030000
v -1.234800 -0.380000 2.600000
v -1.191537 -0.364393 4.030000
v -1.235476 -0.373132 2.600000
v -1.196090 -0.349385 4.030000
v -1.237479 -0.366529 2.600000
v -1.203482 -0.335554 4.030000
v -1.240732 -0.360443 2.600000
v -1.213432 -0.323431 4.030000
v -1.245110 -0.355109 2.600000
v -1.225554 -0.313482 4.030000
v -1.250444 -0.350732 2.600000
v -1.239385 -0.306089 4.030000
v -1.256529 -0.347479 2.600000
v -1.254393 -0.301537 4.030000
v -1.263133 -0.345476 2.600000
v -1.270000 -0.300000 4.030000
v -1.270000 -0.344799 2.600000
v -1.285607 -0.301537 4.030000
v -1.276867 -0.345476 2.600000
v -1.300615 -0.306089 4.030000
v -1.283470 -0.347479 2.600000
v -1.314446 -0.313482 4.030000
v -1.289556 -0.350732 2.600000
v -1.326569 -0.323431 4.030000
v -1.294890 -0.355109 2.600000
v -1.336518 -0.335554 4.030000
v -1.299268 -0.360443 2.600000
v -1.343910 -0.349385 4.030000
v -1.302520 -0.366529 2.600000
v -1.348463 -0.364393 4.030000
v -1.304523 -0.373132 2.600000
v -1.350000 -0.380000 4.030000
v -1.305200 -0.380000 2.600000
v -1.348463 -0.395607 4.030000
v -1.304523 -0.386867 2.600000
v -1.343910 -0.410614 4.030000
v -1.302520 -0.393470 2.600000
v -1.336518 -0.424445 4.030000
v -1.299268 -0.399556 2.600000
v -1.326569 -0.436568 4.030000
v -1.294890 -0.404890 2.600000
v -1.314446 -0.446517 4.030000
v -1.289556 -0.409267 2.600000
v -1.300615 -0.453910 4.030000
v -1.283470 -0.412520 2.600000
v -1.285607 -0.458463 4.030000
v -1.276867 -0.414523 2.600000
v -1.270000 -0.406782 4.530000
v -1.264775 -0.406268 4.530000
v -1.259751 -0.404744 4.530000
v -1.255121 -0.402269 4.530000
v -1.251062 -0.398938 4.530000
v -1.247732 -0.394879 4.530000
v -1.245257 -0.390249 4.530000
v -1.243733 -0.385225 4.530000
v -1.243218 -0.380000 4.530000
v -1.243733 -0.374775 4.530000
v -1.245257 -0.369751 4.530000
v -1.247732 -0.365120 4.530000
v -1.251062 -0.361062 4.530000
v -1.255121 -0.357731 4.530000
v -1.259751 -0.355256 4.530000
v -1.264775 -0.353732 4.530000
v -1.270000 -0.353218 4.530000
v -1.275225 -0.353732 4.530000
v -1.280249 -0.355256 4.530000
v -1.284880 -0.357731 4.530000
v -1.288938 -0.361062 4.530000
v -1.292269 -0.365120 4.530000
v -1.294744 -0.369751 4.530000
v -1.296268 -0.374775 4.530000
v -1.296782 -0.380000 4.530000
v -1.296268 -0.385225 4.530000
v -1.294744 -0.390249 4.530000
v -1.292269 -0.394879 4.530000
v -1.288938 -0.398938 4.530000
v -1.284880 -0.402269 4.530000
v -1.280249 -0.404744 4.530000
v -1.275225 -0.406268 4.530000
v -1.270000 -0.460000 4.530000
v -1.254393 -0.458463 4.530000
v -1.239385 -0.453910 4.530000
v -1.225555 -0.446517 4.530000
v -1.213432 -0.436568 4.530000
v -1.203483 -0.424446 4.530000
v -1.196090 -0.410615 4.530000
v -1.191537 -0.395607 4.530000
v -1.190000 -0.380000 4.530000
v -1.191537 -0.364393 4.530000
v -1.196090 -0.349385 4.530000
v -1.203483 -0.335554 4.530000
v -1.213432 -0.323431 4.530000
v -1.225555 -0.313482 4.530000
v -1.239385 -0.306090 4.530000
v -1.254393 -0.301537 4.530000
v -1.270000 -0.300000 4.530000
v -1.285607 -0.301537 4.530000
v -1.300615 -0.306089 4.530000
v -1.314446 -0.313482 4.530000
v -1.326569 -0.323431 4.530000
v -1.336518 -0.335554 4.530000
v -1.343911 -0.349385 4.530000
v -1.348463 -0.364393 4.530000
v -1.350000 -0.380000 4.530000
v -1.348463 -0.395607 4.530000
v -1.343911 -0.410615 4.530000
v -1.336518 -0.424445 4.530000
v -1.326569 -0.436568 4.530000
v -1.314446 -0.446517 4.530000
v -1.300615 -0.453910 4.530000
v -1.285607 -0.458463 4.530000
v -1.270000 -0.406782 2.600000
v -1.264775 -0.406267 2.600000
v -1.259751 -0.404743 2.600000
v -1.255121 -0.402268 2.600000
v -1.251062 -0.398937 2.600000
v -1.247731 -0.394879 2.600000
v -1.245256 -0.390249 2.600000
v -1.243732 -0.385224 2.600000
v -1.243218 -0.379999 2.600000
v -1.243732 -0.374775 2.600000
v -1.245256 -0.369750 2.600000
v -1.247731 -0.365120 2.600000
v -1.251062 -0.361062 2.600000
v -1.255121 -0.357731 2.600000
v -1.259751 -0.355256 2.600000
v -1.264775 -0.353732 2.600000
v -1.270000 -0.353217 2.600000
v -1.275225 -0.353732 2.600000
v -1.280249 -0.355256 2.600000
v -1.284879 -0.357731 2.600000
v -1.288938 -0.361061 2.600000
v -1.292268 -0.365120 2.600000
v -1.294743 -0.369750 2.600000
v -1.296268 -0.374774 2.600000
v -1.296782 -0.379999 2.600000
v -1.296268 -0.385224 2.600000
v -1.294743 -0.390249 2.600000
v -1.292269 -0.394879 2.600000
v -1.288938 -0.398937 2.600000
v -1.284879 -0.402268 2.600000
v -1.280249 -0.404743 2.600000
v -1.275225 -0.406267 2.600000
vn -0.0000 -0.9999 -0.0156
vn -0.0000 -0.9995 -0.0313
vn 0.1950 -0.9803 -0.0313
vn 0.1951 -0.9807 -0.0156
vn 0.3825 -0.9234 -0.0313
vn 0.3826 -0.9238 -0.0156
vn 0.5553 -0.8311 -0.0313
vn 0.5555 -0.8314 -0.0156
vn 0.7068 -0.7068 -0.0313
vn 0.7070 -0.7070 -0.0156
vn 0.8311 -0.5553 -0.0313
vn 0.8314 -0.5555 -0.0156
vn 0.9234 -0.3825 -0.0313
vn 0.9238 -0.3826 -0.0156
vn 0.9803 -0.1950 -0.0313
vn 0.9807 -0.1951 -0.0156
vn 0.9995 -0.0000 -0.0313
vn 0.9999 -0.0000 -0.0156
vn 0.9803 0.1950 -0.0313
vn 0.9807 0.1951 -0.0156
vn 0.9234 0.3825 -0.0313
vn 0.9238 0.3826 -0.0156
vn 0.8311 0.5553 -0.0313
vn 0.8314 0.5555 -0.0156
vn 0.7068 0.7068 -0.0313
vn 0.7070 0.7070 -0.0156
vn 0.5553 0.8311 -0.0313
vn 0.5555 0.8314 -0.0156
vn 0.3825 0.9234 -0.0313
vn 0.3826 0.9238 -0.0156
vn 0.1950 0.9803 -0.0313
vn 0.1951 0.9807 -0.0156
vn -0.0000 0.9995 -0.0313
vn -0.0000 0.9999 -0.0156
vn -0.1950 0.9803 -0.0313
vn -0.1951 0.9807 -0.0156
vn -0.3825 0.9234 -0.0313
vn -0.3826 0.9238 -0.0156
vn -0.5553 0.8311 -0.0313
vn -0.5555 0.8314 -0.0156
vn -0.7068 0.7068 -0.0313
vn -0.7070 0.7070 -0.0156
vn -0.8311 0.5553 -0.0313
vn -0.8314 0.5555 -0.0156
vn -0.9234 0.3825 -0.0313
vn -0.9238 0.3826 -0.0156
vn -0.9803 0.1950 -0.0313
vn -0.9807 0.1951 -0.0156
vn -0.9995 -0.0000 -0.0313
vn -0.9999 -0.0000 -0.0156
vn -0.9803 -0.1950 -0.0313
vn -0.9807 -0.1951 -0.0156
vn -0.9234 -0.3825 -0.0313
vn -0.9238 -0.3826 -0.0156
vn -0.8311 -0.5553 -0.0313
vn -0.8314 -0.5555 -0.0156
vn -0.7068 -0.7068 -0.0313
vn -0.7070 -0.7070 -0.0156
vn -0.5553 -0.8311 -0.0313
vn -0.5555 -0.8314 -0.0156
vn -0.3825 -0.9234 -0.0313
vn -0.3826 -0.9238 -0.0156
vn -0.1950 -0.9803 -0.0313
vn -0.1951 -0.9807 -0.0156
vn 0.3827 -0.9239 -0.0000
vn 0.1951 -0.9808 -0.0000
vn 0.9808 0.1951 -0.0000
vn 0.9239 0.3827 -0.0000
vn 0.8315 0.5556 -0.0000
vn -0.7071 0.7071 -0.0000
vn -0.5556 0.8315 -0.0000
vn -0.5556 -0.8315 -0.0000
vn -0.7071 -0.7071 -0.0000
vn 0.9808 -0.1951 -0.0000
vn 0.9239 -0.3827 -0.0000
vn -0.0000 1.0000 -0.0000
vn 0.1951 0.9808 -0.0000
vn -0.9808 -0.1951 -0.0000
vn -1.0000 -0.0000 -0.0000
vn 0.5556 -0.8315 -0.0000
vn 0.7071 0.7071 -0.0000
vn -0.8315 0.5556 -0.0000
vn -0.3827 -0.9239 -0.0000
vn 1.0000 -0.0000 -0.0000
vn -0.1951 0.9808 -0.0000
vn -0.9239 -0.3827 -0.0000
vn 0.7071 -0.7071 -0.0000
vn 0.5556 0.8315 -0.0000
vn -0.9239 0.3827 -0.0000
vn -0.1951 -0.9808 -0.0000
vn -0.3827 0.9239 -0.0000
vn -0.8315 -0.5556 -0.0000
vn 0.8315 -0.5556 -0.0000
vn 0.3827 0.9239 -0.0000
vn -0.9808 0.1951 -0.0000
vn -0.0000 -1.0000 -0.0000
vn -0.0000 -0.0000 1.0000
vn -0.0000 -0.0000 -1.0000
vt 1.000000 0.500000
vt 1.000000 1.000000
vt 0.968750 1.000000
vt 0.968750 0.500000
vt 0.937500 1.000000
vt 0.937500 0.500000
vt 0.906250 1.000000
vt 0.906250 0.500000
vt 0.875000 1.000000
vt 0.875000 0.500000
vt 0.843750 1.000000
vt 0.843750 0.500000
vt 0.812500 1.000000
vt 0.812500 0.500000
vt 0.781250 1.000000
vt 0.781250 0.500000
vt 0.750000 1.000000
vt 0.750000 0.500000
vt 0.718750 1.000000
vt 0.718750 0.500000
vt 0.687500 1.000000
vt 0.687500 0.500000
vt 0.656250 1.000000
vt 0.656250 0.500000
vt 0.625000 1.000000
vt 0.625000 0.500000
vt 0.593750 1.000000
vt 0.593750 0.500000
vt 0.562500 1.000000
vt 0.562500 0.500000
vt 0.531250 1.000000
vt 0.531250 0.500000
vt 0.500000 1.000000
vt 0.500000 0.500000
vt 0.468750 1.000000
vt 0.468750 0.500000
vt 0.437500 1.000000
vt 0.437500 0.500000
vt 0.406250 1.000000
vt 0.406250 0.500000
vt 0.375000 1.000000
vt 0.375000 0.500000
vt 0.343750 1.000000
vt 0.343750 0.500000
vt 0.312500 1.000000
vt 0.312500 0.500000
vt 0.281250 1.000000
vt 0.281250 0.500000
vt 0.250000 1.000000
vt 0.250000 0.500000
vt 0.218750 1.000000
vt 0.218750 0.500000
vt 0.187500 1.000000
vt 0.187500 0.500000
vt 0.156250 1.000000
vt 0.156250 0.500000
vt 0.125000 1.000000
vt 0.125000 0.500000
vt 0.093750 1.000000
vt 0.093750 0.500000
vt 0.062500 1.000000
vt 0.062500 0.500000
vt 0.031250 1.000000
vt 0.031250 0.500000
vt 0.000000 1.000000
vt 0.000000 0.500000
vt 0.662441 0.267417
vt 0.667521 0.284164
vt 0.767417 0.337559
vt 0.750000 0.339274
vt 0.750000 0.490000
vt 0.796822 0.485388
vt 0.784164 0.332479
vt 0.841844 0.471731
vt 0.799598 0.324229
vt 0.883337 0.449553
vt 0.813127 0.313126
vt 0.919706 0.419706
vt 0.824229 0.299598
vt 0.949553 0.383337
vt 0.832478 0.284164
vt 0.971731 0.341844
vt 0.837559 0.267416
vt 0.985388 0.296822
vt 0.839274 0.250000
vt 0.990000 0.250000
vt 0.837559 0.232584
vt 0.985388 0.203178
vt 0.832478 0.215836
vt 0.971731 0.158156
vt 0.824229 0.200402
vt 0.949553 0.116663
vt 0.813127 0.186874
vt 0.919706 0.080294
vt 0.799598 0.175771
vt 0.883337 0.050447
vt 0.784164 0.167521
vt 0.841844 0.028269
vt 0.767416 0.162441
vt 0.796822 0.014612
vt 0.750000 0.160726
vt 0.750000 0.010000
vt 0.732583 0.162441
vt 0.703178 0.014612
vt 0.715836 0.167521
vt 0.658156 0.028269
vt 0.700402 0.175771
vt 0.616663 0.050447
vt 0.686874 0.186873
vt 0.580294 0.080294
vt 0.675771 0.200402
vt 0.550447 0.116663
vt 0.667521 0.215836
vt 0.528269 0.158156
vt 0.662441 0.232583
vt 0.514612 0.203178
vt 0.660726 0.250000
vt 0.510000 0.250000
vt 0.514612 0.296822
vt 0.528269 0.341844
vt 0.675771 0.299598
vt 0.550447 0.383337
vt 0.686874 0.313127
vt 0.580294 0.419706
vt 0.700402 0.324229
vt 0.616663 0.449553
vt 0.715836 0.332479
vt 0.658156 0.471731
vt 0.732583 0.337559
vt 0.703178 0.485388
s 1
f 1417/134/503 1418/135/504 1420/136/505 1419/137/506
f 1419/137/506 1420/136/505 1422/138/507 1421/139/508
f 1421/139/508 1422/138/507 1424/140/509 1423/141/510
f 1423/141/510 1424/140/509 1426/142/511 1425/143/512
f 1425/143/512 1426/142/511 1428/144/513 1427/145/514
f 1427/145/514 1428/144/513 1430/146/515 1429/147/516
f 1429/147/516 1430/146/515 1432/148/517 1431/149/518
f 1431/149/518 1432/148/517 1434/150/519 1433/151/520
f 1433/151/520 1434/150/519 1436/152/521 1435/153/522
f 1435/153/522 1436/152/521 1438/154/523 1437/155/524
f 1437/155/524 1438/154/523 1440/156/525 1439/157/526
f 1439/157/526 1440/156/525 1442/158/527 1441/159/528
f 1441/159/528 1442/158/527 1444/160/529 1443/161/530
f 1443/161/530 1444/160/529 1446/162/531 1445/163/532
f 1445/163/532 1446/162/531 1448/164/533 1447/165/534
f 1447/165/534 1448/164/533 1450/166/535 1449/167/536
f 1449/167/536 1450/166/535 1452/168/537 1451/169/538
f 1451/169/538 1452/168/537 1454/170/539 1453/171/540
f 1453/171/540 1454/170/539 1456/172/541 1455/173/542
f 1455/173/542 1456/172/541 1458/174/543 1457/175/544
f 1457/175/544 1458/174/543 1460/176/545 1459/177/546
f 1459/177/546 1460/176/545 1462/178/547 1461/179/548
f 1461/179/548 1462/178/547 1464/180/549 1463/181/550
f 1463/181/550 1464/180/549 1466/182/551 1465/183/552
f 1465/183/552 1466/182/551 1468/184/553 1467/185/554
f 1467/185/554 1468/184/553 1470/186/555 1469/187/556
f 1469/187/556 1470/186/555 1472/188/557 1471/189/558
f 1471/189/558 1472/188/557 1474/190/559 1473/191/560
f 1473/191/560 1474/190/559 1476/192/561 1475/193/562
f 1475/193/562 1476/192/561 1478/194/563 1477/195/564
f 1477/195/564 1478/194/563 1480/196/565 1479/197/566
f 1479/197/566 1480/196/565 1418/198/504 1417/199/503
f 1419/137/506 1421/139/508 1515/139/567 1514/137/568
f 1506/200/569 1507/201/570 1571/201/570 1570/200/569
f 1437/155/524 1439/157/526 1524/157/571 1523/155/570
f 1455/173/542 1457/175/544 1533/175/572 1532/173/573
f 1473/191/560 1475/193/562 1542/193/574 1541/191/575
f 1429/147/516 1431/149/518 1520/149/576 1519/147/577
f 1447/165/534 1449/167/536 1529/167/578 1528/165/579
f 1465/183/552 1467/185/554 1538/185/580 1537/183/581
f 1421/139/508 1423/141/510 1516/141/582 1515/139/567
f 1439/157/526 1441/159/528 1525/159/583 1524/157/571
f 1457/175/544 1459/177/546 1534/177/584 1533/175/572
f 1475/193/562 1477/195/564 1543/195/585 1542/193/574
f 1431/149/518 1433/151/520 1521/151/586 1520/149/576
f 1449/167/536 1451/169/538 1530/169/587 1529/167/578
f 1467/185/554 1469/187/556 1539/187/588 1538/185/580
f 1423/141/510 1425/143/512 1517/143/589 1516/141/582
f 1441/159/528 1443/161/530 1526/161/590 1525/159/583
f 1459/177/546 1461/179/548 1535/179/591 1534/177/584
f 1477/195/564 1479/197/566 1544/197/592 1543/195/585
f 1433/151/520 1435/153/522 1522/153/569 1521/151/586
f 1451/169/538 1453/171/540 1531/171/593 1530/169/587
f 1469/187/556 1471/189/558 1540/189/594 1539/187/588
f 1425/143/512 1427/145/514 1518/145/595 1517/143/589
f 1443/161/530 1445/163/532 1527/163/596 1526/161/590
f 1461/179/548 1463/181/550 1536/181/597 1535/179/591
f 1417/134/503 1419/137/506 1514/137/568 1513/134/598
f 1479/197/566 1417/199/503 1513/199/598 1544/197/592
f 1435/153/522 1437/155/524 1523/155/570 1522/153/569
f 1453/171/540 1455/173/542 1532/173/573 1531/171/593
f 1471/189/558 1473/191/560 1541/191/575 1540/189/594
f 1427/145/514 1429/147/516 1519/147/577 1518/145/595
f 1445/163/532 1447/165/534 1528/165/579 1527/163/596
f 1463/181/550 1465/183/552 1537/183/581 1536/181/597
f 1482/202/599 1481/203/599 1513/204/599 1514/205/599
f 1483/206/599 1482/202/599 1514/205/599 1515/207/599
f 1484/208/599 1483/206/599 1515/207/599 1516/209/599
f 1485/210/599 1484/208/599 1516/209/599 1517/211/599
f 1486/212/599 1485/210/599 1517/211/599 1518/213/599
f 1487/214/599 1486/212/599 1518/213/599 1519/215/599
f 1488/216/599 1487/214/599 1519/215/599 1520/217/599
f 1489/218/599 1488/216/599 1520/217/599 1521/219/599
f 1490/220/599 1489/218/599 1521/219/599 1522/221/599
f 1491/222/599 1490/220/599 1522/221/599 1523/223/599
f 1492/224/599 1491/222/599 1523/223/599 1524/225/599
f 1493/226/599 1492/224/599 1524/225/599 1525/227/599
f 1494/228/599 1493/226/599 1525/227/599 1526/229/599
f 1495/230/599 1494/228/599 1526/229/599 1527/231/599
f 1496/232/599 1495/230/599 1527/231/599 1528/233/599
f 1497/234/599 1496/232/599 1528/233/599 1529/235/599
f 1498/236/599 1497/234/599 1529/235/599 1530/237/599
f 1499/238/599 1498/236/599 1530/237/599 1531/239/599
f 1500/240/599 1499/238/599 1531/239/599 1532/241/599
f 1501/242/599 1500/240/599 1532/241/599 1533/243/599
f 1502/244/599 1501/242/599 1533/243/599 1534/245/599
f 1503/246/599 1502/244/599 1534/245/599 1535/247/599
f 1504/248/599 1503/246/599 1535/247/599 1536/249/599
f 1505/250/599 1504/248/599 1536/249/599 1537/251/599
f 1506/200/599 1505/250/599 1537/251/599 1538/252/599
f 1507/201/599 1506/200/599 1538/252/599 1539/253/599
f 1508/254/599 1507/201/599 1539/253/599 1540/255/599
f 1509/256/599 1508/254/599 1540/255/599 1541/257/599
f 1510/258/599 1509/256/599 1541/257/599 1542/259/599
f 1511/260/599 1510/258/599 1542/259/599 1543/261/599
f 1512/262/599 1511/260/599 1543/261/599 1544/263/599
f 1481/203/599 1512/262/599 1544/263/599 1513/204/599
f 1546/202/600 1547/206/600 1422/138/600 1420/136/600
f 1493/226/575 1494/228/574 1558/228/574 1557/226/575
f 1507/201/570 1508/254/571 1572/254/571 1571/201/570
f 1494/228/574 1495/230/585 1559/230/585 1558/228/574
f 1481/203/578 1482/202/587 1546/202/587 1545/203/578
f 1508/254/571 1509/256/583 1573/256/583 1572/254/571
f 1495/230/585 1496/232/592 1560/232/592 1559/230/585
f 1482/202/587 1483/206/593 1547/206/593 1546/202/587
f 1509/256/583 1510/258/590 1574/258/590 1573/256/583
f 1496/232/592 1497/234/598 1561/234/598 1560/232/592
f 1483/206/593 1484/208/573 1548/208/573 1547/206/593
f 1510/258/590 1511/260/596 1575/260/596 1574/258/590
f 1497/234/598 1498/236/568 1562/236/568 1561/234/598
f 1484/208/573 1485/210/572 1549/210/572 1548/208/573
f 1511/260/596 1512/262/579 1576/262/579 1575/260/596
f 1498/236/568 1499/238/567 1563/238/567 1562/236/568
f 1485/210/572 1486/212/584 1550/212/584 1549/210/572
f 1512/262/579 1481/203/578 1545/203/578 1576/262/579
f 1499/238/567 1500/240/582 1564/240/582 1563/238/567
f 1486/212/584 1487/214/591 1551/214/591 1550/212/584
f 1500/240/582 1501/242/589 1565/242/589 1564/240/582
f 1487/214/591 1488/216/597 1552/216/597 1551/214/591
f 1501/242/589 1502/244/595 1566/244/595 1565/242/589
f 1488/216/597 1489/218/581 1553/218/581 1552/216/597
f 1502/244/595 1503/246/577 1567/246/577 1566/244/595
f 1489/218/581 1490/220/580 1554/220/580 1553/218/581
f 1503/246/577 1504/248/576 1568/248/576 1567/246/577
f 1490/220/580 1491/222/588 1555/222/588 1554/220/580
f 1504/248/576 1505/250/586 1569/250/586 1568/248/576
f 1491/222/588 1492/224/594 1556/224/594 1555/222/588
f 1505/250/586 1506/200/569 1570/200/569 1569/250/586
f 1492/224/594 1493/226/575 1557/226/575 1556/224/594
f 1547/206/600 1548/208/600 1424/140/600 1422/138/600
f 1548/208/600 1549/210/600 1426/142/600 1424/140/600
f 1549/210/600 1550/212/600 1428/144/600 1426/142/600
f 1550/212/600 1551/214/600 1430/146/600 1428/144/600
f 1551/214/600 1552/216/600 1432/148/600 1430/146/600
f 1552/216/600 1553/218/600 1434/150/600 1432/148/600
f 1553/218/600 1554/220/600 1436/152/600 1434/150/600
f 1554/220/600 1555/222/600 1438/154/600 1436/152/600
f 1555/222/600 1556/224/600 1440/156/600 1438/154/600
f 1556/224/600 1557/226/600 1442/158/600 1440/156/600
f 1557/226/600 1558/228/600 1444/160/600 1442/158/600
f 1558/228/600 1559/230/600 1446/162/600 1444/160/600
f 1559/230/600 1560/232/600 1448/164/600 1446/162/600
f 1560/232/600 1561/234/600 1450/166/600 1448/164/600
f 1561/234/600 1562/236/600 1452/168/600 1450/166/600
f 1562/236/600 1563/238/600 1454/170/600 1452/168/600
f 1563/238/600 1564/240/600 1456/172/600 1454/170/600
f 1564/240/600 1565/242/600 1458/174/600 1456/172/600
f 1565/242/600 1566/244/600 1460/176/600 1458/174/600
f 1566/244/600 1567/246/600 1462/178/600 1460/176/600
f 1567/246/600 1568/248/600 1464/180/600 1462/178/600
f 1568/248/600 1569/250/600 1466/182/600 1464/180/600
f 1569/250/600 1570/200/600 1468/184/600 1466/182/600
f 1570/200/600 1571/201/600 1470/186/600 1468/184/600
f 1571/201/600 1572/254/600 1472/188/600 1470/186/600
f 1572/254/600 1573/256/600 1474/190/600 1472/188/600
f 1573/256/600 1574/258/600 1476/192/600 1474/190/600
f 1574/258/600 1575/260/600 1478/194/600 1476/192/600
f 1575/260/600 1576/262/600 1480/196/600 1478/194/600
f 1576/262/600 1545/203/600 1418/198/600 1480/196/600
f 1545/203/600 1546/202/600 1420/136/600 1418/135/600
g Barrels.003_Cylinder.003
v -1.270000 0.100000 4.030000
v -1.270000 0.144800 2.600000
v -1.254393 0.101537 4.030000
v -1.263133 0.145477 2.600000
v -1.239385 0.106090 4.030000
v -1.256529 0.147480 2.600000
v -1.225554 0.113482 4.030000
v -1.250444 0.150733 2.600000
v -1.213432 0.123432 4.030000
v -1.245110 0.155110 2.600000
v -1.203482 0.135554 4.030000
v -1.240732 0.160444 2.600000
v -1.196090 0.149385 4.030000
v -1.237479 0.166530 2.600000
v -1.191537 0.164393 4.030000
v -1.235476 0.173133 2.600000
v -1.190000 0.180000 4.030000
v -1.234800 0.180000 2.600000
v -1.191537 0.195607 4.030000
v -1.235476 0.186868 2.600000
v -1.196090 0.210615 4.030000
v -1.237479 0.193471 2.600000
v -1.203482 0.224446 4.030000
v -1.240732 0.199556 2.600000
v -1.213432 0.236569 4.030000
v -1.245110 0.204891 2.600000
v -1.225554 0.246518 4.030000
v -1.250444 0.209268 2.600000
v -1.239385 0.253910 4.030000
v -1.256529 0.212521 2.600000
v -1.254393 0.258463 4.030000
v -1.263133 0.214524 2.600000
v -1.270000 0.260000 4.030000
v -1.270000 0.215200 2.600000
v -1.285607 0.258463 4.030000
v -1.276867 0.214524 2.600000
v -1.300615 0.253911 4.030000
v -1.283470 0.212521 2.600000
v -1.314446 0.246518 4.030000
v -1.289556 0.209268 2.600000
v -1.326569 0.236569 4.030000
v -1.294890 0.204891 2.600000
v -1.336518 0.224446 4.030000
v -1.299268 0.199556 2.600000
v -1.343910 0.210615 4.030000
v -1.302520 0.193471 2.600000
v -1.348463 0.195607 4.030000
v -1.304523 0.186868 2.600000
v -1.350000 0.180000 4.030000
v -1.305200 0.180000 2.600000
v -1.348463 0.164393 4.030000
v -1.304523 0.173133 2.600000
v -1.343910 0.149385 4.030000
v -1.302520 0.166530 2.600000
v -1.336518 0.135555 4.030000
v -1.299268 0.160444 2.600000
v -1.326569 0.123432 4.030000
v -1.294890 0.155110 2.600000
v -1.314446 0.113483 4.030000
v -1.289556 0.150733 2.600000
v -1.300615 0.106090 4.030000
v -1.283470 0.147480 2.600000
v -1.285607 0.101537 4.030000
v -1.276867 0.145477 2.600000
v -1.270000 0.153218 4.530000
v -1.264775 0.153732 4.530000
v -1.259751 0.155256 4.530000
v -1.255121 0.157731 4.530000
v -1.251062 0.161062 4.530000
v -1.247731 0.165121 4.530000
v -1.245257 0.169751 4.530000
v -1.243733 0.174775 4.530000
v -1.243218 0.180000 4.530000
v -1.243733 0.185225 4.530000
v -1.245257 0.190249 4.530000
v -1.247731 0.194879 4.530000
v -1.251062 0.198938 4.530000
v -1.255121 0.202269 4.530000
v -1.259751 0.204744 4.530000
v -1.264775 0.206268 4.530000
v -1.270000 0.206782 4.530000
v -1.275225 0.206268 4.530000
v -1.280249 0.204744 4.530000
v -1.284880 0.202269 4.530000
v -1.288938 0.198938 4.530000
v -1.292269 0.194879 4.530000
v -1.294744 0.190249 4.530000
v -1.296268 0.185225 4.530000
v -1.296782 0.180000 4.530000
v -1.296268 0.174775 4.530000
v -1.294744 0.169751 4.530000
v -1.292269 0.165121 4.530000
v -1.288938 0.161062 4.530000
v -1.284880 0.157731 4.530000
v -1.280249 0.155256 4.530000
v -1.275225 0.153732 4.530000
v -1.270000 0.100000 4.530000
v -1.254393 0.101537 4.530000
v -1.239385 0.106090 4.530000
v -1.225555 0.113482 4.530000
v -1.213432 0.123431 4.530000
v -1.203483 0.135554 4.530000
v -1.196090 0.149385 4.530000
v -1.191537 0.164393 4.530000
v -1.190000 0.180000 4.530000
v -1.191537 0.195607 4.530000
v -1.196090 0.210615 4.530000
v -1.203483 0.224446 4.530000
v -1.213432 0.236568 4.530000
v -1.225555 0.246518 4.530000
v -1.239385 0.253910 4.530000
v -1.254393 0.258463 4.530000
v -1.270000 0.260000 4.530000
v -1.285607 0.258463 4.530000
v -1.300615 0.253910 4.530000
v -1.314446 0.246518 4.530000
v -1.326569 0.236569 4.530000
v -1.336518 0.224446 4.530000
v -1.343910 0.210615 4.530000
v -1.348463 0.195607 4.530000
v -1.350000 0.180000 4.530000
v -1.348463 0.164393 4.530000
v -1.343910 0.149385 4.530000
v -1.336518 0.135554 4.530000
v -1.326569 0.123431 4.530000
v -1.314446 0.113482 4.530000
v -1.300615 0.106090 4.530000
v -1.285607 0.101537 4.530000
v -1.270000 0.153218 2.600000
v -1.264775 0.153733 2.600000
v -1.259751 0.155257 2.600000
v -1.255120 0.157732 2.600000
v -1.251062 0.161063 2.600000
v -1.247731 0.165121 2.600000
v -1.245256 0.169751 2.600000
v -1.243732 0.174776 2.600000
v -1.243217 0.180000 2.600000
v -1.243732 0.185225 2.600000
v -1.245256 0.190250 2.600000
v -1.247731 0.194880 2.600000
v -1.251062 0.198938 2.600000
v -1.255120 0.202269 2.600000
v -1.259751 0.204744 2.600000
v -1.264775 0.206268 2.600000
v -1.270000 0.206783 2.600000
v -1.275225 0.206268 2.600000
v -1.280249 0.204744 2.600000
v -1.284879 0.202269 2.600000
v -1.288938 0.198938 2.600000
v -1.292268 0.194880 2.600000
v -1.294743 0.190250 2.600000
v -1.296267 0.185225 2.600000
v -1.296782 0.180000 2.600000
v -1.296267 0.174775 2.600000
v -1.294743 0.169751 2.600000
v -1.292268 0.165121 2.600000
v -1.288938 0.161062 2.600000
v -1.284879 0.157732 2.600000
v -1.280249 0.155257 2.600000
v -1.275225 0.153733 2.600000
vn -0.0000 -0.9999 -0.0156
vn -0.0000 -0.9995 -0.0313
vn 0.1950 -0.9803 -0.0313
vn 0.1951 -0.9807 -0.0156
vn 0.3825 -0.9234 -0.0313
vn 0.3826 -0.9238 -0.0156
vn 0.5553 -0.8311 -0.0313
vn 0.5555 -0.8314 -0.0156
vn 0.7068 -0.7068 -0.0313
vn 0.7070 -0.7070 -0.0156
vn 0.8311 -0.5553 -0.0313
vn 0.8314 -0.5555 -0.0156
vn 0.9234 -0.3825 -0.0313
vn 0.9238 -0.3826 -0.0156
vn 0.9803 -0.1950 -0.0313
vn 0.9807 -0.1951 -0.0156
vn 0.9995 -0.0000 -0.0313
vn 0.9999 -0.0000 -0.0156
vn 0.9803 0.1950 -0.0313
vn 0.9807 0.1951 -0.0156
vn 0.9234 0.3825 -0.0313
vn 0.9238 0.3826 -0.0156
vn 0.8311 0.5553 -0.0313
vn 0.8314 0.5555 -0.0156
vn 0.7068 0.7068 -0.0313
vn 0.7070 0.7070 -0.0156
vn 0.5553 0.8311 -0.0313
vn 0.5555 0.8314 -0.0156
vn 0.3825 0.9234 -0.0313
vn 0.3826 0.9238 -0.0156
vn 0.1950 0.9803 -0.0313
vn 0.1951 0.9807 -0.0156
vn -0.0000 0.9995 -0.0313
vn -0.0000 0.9999 -0.0156
vn -0.1950 0.9803 -0.0313
vn -0.1951 0.9807 -0.0156
vn -0.3825 0.9234 -0.0313
vn -0.3826 0.9238 -0.0156
vn -0.5553 0.8311 -0.0313
vn -0.5555 0.8314 -0.0156
vn -0.7068 0.7068 -0.0313
vn -0.7070 0.7070 -0.0156
vn -0.8311 0.5553 -0.0313
vn -0.8314 0.5555 -0.0156
vn -0.9234 0.3825 -0.0313
vn -0.9238 0.3826 -0.0156
vn -0.9803 0.1950 -0.0313
vn -0.9807 0.1951 -0.0156
vn -0.9995 -0.0000 -0.0313
vn -0.9999 -0.0000 -0.0156
vn -0.9803 -0.1950 -0.0313
vn -0.9807 -0.1951 -0.0156
vn -0.9234 -0.3825 -0.0313
vn -0.9238 -0.3826 -0.0156
vn -0.8311 -0.5553 -0.0313
vn -0.8314 -0.5555 -0.0156
vn -0.7068 -0.7068 -0.0313
vn -0.7070 -0.7070 -0.0156
vn -0.5553 -0.8311 -0.0313
vn -0.5555 -0.8314 -0.0156
vn -0.3825 -0.9234 -0.0313
vn -0.3826 -0.9238 -0.0156
vn -0.1950 -0.9803 -0.0313
vn -0.1951 -0.9807 -0.0156
vn 0.3827 -0.9239 -0.0000
vn 0.1951 -0.9808 -0.0000
vn 0.9808 0.1951 -0.0000
vn 0.9239 0.3827 -0.0000
vn 0.8315 0.5556 -0.0000
vn -0.7071 0.7071 -0.0000
vn -0.5556 0.8315 -0.0000
vn -0.5556 -0.8315 -0.0000
vn -0.7071 -0.7071 -0.0000
vn 0.9808 -0.1951 -0.0000
vn 0.9239 -0.3827 -0.0000
vn -0.0000 1.0000 -0.0000
vn 0.1951 0.9808 -0.0000
vn -0.9808 -0.1951 -0.0000
vn -1.0000 -0.0000 -0.0000
vn 0.5556 -0.8315 -0.0000
vn 0.7071 0.7071 -0.0000
vn -0.8315 0.5556 -0.0000
vn -0.3827 -0.9239 -0.0000
vn 1.0000 -0.0000 -0.0000
vn -0.1951 0.9808 -0.0000
vn -0.9239 -0.3827 -0.0000
vn 0.7071 -0.7071 -0.0000
vn 0.5556 0.8315 -0.0000
vn -0.9239 0.3827 -0.0000
vn -0.1951 -0.9808 -0.0000
vn -0.3827 0.9239 -0.0000
vn -0.8315 -0.5556 -0.0000
vn 0.8315 -0.5556 -0.0000
vn 0.3827 0.9239 -0.0000
vn -0.9808 0.1951 -0.0000
vn -0.0000 -1.0000 -0.0000
vn -0.0000 -0.0000 1.0000
vn -0.0000 -0.0000 -1.0000
vt 1.000000 0.500000
vt 1.000000 1.000000
vt 0.968750 1.000000
vt 0.968750 0.500000
vt 0.937500 1.000000
vt 0.937500 0.500000
vt 0.906250 1.000000
vt 0.906250 0.500000
vt 0.875000 1.000000
vt 0.875000 0.500000
vt 0.843750 1.000000
vt 0.843750 0.500000
vt 0.812500 1.000000
vt 0.812500 0.500000
vt 0.781250 1.000000
vt 0.781250 0.500000
vt 0.750000 1.000000
vt 0.750000 0.500000
vt 0.718750 1.000000
vt 0.718750 0.500000
vt 0.687500 1.000000
vt 0.687500 0.500000
vt 0.656250 1.000000
vt 0.656250 0.500000
vt 0.625000 1.000000
vt 0.625000 0.500000
vt 0.593750 1.000000
vt 0.593750 0.500000
vt 0.562500 1.000000
vt 0.562500 0.500000
vt 0.531250 1.000000
vt 0.531250 0.500000
vt 0.500000 1.000000
vt 0.500000 0.500000
vt 0.468750 1.000000
vt 0.468750 0.500000
vt 0.437500 1.000000
vt 0.437500 0.500000
vt 0.406250 1.000000
vt 0.406250 0.500000
vt 0.375000 1.000000
vt 0.375000 0.500000
vt 0.343750 1.000000
vt 0.343750 0.500000
vt 0.312500 1.000000
vt 0.312500 0.500000
vt 0.281250 1.000000
vt 0.281250 0.500000
vt 0.250000 1.000000
vt 0.250000 0.500000
vt 0.218750 1.000000
vt 0.218750 0.500000
vt 0.187500 1.000000
vt 0.187500 0.500000
vt 0.156250 1.000000
vt 0.156250 0.500000
vt 0.125000 1.000000
vt 0.125000 0.500000
vt 0.093750 1.000000
vt 0.093750 0.500000
vt 0.062500 1.000000
vt 0.062500 0.500000
vt 0.031250 1.000000
vt 0.031250 0.500000
vt 0.000000 1.000000
vt 0.000000 0.500000
vt 0.662441 0.267417
vt 0.667521 0.284164
vt 0.767417 0.337559
vt 0.750000 0.339274
vt 0.750000 0.490000
vt 0.796822 0.485388
vt 0.784164 0.332479
vt 0.841844 0.471731
vt 0.799598 0.324229
vt 0.883337 0.449553
vt 0.813127 0.313126
vt 0.919706 0.419706
vt 0.824229 0.299598
vt 0.949553 0.383337
vt 0.832478 0.284164
vt 0.971731 0.341844
vt 0.837559 0.267416
vt 0.985388 0.296822
vt 0.839274 0.250000
vt 0.990000 0.250000
vt 0.837559 0.232584
vt 0.985388 0.203178
vt 0.832478 0.215836
vt 0.971731 0.158156
vt 0.824229 0.200402
vt 0.949553 0.116663
vt 0.813127 0.186874
vt 0.919706 0.080294
vt 0.799598 0.175771
vt 0.883337 0.050447
vt 0.784164 0.167521
vt 0.841844 0.028269
vt 0.767416 0.162441
vt 0.796822 0.014612
vt 0.750000 0.160726
vt 0.750000 0.010000
vt 0.732583 0.162441
vt 0.703178 0.014612
vt 0.715836 0.167521
vt 0.658156 0.028269
vt 0.700402 0.175771
vt 0.616663 0.050447
vt 0.686874 0.186873
vt 0.580294 0.080294
vt 0.675771 0.200402
vt 0.550447 0.116663
vt 0.667521 0.215836
vt 0.528269 0.158156
vt 0.662441 0.232583
vt 0.514612 0.203178
vt 0.660726 0.250000
vt 0.510000 0.250000
vt 0.514612 0.296822
vt 0.528269 0.341844
vt 0.675771 0.299598
vt 0.550447 0.383337
vt 0.686874 0.313127
vt 0.580294 0.419706
vt 0.700402 0.324229
vt 0.616663 0.449553
vt 0.715836 0.332479
vt 0.658156 0.471731
vt 0.732583 0.337559
vt 0.703178 0.485388
s 1
f 1577/264/601 1578/265/602 1580/266/603 1579/267/604
f 1579/267/604 1580/266/603 1582/268/605 1581/269/606
f 1581/269/606 1582/268/605 1584/270/607 1583/271/608
f 1583/271/608 1584/270/607 1586/272/609 1585/273/610
f 1585/273/610 1586/272/609 1588/274/611 1587/275/612
f 1587/275/612 1588/274/611 1590/276/613 1589/277/614
f 1589/277/614 1590/276/613 1592/278/615 1591/279/616
f 1591/279/616 1592/278/615 1594/280/617 1593/281/618
f 1593/281/618 1594/280/617 1596/282/619 1595/283/620
f 1595/283/620 1596/282/619 1598/284/621 1597/285/622
f 1597/285/622 1598/284/621 1600/286/623 1599/287/624
f 1599/287/624 1600/286/623 1602/288/625 1601/289/626
f 1601/289/626 1602/288/625 1604/290/627 1603/291/628
f 1603/291/628 1604/290/627 1606/292/629 1605/293/630
f 1605/293/630 1606/292/629 1608/294/631 1607/295/632
f 1607/295/632 1608/294/631 1610/296/633 1609/297/634
f 1609/297/634 1610/296/633 1612/298/635 1611/299/636
f 1611/299/636 1612/298/635 1614/300/637 1613/301/638
f 1613/301/638 1614/300/637 1616/302/639 1615/303/640
f 1615/303/640 1616/302/639 1618/304/641 1617/305/642
f 1617/305/642 1618/304/641 1620/306/643 1619/307/644
f 1619/307/644 1620/306/643 1622/308/645 1621/309/646
f 1621/309/646 1622/308/645 1624/310/647 1623/311/648
f 1623/311/648 1624/310/647 1626/312/649 1625/313/650
f 1625/313/650 1626/312/649 1628/314/651 1627/315/652
f 1627/315/652 1628/314/651 1630/316/653 1629/317/654
f 1629/317/654 1630/316/653 1632/318/655 1631/319/656
f 1631/319/656 1632/318/655 1634/320/657 1633/321/658
f 1633/321/658 1634/320/657 1636/322/659 1635/323/660
f 1635/323/660 1636/322/659 1638/324/661 1637/325/662
f 1637/325/662 1638/324/661 1640/326/663 1639/327/664
f 1639/327/664 1640/326/663 1578/328/602 1577/329/601
f 1579/267/604 1581/269/606 1675/269/665 1674/267/666
f 1666/330/667 1667/331/668 1731/331/668 1730/330/667
f 1597/285/622 1599/287/624 1684/287/669 1683/285/668
f 1615/303/640 1617/305/642 1693/305/670 1692/303/671
f 1633/321/658 1635/323/660 1702/323/672 1701/321/673
f 1589/277/614 1591/279/616 1680/279/674 1679/277/675
f 1607/295/632 1609/297/634 1689/297/676 1688/295/677
f 1625/313/650 1627/315/652 1698/315/678 1697/313/679
f 1581/269/606 1583/271/608 1676/271/680 1675/269/665
f 1599/287/624 1601/289/626 1685/289/681 1684/287/669
f 1617/305/642 1619/307/644 1694/307/682 1693/305/670
f 1635/323/660 1637/325/662 1703/325/683 1702/323/672
f 1591/279/616 1593/281/618 1681/281/684 1680/279/674
f 1609/297/634 1611/299/636 1690/299/685 1689/297/676
f 1627/315/652 1629/317/654 1699/317/686 1698/315/678
f 1583/271/608 1585/273/610 1677/273/687 1676/271/680
f 1601/289/626 1603/291/628 1686/291/688 1685/289/681
f 1619/307/644 1621/309/646 1695/309/689 1694/307/682
f 1637/325/662 1639/327/664 1704/327/690 1703/325/683
f 1593/281/618 1595/283/620 1682/283/667 1681/281/684
f 1611/299/636 1613/301/638 1691/301/691 1690/299/685
f 1629/317/654 1631/319/656 1700/319/692 1699/317/686
f 1585/273/610 1587/275/612 1678/275/693 1677/273/687
f 1603/291/628 1605/293/630 1687/293/694 1686/291/688
f 1621/309/646 1623/311/648 1696/311/695 1695/309/689
f 1577/264/601 1579/267/604 1674/267/666 1673/264/696
f 1639/327/664 1577/329/601 1673/329/696 1704/327/690
f 1595/283/620 1597/285/622 1683/285/668 1682/283/667
f 1613/301/638 1615/303/640 1692/303/671 1691/301/691
f 1631/319/656 1633/321/658 1701/321/673 1700/319/692
f 1587/275/612 1589/277/614 1679/277/675 1678/275/693
f 1605/293/630 1607/295/632 1688/295/677 1687/293/694
f 1623/311/648 1625/313/650 1697/313/679 1696/311/695
f 1642/332/697 1641/333/697 1673/334/697 1674/335/697
f 1643/336/697 1642/332/697 1674/335/697 1675/337/697
f 1644/338/697 1643/336/697 1675/337/697 1676/339/697
f 1645/340/697 1644/338/697 1676/339/697 1677/341/697
f 1646/342/697 1645/340/697 1677/341/697 1678/343/697
f 1647/344/697 1646/342/697 1678/343/697 1679/345/697
f 1648/346/697 1647/344/697 1679/345/697 1680/347/697
f 1649/348/697 1648/346/697 1680/347/697 1681/349/697
f 1650/350/697 1649/348/697 1681/349/697 1682/351/697
f 1651/352/697 1650/350/697 1682/351/697 1683/353/697
f 1652/354/697 1651/352/697 1683/353/697 1684/355/697
f 1653/356/697 1652/354/697 1684/355/697 1685/357/697
f 1654/358/697 1653/356/697 1685/357/697 1686/359/697
f 1655/360/697 1654/358/697 1686/359/697 1687/361/697
f 1656/362/697 1655/360/697 1687/361/697 1688/363/697
f 1657/364/697 1656/362/697 1688/363/697 1689/365/697
f 1658/366/697 1657/364/697 1689/365/697 1690/367/697
f 1659/368/697 1658/366/697 1690/367/697 1691/369/697
f 1660/370/697 1659/368/697 1691/369/697 1692/371/697
f 1661/372/697 1660/370/697 1692/371/697 1693/373/697
f 1662/374/697 1661/372/697 1693/373/697 1694/375/697
f 1663/376/697 1662/374/697 1694/375/697 1695/377/697
f 1664/378/697 1663/376/697 1695/377/697 1696/379/697
f 1665/380/697 1664/378/697 1696/379/697 1697/381/697
f 1666/330/697 1665/380/697 1697/381/697 1698/382/697
f 1667/331/697 1666/330/697 1698/382/697 1699/383/697
f 1668/384/697 1667/331/697 1699/383/697 1700/385/697
f 1669/386/697 1668/384/697 1700/385/697 1701/387/697
f 1670/388/697 1669/386/697 1701/387/697 1702/389/697
f 1671/390/697 1670/388/697 1702/389/697 1703/391/697
f 1672/392/697 1671/390/697 1703/391/697 1704/393/697
f 1641/333/697 1672/392/697 1704/393/697 1673/334/697
f 1706/332/698 1707/336/698 1582/268/698 1580/266/698
f 1653/356/673 1654/358/672 1718/358/672 1717/356/673
f 1667/331/668 1668/384/669 1732/384/669 1731/331/668
f 1654/358/672 1655/360/683 1719/360/683 1718/358/672
f 1641/333/676 1642/332/685 1706/332/685 1705/333/676
f 1668/384/669 1669/386/681 1733/386/681 1732/384/669
f 1655/360/683 1656/362/690 1720/362/690 1719/360/683
f 1642/332/685 1643/336/691 1707/336/691 1706/332/685
f 1669/386/681 1670/388/688 1734/388/688 1733/386/681
f 1656/362/690 1657/364/696 1721/364/696 1720/362/690
f 1643/336/691 1644/338/671 1708/338/671 1707/336/691
f 1670/388/688 1671/390/694 1735/390/694 1734/388/688
f 1657/364/696 1658/366/666 1722/366/666 1721/364/696
f 1644/338/671 1645/340/670 1709/340/670 1708/338/671
f 1671/390/694 1672/392/677 1736/392/677 1735/390/694
f 1658/366/666 1659/368/665 1723/368/665 1722/366/666
f 1645/340/670 1646/342/682 1710/342/682 1709/340/670
f 1672/392/677 1641/333/676 1705/333/676 1736/392/677
f 1659/368/665 1660/370/680 1724/370/680 1723/368/665
f 1646/342/682 1647/344/689 1711/344/689 1710/342/682
f 1660/370/680 1661/372/687 1725/372/687 1724/370/680
f 1647/344/689 1648/346/695 1712/346/695 1711/344/689
f 1661/372/687 1662/374/693 1726/374/693 1725/372/687
f 1648/346/695 1649/348/679 1713/348/679 1712/346/695
f 1662/374/693 1663/376/675 1727/376/675 1726/374/693
f 1649/348/679 1650/350/678 1714/350/678 1713/348/679
f 1663/376/675 1664/378/674 1728/378/674 1727/376/675
f 1650/350/678 1651/352/686 1715/352/686 1714/350/678
f 1664/378/674 1665/380/684 1729/380/684 1728/378/674
f 1651/352/686 1652/354/692 1716/354/692 1715/352/686
f 1665/380/684 1666/330/667 1730/330/667 1729/380/684
f 1652/354/692 1653/356/673 1717/356/673 1716/354/692
f 1707/336/698 1708/338/698 1584/270/698 1582/268/698
f 1708/338/698 1709/340/698 1586/272/698 1584/270/698
f 1709/340/698 1710/342/698 1588/274/698 1586/272/698
f 1710/342/698 1711/344/698 1590/276/698 1588/274/698
f 1711/344/698 1712/346/698 1592/278/698 1590/276/698
f 1712/346/698 1713/348/698 1594/280/698 1592/278/698
f 1713/348/698 1714/350/698 1596/282/698 1594/280/698
f 1714/350/698 1715/352/698 1598/284/698 1596/282/698
f 1715/352/698 1716/354/698 1600/286/698 1598/284/698
f 1716/354/698 1717/356/698 1602/288/698 1600/286/698
f 1717/356/698 1718/358/698 1604/290/698 1602/288/698
f 1718/358/698 1719/360/698 1606/292/698 1604/290/698
f 1719/360/698 1720/362/698 1608/294/698 1606/292/698
f 1720/362/698 1721/364/698 1610/296/698 1608/294/698
f 1721/364/698 1722/366/698 1612/298/698 1610/296/698
f 1722/366/698 1723/368/698 1614/300/698 1612/298/698
f 1723/368/698 1724/370/698 1616/302/698 1614/300/698
f 1724/370/698 1725/372/698 1618/304/698 1616/302/698
f 1725/372/698 1726/374/698 1620/306/698 1618/304/698
f 1726/374/698 1727/376/698 1622/308/698 1620/306/698
f 1727/376/698 1728/378/698 1624/310/698 1622/308/698
f 1728/378/698 1729/380/698 1626/312/698 1624/310/698
f 1729/380/698 1730/330/698 1628/314/698 1626/312/698
f 1730/330/698 1731/331/698 1630/316/698 1628/314/698
f 1731/331/698 1732/384/698 1632/318/698 1630/316/698
f 1732/384/698 1733/386/698 1634/320/698 1632/318/698
f 1733/386/698 1734/388/698 1636/322/698 1634/320/698
f 1734/388/698 1735/390/698 1638/324/698 1636/322/698
f 1735/390/698 1736/392/698 1640/326/698 1638/324/698
f 1736/392/698 1705/333/698 1578/328/698 1640/326/698
f 1705/333/698 1706/332/698 1580/266/698 1578/265/698
g Barrels.004_Cylinder.004
v 1.270000 0.260000 4.030000
v 1.270000 0.215200 2.600000
v 1.254393 0.258463 4.030000
v 1.263133 0.214524 2.600000
v 1.239385 0.253910 4.030000
v 1.256530 0.212521 2.600000
v 1.225555 0.246517 4.030000
v 1.250444 0.209268 2.600000
v 1.213432 0.236568 4.030000
v 1.245110 0.204890 2.600000
v 1.203483 0.224446 4.030000
v 1.240732 0.199556 2.600000
v 1.196090 0.210615 4.030000
v 1.237479 0.193470 2.600000
v 1.191537 0.195607 4.030000
v 1.235476 0.186867 2.600000
v 1.190000 0.180000 4.030000
v 1.234800 0.180000 2.600000
v 1.191537 0.164393 4.030000
v 1.235476 0.173133 2.600000
v 1.196090 0.149385 4.030000
v 1.237479 0.166530 2.600000
v 1.203483 0.135554 4.030000
v 1.240732 0.160444 2.600000
v 1.213432 0.123431 4.030000
v 1.245110 0.155110 2.600000
v 1.225555 0.113482 4.030000
v 1.250444 0.150732 2.600000
v 1.239385 0.106089 4.030000
v 1.256530 0.147479 2.600000
v 1.254393 0.101537 4.030000
v 1.263133 0.145476 2.600000
v 1.270000 0.100000 4.030000
v 1.270000 0.144800 2.600000
v 1.285607 0.101537 4.030000
v 1.276867 0.145476 2.600000
v 1.300615 0.106089 4.030000
v 1.283470 0.147479 2.600000
v 1.314446 0.113482 4.030000
v 1.289556 0.150732 2.600000
v 1.326569 0.123431 4.030000
v 1.294890 0.155110 2.600000
v 1.336518 0.135554 4.030000
v 1.299268 0.160444 2.600000
v 1.343911 0.149385 4.030000
v 1.302521 0.166530 2.600000
v 1.348463 0.164393 4.030000
v 1.304524 0.173133 2.600000
v 1.350000 0.180000 4.030000
v 1.305200 0.180000 2.600000
v 1.348463 0.195607 4.030000
v 1.304524 0.186867 2.600000
v 1.343911 0.210615 4.030000
v 1.302521 0.193470 2.600000
v 1.336518 0.224445 4.030000
v 1.299268 0.199556 2.600000
v 1.326569 0.236568 4.030000
v 1.294890 0.204890 2.600000
v 1.314446 0.246517 4.030000
v 1.289556 0.209268 2.600000
v 1.300615 0.253910 4.030000
v 1.283470 0.212521 2.600000
v 1.285607 0.258463 4.030000
v 1.276867 0.214524 2.600000
v 1.270000 0.206782 4.530000
v 1.264775 0.206268 4.530000
v 1.259751 0.204743 4.530000
v 1.255121 0.202269 4.530000
v 1.251062 0.198938 4.530000
v 1.247732 0.194879 4.530000
v 1.245257 0.190249 4.530000
v 1.243733 0.185225 4.530000
v 1.243218 0.180000 4.530000
v 1.243733 0.174775 4.530000
v 1.245257 0.169751 4.530000
v 1.247732 0.165120 4.530000
v 1.251062 0.161062 4.530000
v 1.255121 0.157731 4.530000
v 1.259751 0.155256 4.530000
v 1.264775 0.153732 4.530000
v 1.270000 0.153218 4.530000
v 1.275225 0.153732 4.530000
v 1.280249 0.155256 4.530000
v 1.284880 0.157731 4.530000
v 1.288938 0.161062 4.530000
v 1.292269 0.165120 4.530000
v 1.294744 0.169751 4.530000
v 1.296268 0.174775 4.530000
v 1.296782 0.180000 4.530000
v 1.296268 0.185225 4.530000
v 1.294744 0.190249 4.530000
v 1.292269 0.194879 4.530000
v 1.288938 0.198938 4.530000
v 1.284880 0.202269 4.530000
v 1.280249 0.204743 4.530000
v 1.275225 0.206268 4.530000
v 1.270000 0.260000 4.530000
v 1.254393 0.258463 4.530000
v 1.239386 0.253910 4.530000
v 1.225555 0.246517 4.530000
v 1.213432 0.236568 4.530000
v 1.203483 0.224445 4.530000
v 1.196090 0.210615 4.530000
v 1.191537 0.195607 4.530000
v 1.190000 0.180000 4.530000
v 1.191537 0.164393 4.530000
v 1.196090 0.149385 4.530000
v 1.203483 0.135554 4.530000
v 1.213432 0.123431 4.530000
v 1.225555 0.113482 4.530000
v 1.239386 0.106089 4.530000
v 1.254393 0.101537 4.530000
v 1.270000 0.100000 4.530000
v 1.285608 0.101537 4.530000
v 1.300615 0.106089 4.530000
v 1.314446 0.113482 4.530000
v 1.326569 0.123431 4.530000
v 1.336518 0.135554 4.530000
v 1.343911 0.149385 4.530000
v 1.348463 0.164393 4.530000
v 1.350000 0.180000 4.530000
v 1.348463 0.195607 4.530000
v 1.343911 0.210615 4.530000
v 1.336518 0.224445 4.530000
v 1.326569 0.236568 4.530000
v 1.314446 0.246517 4.530000
v 1.300615 0.253910 4.530000
v 1.285607 0.258463 4.530000
v 1.270000 0.206782 2.600000
v 1.264775 0.206268 2.600000
v 1.259751 0.204744 2.600000
v 1.255121 0.202269 2.600000
v 1.251062 0.198938 2.600000
v 1.247731 0.194879 2.600000
v 1.245256 0.190249 2.600000
v 1.243732 0.185225 2.600000
v 1.243218 0.180000 2.600000
v 1.243732 0.174775 2.600000
v 1.245256 0.169751 2.600000
v 1.247731 0.165121 2.600000
v 1.251062 0.161062 2.600000
v 1.255121 0.157731 2.600000
v 1.259751 0.155256 2.600000
v 1.264775 0.153732 2.600000
v 1.270000 0.153218 2.600000
v 1.275225 0.153732 2.600000
v 1.280249 0.155256 2.600000
v 1.284879 0.157731 2.600000
v 1.288938 0.161062 2.600000
v 1.292269 0.165120 2.600000
v 1.294744 0.169751 2.600000
v 1.296268 0.174775 2.600000
v 1.296782 0.180000 2.600000
v 1.296268 0.185225 2.600000
v 1.294744 0.190249 2.600000
v 1.292269 0.194879 2.600000
v 1.288938 0.198938 2.600000
v 1.284879 0.202269 2.600000
v 1.280249 0.204744 2.600000
v 1.275225 0.206268 2.600000
vn -0.0000 0.9999 -0.0156
vn -0.0000 0.9995 -0.0313
vn -0.1950 0.9803 -0.0313
vn -0.1951 0.9807 -0.0156
vn -0.3825 0.9234 -0.0313
vn -0.3826 0.9238 -0.0156
vn -0.5553 0.8311 -0.0313
vn -0.5555 0.8314 -0.0156
vn -0.7068 0.7068 -0.0313
vn -0.7070 0.7070 -0.0156
vn -0.8311 0.5553 -0.0313
vn -0.8314 0.5555 -0.0156
vn -0.9234 0.3825 -0.0313
vn -0.9238 0.3826 -0.0156
vn -0.9803 0.1950 -0.0313
vn -0.9807 0.1951 -0.0156
vn -0.9995 -0.0000 -0.0313
vn -0.9999 -0.0000 -0.0156
vn -0.9803 -0.1950 -0.0313
vn -0.9807 -0.1951 -0.0156
vn -0.9234 -0.3825 -0.0313
vn -0.9238 -0.3826 -0.0156
vn -0.8311 -0.5553 -0.0313
vn -0.8314 -0.5555 -0.0156
vn -0.7068 -0.7068 -0.0313
vn -0.7070 -0.7070 -0.0156
vn -0.5553 -0.8311 -0.0313
vn -0.5555 -0.8314 -0.0156
vn -0.3825 -0.9234 -0.0313
vn -0.3826 -0.9238 -0.0156
vn -0.1950 -0.9803 -0.0313
vn -0.1951 -0.9807 -0.0156
vn -0.0000 -0.9995 -0.0313
vn -0.0000 -0.9999 -0.0156
vn 0.1950 -0.9803 -0.0313
vn 0.1951 -0.9807 -0.0156
vn 0.3825 -0.9234 -0.0313
vn 0.3826 -0.9238 -0.0156
vn 0.5553 -0.8311 -0.0313
vn 0.5555 -0.8314 -0.0156
vn 0.7068 -0.7068 -0.0313
vn 0.7070 -0.7070 -0.0156
vn 0.8311 -0.5553 -0.0313
vn 0.8314 -0.5555 -0.0156
vn 0.9234 -0.3825 -0.0313
vn 0.9238 -0.3826 -0.0156
vn 0.9803 -0.1950 -0.0313
vn 0.9807 -0.1951 -0.0156
vn 0.9995 -0.0000 -0.0313
vn 0.9999 -0.0000 -0.0156
vn 0.9803 0.1950 -0.0313
vn 0.9807 0.1951 -0.0156
vn 0.9234 0.3825 -0.0313
vn 0.9238 0.3826 -0.0156
vn 0.8311 0.5553 -0.0313
vn 0.8314 0.5555 -0.0156
vn 0.7068 0.7068 -0.0313
vn 0.7070 0.7070 -0.0156
vn 0.5553 0.8311 -0.0313
vn 0.5555 0.8314 -0.0156
vn 0.3825 0.9234 -0.0313
vn 0.3826 0.9238 -0.0156
vn 0.1950 0.9803 -0.0313
vn 0.1951 0.9807 -0.0156
vn -0.3827 0.9239 -0.0000
vn -0.1951 0.9808 -0.0000
vn -0.9808 -0.1951 -0.0000
vn -0.9239 -0.3827 -0.0000
vn -0.8315 -0.5556 -0.0000
vn 0.7071 -0.7071 -0.0000
vn 0.5556 -0.8315 -0.0000
vn 0.5556 0.8315 -0.0000
vn 0.7071 0.7071 -0.0000
vn -0.9808 0.1951 -0.0000
vn -0.9239 0.3827 -0.0000
vn -0.0000 -1.0000 -0.0000
vn -0.1951 -0.9808 -0.0000
vn 0.9808 0.1951 -0.0000
vn 1.0000 -0.0000 -0.0000
vn -0.5556 0.8315 -0.0000
vn -0.7071 -0.7071 -0.0000
vn 0.8315 -0.5556 -0.0000
vn 0.3827 0.9239 -0.0000
vn -1.0000 -0.0000 -0.0000
vn 0.1951 -0.9808 -0.0000
vn 0.9239 0.3827 -0.0000
vn -0.7071 0.7071 -0.0000
vn -0.5556 -0.8315 -0.0000
vn 0.9239 -0.3827 -0.0000
vn 0.1951 0.9808 -0.0000
vn 0.3827 -0.9239 -0.0000
vn 0.8315 0.5556 -0.0000
vn -0.8315 0.5556 -0.0000
vn -0.3827 -0.9239 -0.0000
vn 0.9808 -0.1951 -0.0000
vn -0.0000 1.0000 -0.0000
vn -0.0000 -0.0000 1.0000
vn -0.0000 -0.0000 -1.0000
vt 1.000000 0.500000
vt 1.000000 1.000000
vt 0.968750 1.000000
vt 0.968750 0.500000
vt 0.937500 1.000000
vt 0.937500 0.500000
vt 0.906250 1.000000
vt 0.906250 0.500000
vt 0.875000 1.000000
vt 0.875000 0.500000
vt 0.843750 1.000000
vt 0.843750 0.500000
vt 0.812500 1.000000
vt 0.812500 0.500000
vt 0.781250 1.000000
vt 0.781250 0.500000
vt 0.750000 1.000000
vt 0.750000 0.500000
vt 0.718750 1.000000
vt 0.718750 0.500000
vt 0.687500 1.000000
vt 0.687500 0.500000
vt 0.656250 1.000000
vt 0.656250 0.500000
vt 0.625000 1.000000
vt 0.625000 0.500000
vt 0.593750 1.000000
vt 0.593750 0.500000
vt 0.562500 1.000000
vt 0.562500 0.500000
vt 0.531250 1.000000
vt 0.531250 0.500000
vt 0.500000 1.000000
vt 0.500000 0.500000
vt 0.468750 1.000000
vt 0.468750 0.500000
vt 0.437500 1.000000
vt 0.437500 0.500000
vt 0.406250 1.000000
vt 0.406250 0.500000
vt 0.375000 1.000000
vt 0.375000 0.500000
vt 0.343750 1.000000
vt 0.343750 0.500000
vt 0.312500 1.000000
vt 0.312500 0.500000
vt 0.281250 1.000000
vt 0.281250 0.500000
vt 0.250000 1.000000
vt 0.250000 0.500000
vt 0.218750 1.000000
vt 0.218750 0.500000
vt 0.187500 1.000000
vt 0.187500 0.500000
vt 0.156250 1.000000
vt 0.156250 0.500000
vt 0.125000 1.000000
vt 0.125000 0.500000
vt 0.093750 1.000000
vt 0.093750 0.500000
vt 0.062500 1.000000
vt 0.062500 0.500000
vt 0.031250 1.000000
vt 0.031250 0.500000
vt 0.000000 1.000000
vt 0.000000 0.500000
vt 0.662441 0.267417
vt 0.667521 0.284164
vt 0.767417 0.337559
vt 0.750000 0.339274
vt 0.750000 0.490000
vt 0.796822 0.485388
vt 0.784164 0.332479
vt 0.841844 0.471731
vt 0.799598 0.324229
vt 0.883337 0.449553
vt 0.813127 0.313126
vt 0.919706 0.419706
vt 0.824229 0.299598
vt 0.949553 0.383337
vt 0.832478 0.284164
vt 0.971731 0.341844
vt 0.837559 0.267416
vt 0.985388 0.296822
vt 0.839274 0.250000
vt 0.990000 0.250000
vt 0.837559 0.232584
vt 0.985388 0.203178
vt 0.832478 0.215836
vt 0.971731 0.158156
vt 0.824229 0.200402
vt 0.949553 0.116663
vt 0.813127 0.186874
vt 0.919706 0.080294
vt 0.799598 0.175771
vt 0.883337 0.050447
vt 0.784164 0.167521
vt 0.841844 0.028269
vt 0.767416 0.162441
vt 0.796822 0.014612
vt 0.750000 0.160726
vt 0.750000 0.010000
vt 0.732583 0.162441
vt 0.703178 0.014612
vt 0.715836 0.167521
vt 0.658156 0.028269
vt 0.700402 0.175771
vt 0.616663 0.050447
vt 0.686874 0.186873
vt 0.580294 0.080294
vt 0.675771 0.200402
vt 0.550447 0.116663
vt 0.667521 0.215836
vt 0.528269 0.158156
vt 0.662441 0.232583
vt 0.514612 0.203178
vt 0.660726 0.250000
vt 0.510000 0.250000
vt 0.514612 0.296822
vt 0.528269 0.341844
vt 0.675771 0.299598
vt 0.550447 0.383337
vt 0.686874 0.313127
vt 0.580294 0.419706
vt 0.700402 0.324229
vt 0.616663 0.449553
vt 0.715836 0.332479
vt 0.658156 0.471731
vt 0.732583 0.337559
vt 0.703178 0.485388
s 1
f 1737/394/699 1738/395/700 1740/396/701 1739/397/702
f 1739/397/702 1740/396/701 1742/398/703 1741/399/704
f 1741/399/704 1742/398/703 1744/400/705 1743/401/706
f 1743/401/706 1744/400/705 1746/402/707 1745/403/708
f 1745/403/708 1746/402/707 1748/404/709 1747/405/710
f 1747/405/710 1748/404/709 1750/406/711 1749/407/712
f 1749/407/712 1750/406/711 1752/408/713 1751/409/714
f 1751/409/714 1752/408/713 1754/410/715 1753/411/716
f 1753/411/716 1754/410/715 1756/412/717 1755/413/718
f 1755/413/718 1756/412/717 1758/414/719 1757/415/720
f 1757/415/720 1758/414/719 1760/416/721 1759/417/722
f 1759/417/722 1760/416/721 1762/418/723 1761/419/724
f 1761/419/724 1762/418/723 1764/420/725 1763/421/726
f 1763/421/726 1764/420/725 1766/422/727 1765/423/728
f 1765/423/728 1766/422/727 1768/424/729 1767/425/730
f 1767/425/730 1768/424/729 1770/426/731 1769/427/732
f 1769/427/732 1770/426/731 1772/428/733 1771/429/734
f 1771/429/734 1772/428/733 1774/430/735 1773/431/736
f 1773/431/736 1774/430/735 1776/432/737 1775/433/738
f 1775/433/738 1776/432/737 1778/434/739 1777/435/740
f 1777/435/740 1778/434/739 1780/436/741 1779/437/742
f 1779/437/742 1780/436/741 1782/438/743 1781/439/744
f 1781/439/744 1782/438/743 1784/440/745 1783/441/746
f 1783/441/746 1784/440/745 1786/442/747 1785/443/748
f 1785/443/748 1786/442/747 1788/444/749 1787/445/750
f 1787/445/750 1788/444/749 1790/446/751 1789/447/752
f 1789/447/752 1790/446/751 1792/448/753 1791/449/754
f 1791/449/754 1792/448/753 1794/450/755 1793/451/756
f 1793/451/756 1794/450/755 1796/452/757 1795/453/758
f 1795/453/758 1796/452/757 1798/454/759 1797/455/760
f 1797/455/760 1798/454/759 1800/456/761 1799/457/762
f 1799/457/762 1800/456/761 1738/458/700 1737/459/699
f 1739/397/702 1741/399/704 1835/399/763 1834/397/764
f 1826/460/765 1827/461/766 1891/461/766 1890/460/765
f 1757/415/720 1759/417/722 1844/417/767 1843/415/766
f 1775/433/738 1777/435/740 1853/435/768 1852/433/769
f 1793/451/756 1795/453/758 1862/453/770 1861/451/771
f 1749/407/712 1751/409/714 1840/409/772 1839/407/773
f 1767/425/730 1769/427/732 1849/427/774 1848/425/775
f 1785/443/748 1787/445/750 1858/445/776 1857/443/777
f 1741/399/704 1743/401/706 1836/401/778 1835/399/763
f 1759/417/722 1761/419/724 1845/419/779 1844/417/767
f 1777/435/740 1779/437/742 1854/437/780 1853/435/768
f 1795/453/758 1797/455/760 1863/455/781 1862/453/770
f 1751/409/714 1753/411/716 1841/411/782 1840/409/772
f 1769/427/732 1771/429/734 1850/429/783 1849/427/774
f 1787/445/750 1789/447/752 1859/447/784 1858/445/776
f 1743/401/706 1745/403/708 1837/403/785 1836/401/778
f 1761/419/724 1763/421/726 1846/421/786 1845/419/779
f 1779/437/742 1781/439/744 1855/439/787 1854/437/780
f 1797/455/760 1799/457/762 1864/457/788 1863/455/781
f 1753/411/716 1755/413/718 1842/413/765 1841/411/782
f 1771/429/734 1773/431/736 1851/431/789 1850/429/783
f 1789/447/752 1791/449/754 1860/449/790 1859/447/784
f 1745/403/708 1747/405/710 1838/405/791 1837/403/785
f 1763/421/726 1765/423/728 1847/423/792 1846/421/786
f 1781/439/744 1783/441/746 1856/441/793 1855/439/787
f 1737/394/699 1739/397/702 1834/397/764 1833/394/794
f 1799/457/762 1737/459/699 1833/459/794 1864/457/788
f 1755/413/718 1757/415/720 1843/415/766 1842/413/765
f 1773/431/736 1775/433/738 1852/433/769 1851/431/789
f 1791/449/754 1793/451/756 1861/451/771 1860/449/790
f 1747/405/710 1749/407/712 1839/407/773 1838/405/791
f 1765/423/728 1767/425/730 1848/425/775 1847/423/792
f 1783/441/746 1785/443/748 1857/443/777 1856/441/793
f 1802/462/795 1801/463/795 1833/464/795 1834/465/795
f 1803/466/795 1802/462/795 1834/465/795 1835/467/795
f 1804/468/795 1803/466/795 1835/467/795 1836/469/795
f 1805/470/795 1804/468/795 1836/469/795 1837/471/795
f 1806/472/795 1805/470/795 1837/471/795 1838/473/795
f 1807/474/795 1806/472/795 1838/473/795 1839/475/795
f 1808/476/795 1807/474/795 1839/475/795 1840/477/795
f 1809/478/795 1808/476/795 1840/477/795 1841/479/795
f 1810/480/795 1809/478/795 1841/479/795 1842/481/795
f 1811/482/795 1810/480/795 1842/481/795 1843/483/795
f 1812/484/795 1811/482/795 1843/483/795 1844/485/795
f 1813/486/795 1812/484/795 1844/485/795 1845/487/795
f 1814/488/795 1813/486/795 1845/487/795 1846/489/795
f 1815/490/795 1814/488/795 1846/489/795 1847/491/795
f 1816/492/795 1815/490/795 1847/491/795 1848/493/795
f 1817/494/795 1816/492/795 1848/493/795 1849/495/795
f 1818/496/795 1817/494/795 1849/495/795 1850/497/795
f 1819/498/795 1818/496/795 1850/497/795 1851/499/795
f 1820/500/795 1819/498/795 1851/499/795 1852/501/795
f 1821/502/795 1820/500/795 1852/501/795 1853/503/795
f 1822/504/795 1821/502/795 1853/503/795 1854/505/795
f 1823/506/795 1822/504/795 1854/505/795 1855/507/795
f 1824/508/795 1823/506/795 1855/507/795 1856/509/795
f 1825/510/795 1824/508/795 1856/509/795 1857/511/795
f 1826/460/795 1825/510/795 1857/511/795 1858/512/795
f 1827/461/795 1826/460/795 1858/512/795 1859/513/795
f 1828/514/795 1827/461/795 1859/513/795 1860/515/795
f 1829/516/795 1828/514/795 1860/515/795 1861/517/795
f 1830/518/795 1829/516/795 1861/517/795 1862/519/795
f 1831/520/795 1830/518/795 1862/519/795 1863/521/795
f 1832/522/795 1831/520/795 1863/521/795 1864/523/795
f 1801/463/795 1832/522/795 1864/523/795 1833/464/795
f 1866/462/796 1867/466/796 1742/398/796 1740/396/796
f 1813/486/771 1814/488/770 1878/488/770 1877/486/771
f 1827/461/766 1828/514/767 1892/514/767 1891/461/766
f 1814/488/770 1815/490/781 1879/490/781 1878/488/770
f 1801/463/774 1802/462/783 1866/462/783 1865/463/774
f 1828/514/767 1829/516/779 1893/516/779 1892/514/767
f 1815/490/781 1816/492/788 1880/492/788 1879/490/781
f 1802/462/783 1803/466/789 1867/466/789 1866/462/783
f 1829/516/779 1830/518/786 1894/518/786 1893/516/779
f 1816/492/788 1817/494/794 1881/494/794 1880/492/788
f 1803/466/789 1804/468/769 1868/468/769 1867/466/789
f 1830/518/786 1831/520/792 1895/520/792 1894/518/786
f 1817/494/794 1818/496/764 1882/496/764 1881/494/794
f 1804/468/769 1805/470/768 1869/470/768 1868/468/769
f 1831/520/792 1832/522/775 1896/522/775 1895/520/792
f 1818/496/764 1819/498/763 1883/498/763 1882/496/764
f 1805/470/768 1806/472/780 1870/472/780 1869/470/768
f 1832/522/775 1801/463/774 1865/463/774 1896/522/775
f 1819/498/763 1820/500/778 1884/500/778 1883/498/763
f 1806/472/780 1807/474/787 1871/474/787 1870/472/780
f 1820/500/778 1821/502/785 1885/502/785 1884/500/778
f 1807/474/787 1808/476/793 1872/476/793 1871/474/787
f 1821/502/785 1822/504/791 1886/504/791 1885/502/785
f 1808/476/793 1809/478/777 1873/478/777 1872/476/793
f 1822/504/791 1823/506/773 1887/506/773 1886/504/791
f 1809/478/777 1810/480/776 1874/480/776 1873/478/777
f 1823/506/773 1824/508/772 1888/508/772 1887/506/773
f 1810/480/776 1811/482/784 1875/482/784 1874/480/776
f 1824/508/772 1825/510/782 1889/510/782 1888/508/772
f 1811/482/784 1812/484/790 1876/484/790 1875/482/784
f 1825/510/782 1826/460/765 1890/460/765 1889/510/782
f 1812/484/790 1813/486/771 1877/486/771 1876/484/790
f 1867/466/796 1868/468/796 1744/400/796 1742/398/796
f 1868/468/796 1869/470/796 1746/402/796 1744/400/796
f 1869/470/796 1870/472/796 1748/404/796 1746/402/796
f 1870/472/796 1871/474/796 1750/406/796 1748/404/796
f 1871/474/796 1872/476/796 1752/408/796 1750/406/796
f 1872/476/796 1873/478/796 1754/410/796 1752/408/796
f 1873/478/796 1874/480/796 1756/412/796 1754/410/796
f 1874/480/796 1875/482/796 1758/414/796 1756/412/796
f 1875/482/796 1876/484/796 1760/416/796 1758/414/796
f 1876/484/796 1877/486/796 1762/418/796 1760/416/796
f 1877/486/796 1878/488/796 1764/420/796 1762/418/796
f 1878/488/796 1879/490/796 1766/422/796 1764/420/796
f 1879/490/796 1880/492/796 1768/424/796 1766/422/796
f 1880/492/796 1881/494/796 1770/426/796 1768/424/796
f 1881/494/796 1882/496/796 1772/428/796 1770/426/796
f 1882/496/796 1883/498/796 1774/430/796 1772/428/796
f 1883/498/796 1884/500/796 1776/432/796 1774/430/796
f 1884/500/796 1885/502/796 1778/434/796 1776/432/796
f 1885/502/796 1886/504/796 1780/436/796 1778/434/796
f 1886/504/796 1887/506/796 1782/438/796 1780/436/796
f 1887/506/796 1888/508/796 1784/440/796 1782/438/796
f 1888/508/796 1889/510/796 1786/442/796 1784/440/796
f 1889/510/796 1890/460/796 1788/444/796 1786/442/796
f 1890/460/796 1891/461/796 1790/446/796 1788/444/796
f 1891/461/796 1892/514/796 1792/448/796 1790/446/796
f 1892/514/796 1893/516/796 1794/450/796 1792/448/796
f 1893/516/796 1894/518/796 1796/452/796 1794/450/796
f 1894/518/796 1895/520/796 1798/454/796 1796/452/796
f 1895/520/796 1896/522/796 1800/456/796 1798/454/796
f 1896/522/796 1865/463/796 1738/458/796 1800/456/796
f 1865/463/796 1866/462/796 1740/396/796 1738/395/796
