# Blender 4.5.3 LTS
# www.blender.org
o Ring
v -0.000000 -0.027200 -0.909079
v -0.177353 -0.027200 -0.891612
v -0.347890 -0.027200 -0.839880
v -0.505057 -0.027200 -0.755872
v -0.642816 -0.027200 -0.642816
v -0.755872 -0.027200 -0.505057
v -0.839880 -0.027200 -0.347890
v -0.891612 -0.027200 -0.177353
v -0.909079 -0.027200 0.000000
v -0.891612 -0.027200 0.177353
v -0.839880 -0.027200 0.347890
v -0.755872 -0.027200 0.505057
v -0.642816 -0.027200 0.642816
v -0.505057 -0.027200 0.755872
v -0.347890 -0.027200 0.839880
v -0.177353 -0.027200 0.891612
v -0.000000 -0.027200 0.909079
v 0.177353 -0.027200 0.891612
v 0.347890 -0.027200 0.839880
v 0.505057 -0.027200 0.755872
v 0.642816 -0.027200 0.642816
v 0.755872 -0.027200 0.505057
v 0.839880 -0.027200 0.347890
v 0.891612 -0.027200 0.177353
v 0.909079 -0.027200 0.000000
v 0.891612 -0.027200 -0.177353
v 0.839880 -0.027200 -0.347890
v 0.755872 -0.027200 -0.505057
v 0.642816 -0.027200 -0.642816
v 0.505057 -0.027200 -0.755872
v 0.347890 -0.027200 -0.839880
v 0.177353 -0.027200 -0.891612
v -0.088961 -0.027200 -0.903238
v -0.263465 -0.027200 -0.868527
v -0.427844 -0.027200 -0.800439
v -0.575781 -0.027200 -0.701591
v -0.701591 -0.027200 -0.575781
v -0.800439 -0.027200 -0.427844
v -0.868527 -0.027200 -0.263465
v -0.903238 -0.027200 -0.088961
v -0.903238 -0.027200 0.088961
v -0.868527 -0.027200 0.263465
v -0.800439 -0.027200 0.427844
v -0.701591 -0.027200 0.575781
v -0.575781 -0.027200 0.701591
v -0.427844 -0.027200 0.800439
v -0.263465 -0.027200 0.868527
v -0.088961 -0.027200 0.903238
v 0.088961 -0.027200 0.903238
v 0.263465 -0.027200 0.868527
v 0.427844 -0.027200 0.800439
v 0.575781 -0.027200 0.701591
v 0.701591 -0.027200 0.575781
v 0.800439 -0.027200 0.427844
v 0.868527 -0.027200 0.263465
v 0.903238 -0.027200 0.088961
v 0.903238 -0.027200 -0.088961
v 0.868527 -0.027200 -0.263465
v 0.800439 -0.027200 -0.427844
v 0.701591 -0.027200 -0.575781
v 0.575781 -0.027200 -0.701591
v 0.427844 -0.027200 -0.800439
v 0.263465 -0.027200 -0.868527
v 0.088961 -0.027200 -0.903238
v 0.000000 -0.022800 -1.112426
v -0.217024 -0.022800 -1.091051
v -0.425707 -0.022800 -1.027748
v -0.618031 -0.022800 -0.924949
v -0.786604 -0.022800 -0.786604
v -0.924949 -0.022800 -0.618031
v -1.027748 -0.022800 -0.425707
v -1.091051 -0.022800 -0.217024
v -1.112426 -0.022800 0.000000
v -1.091051 -0.022800 0.217024
v -1.027748 -0.022800 0.425707
v -0.924949 -0.022800 0.618031
v -0.786604 -0.022800 0.786604
v -0.618031 -0.022800 0.924949
v -0.425707 -0.022800 1.027748
v -0.217024 -0.022800 1.091051
v 0.000000 -0.022800 1.112426
v 0.217024 -0.022800 1.091051
v 0.425707 -0.022800 1.027748
v 0.618031 -0.022800 0.924949
v 0.786604 -0.022800 0.786604
v 0.924949 -0.022800 0.618031
v 1.027748 -0.022800 0.425707
v 1.091051 -0.022800 0.217024
v 1.112426 -0.022800 0.000000
v 1.091051 -0.022800 -0.217024
v 1.027748 -0.022800 -0.425707
v 0.924949 -0.022800 -0.618031
v 0.786604 -0.022800 -0.786604
v 0.618031 -0.022800 -0.924949
v 0.425707 -0.022800 -1.027748
v 0.217024 -0.022800 -1.091051
v -0.108860 -0.022800 -1.105278
v -0.322398 -0.022800 -1.062803
v -0.523546 -0.022800 -0.979485
v -0.704574 -0.022800 -0.858526
v -0.858526 -0.022800 -0.704574
v -0.979485 -0.022800 -0.523546
v -1.062803 -0.022800 -0.322398
v -1.105278 -0.022800 -0.108860
v -1.105278 -0.022800 0.108860
v -1.062803 -0.022800 0.322398
v -0.979485 -0.022800 0.523546
v -0.858526 -0.022800 0.704574
v -0.704574 -0.022800 0.858526
v -0.523546 -0.022800 0.979485
v -0.322398 -0.022800 1.062803
v -0.108860 -0.022800 1.105278
v 0.108860 -0.022800 1.105278
v 0.322398 -0.022800 1.062803
v 0.523546 -0.022800 0.979485
v 0.704574 -0.022800 0.858526
v 0.858526 -0.022800 0.704574
v 0.979485 -0.022800 0.523546
v 1.062803 -0.022800 0.322398
v 1.105278 -0.022800 0.108860
v 1.105278 -0.022800 -0.108860
v 1.062803 -0.022800 -0.322398
v 0.979485 -0.022800 -0.523546
v 0.858526 -0.022800 -0.704574
v 0.704574 -0.022800 -0.858526
v 0.523546 -0.022800 -0.979485
v 0.322398 -0.022800 -1.062803
v 0.108860 -0.022800 -1.105278
v -0.000000 0.027200 -0.909079
v -0.177353 0.027200 -0.891612
v -0.347890 0.027200 -0.839880
v -0.505058 0.027200 -0.755872
v -0.642816 0.027200 -0.642816
v -0.755872 0.027200 -0.505058
v -0.839880 0.027200 -0.347890
v -0.891612 0.027200 -0.177353
v -0.909079 0.027200 0.000000
v -0.891612 0.027200 0.177353
v -0.839880 0.027200 0.347890
v -0.755872 0.027200 0.505058
v -0.642816 0.027200 0.642816
v -0.505058 0.027200 0.755872
v -0.347890 0.027200 0.839880
v -0.177353 0.027200 0.891612
v -0.000000 0.027200 0.909079
v 0.177353 0.027200 0.891612
v 0.347890 0.027200 0.839880
v 0.505058 0.027200 0.755872
v 0.642816 0.027200 0.642816
v 0.755872 0.027200 0.505058
v 0.839880 0.027200 0.347890
v 0.891612 0.027200 0.177353
v 0.909079 0.027200 0.000000
v 0.891612 0.027200 -0.177353
v 0.839880 0.027200 -0.347890
v 0.755872 0.027200 -0.505058
v 0.642816 0.027200 -0.642816
v 0.505058 0.027200 -0.755872
v 0.347890 0.027200 -0.839880
v 0.177353 0.027200 -0.891612
v -0.088961 0.027200 -0.903238
v -0.263465 0.027200 -0.868527
v -0.427844 0.027200 -0.800439
v -0.575781 0.027200 -0.701591
v -0.701591 0.027200 -0.575781
v -0.800439 0.027200 -0.427844
v -0.868527 0.027200 -0.263465
v -0.903238 0.027200 -0.088961
v -0.903238 0.027200 0.088961
v -0.868527 0.027200 0.263465
v -0.800439 0.027200 0.427844
v -0.701591 0.027200 0.575781
v -0.575781 0.027200 0.701591
v -0.427844 0.027200 0.800439
v -0.263465 0.027200 0.868527
v -0.088961 0.027200 0.903238
v 0.088961 0.027200 0.903238
v 0.263465 0.027200 0.868527
v 0.427844 0.027200 0.800439
v 0.575781 0.027200 0.701591
v 0.701591 0.027200 0.575781
v 0.800439 0.027200 0.427844
v 0.868527 0.027200 0.263465
v 0.903238 0.027200 0.088961
v 0.903238 0.027200 -0.088961
v 0.868527 0.027200 -0.263465
v 0.800439 0.027200 -0.427844
v 0.701591 0.027200 -0.575781
v 0.575781 0.027200 -0.701591
v 0.427844 0.027200 -0.800439
v 0.263465 0.027200 -0.868527
v 0.088961 0.027200 -0.903238
v 0.000000 0.022800 -1.112426
v -0.217024 0.022800 -1.091051
v -0.425707 0.022800 -1.027748
v -0.618031 0.022800 -0.924949
v -0.786604 0.022800 -0.786604
v -0.924949 0.022800 -0.618031
v -1.027748 0.022800 -0.425707
v -1.091051 0.022800 -0.217024
v -1.112426 0.022800 0.000000
v -1.091051 0.022800 0.217024
v -1.027748 0.022800 0.425707
v -0.924949 0.022800 0.618031
v -0.786604 0.022800 0.786604
v -0.618031 0.022800 0.924949
v -0.425707 0.022800 1.027748
v -0.217024 0.022800 1.091051
v 0.000000 0.022800 1.112426
v 0.217024 0.022800 1.091051
v 0.425707 0.022800 1.027748
v 0.618031 0.022800 0.924949
v 0.786604 0.022800 0.786604
v 0.924949 0.022800 0.618031
v 1.027748 0.022800 0.425707
v 1.091051 0.022800 0.217024
v 1.112426 0.022800 0.000000
v 1.091051 0.022800 -0.217024
v 1.027748 0.022800 -0.425707
v 0.924949 0.022800 -0.618031
v 0.786604 0.022800 -0.786604
v 0.618031 0.022800 -0.924949
v 0.425707 0.022800 -1.027748
v 0.217024 0.022800 -1.091051
v -0.108860 0.022800 -1.105278
v -0.322398 0.022800 -1.062803
v -0.523546 0.022800 -0.979485
v -0.704574 0.022800 -0.858526
v -0.858526 0.022800 -0.704574
v -0.979485 0.022800 -0.523546
v -1.062803 0.022800 -0.322398
v -1.105278 0.022800 -0.108860
v -1.105278 0.022800 0.108860
v -1.062803 0.022800 0.322398
v -0.979485 0.022800 0.523546
v -0.858526 0.022800 0.704574
v -0.704574 0.022800 0.858526
v -0.523546 0.022800 0.979485
v -0.322398 0.022800 1.062803
v -0.108860 0.022800 1.105278
v 0.108860 0.022800 1.105278
v 0.322398 0.022800 1.062803
v 0.523546 0.022800 0.979485
v 0.704574 0.022800 0.858526
v 0.858526 0.022800 0.704574
v 0.979485 0.022800 0.523546
v 1.062803 0.022800 0.322398
v 1.105278 0.022800 0.108860
v 1.105278 0.022800 -0.108860
v 1.062803 0.022800 -0.322398
v 0.979485 0.022800 -0.523546
v 0.858526 0.022800 -0.704574
v 0.704574 0.022800 -0.858526
v 0.523546 0.022800 -0.979485
v 0.322398 0.022800 -1.062803
v 0.108860 0.022800 -1.105278
v -0.044481 -0.027200 -0.907254
v -0.220622 -0.027200 -0.881144
v -0.388286 -0.027200 -0.821172
v -0.541028 -0.027200 -0.729642
v -0.672978 -0.027200 -0.610073
v -0.779066 -0.027200 -0.467059
v -0.855215 -0.027200 -0.306096
v -0.898499 -0.027200 -0.133371
v -0.907254 -0.027200 0.044481
v -0.881144 -0.027200 0.220622
v -0.821172 -0.027200 0.388286
v -0.729642 -0.027200 0.541028
v -0.610073 -0.027200 0.672978
v -0.467059 -0.027200 0.779066
v -0.306096 -0.027200 0.855215
v -0.133371 -0.027200 0.898499
v 0.044481 -0.027200 0.907254
v 0.220622 -0.027200 0.881144
v 0.388286 -0.027200 0.821172
v 0.541028 -0.027200 0.729642
v 0.672978 -0.027200 0.610073
v 0.779066 -0.027200 0.467059
v 0.855215 -0.027200 0.306096
v 0.898499 -0.027200 0.133371
v 0.907254 -0.027200 -0.044481
v 0.881144 -0.027200 -0.220622
v 0.821172 -0.027200 -0.388286
v 0.729642 -0.027200 -0.541028
v 0.610073 -0.027200 -0.672978
v 0.467059 -0.027200 -0.779066
v 0.306096 -0.027200 -0.855215
v 0.133371 -0.027200 -0.898499
v -0.133371 -0.027200 -0.898499
v -0.306096 -0.027200 -0.855215
v -0.467059 -0.027200 -0.779066
v -0.610073 -0.027200 -0.672978
v -0.729642 -0.027200 -0.541028
v -0.821172 -0.027200 -0.388286
v -0.881144 -0.027200 -0.220622
v -0.907254 -0.027200 -0.044481
v -0.898499 -0.027200 0.133371
v -0.855215 -0.027200 0.306096
v -0.779066 -0.027200 0.467059
v -0.672978 -0.027200 0.610073
v -0.541028 -0.027200 0.729642
v -0.388286 -0.027200 0.821172
v -0.220622 -0.027200 0.881144
v -0.044481 -0.027200 0.907254
v 0.133371 -0.027200 0.898499
v 0.306096 -0.027200 0.855215
v 0.467059 -0.027200 0.779066
v 0.610073 -0.027200 0.672978
v 0.729642 -0.027200 0.541028
v 0.821172 -0.027200 0.388286
v 0.881144 -0.027200 0.220622
v 0.907254 -0.027200 0.044481
v 0.898499 -0.027200 -0.133371
v 0.855215 -0.027200 -0.306096
v 0.779066 -0.027200 -0.467059
v 0.672978 -0.027200 -0.610073
v 0.541028 -0.027200 -0.729642
v 0.388286 -0.027200 -0.821172
v 0.220622 -0.027200 -0.881144
v 0.044481 -0.027200 -0.907254
v -0.054430 -0.022800 -1.110193
v -0.269972 -0.022800 -1.078242
v -0.475139 -0.022800 -1.004855
v -0.662047 -0.022800 -0.892852
v -0.823513 -0.022800 -0.746537
v -0.953331 -0.022800 -0.571533
v -1.046514 -0.022800 -0.374565
v -1.099479 -0.022800 -0.163203
v -1.110193 -0.022800 0.054430
v -1.078242 -0.022800 0.269972
v -1.004855 -0.022800 0.475139
v -0.892852 -0.022800 0.662047
v -0.746537 -0.022800 0.823513
v -0.571533 -0.022800 0.953331
v -0.374565 -0.022800 1.046514
v -0.163203 -0.022800 1.099479
v 0.054430 -0.022800 1.110193
v 0.269972 -0.022800 1.078242
v 0.475139 -0.022800 1.004855
v 0.662047 -0.022800 0.892852
v 0.823513 -0.022800 0.746537
v 0.953331 -0.022800 0.571533
v 1.046514 -0.022800 0.374565
v 1.099479 -0.022800 0.163204
v 1.110193 -0.022800 -0.054430
v 1.078242 -0.022800 -0.269972
v 1.004855 -0.022800 -0.475139
v 0.892852 -0.022800 -0.662047
v 0.746537 -0.022800 -0.823513
v 0.571533 -0.022800 -0.953331
v 0.374565 -0.022800 -1.046514
v 0.163204 -0.022800 -1.099479
v -0.163203 -0.022800 -1.099479
v -0.374565 -0.022800 -1.046514
v -0.571533 -0.022800 -0.953331
v -0.746537 -0.022800 -0.823513
v -0.892852 -0.022800 -0.662047
v -1.004855 -0.022800 -0.475139
v -1.078242 -0.022800 -0.269972
v -1.110192 -0.022800 -0.054430
v -1.099479 -0.022800 0.163204
v -1.046514 -0.022800 0.374565
v -0.953331 -0.022800 0.571533
v -0.823513 -0.022800 0.746537
v -0.662047 -0.022800 0.892852
v -0.475139 -0.022800 1.004855
v -0.269972 -0.022800 1.078242
v -0.054430 -0.022800 1.110192
v 0.163204 -0.022800 1.099479
v 0.374565 -0.022800 1.046514
v 0.571533 -0.022800 0.953331
v 0.746537 -0.022800 0.823513
v 0.892852 -0.022800 0.662047
v 1.004855 -0.022800 0.475139
v 1.078242 -0.022800 0.269972
v 1.110192 -0.022800 0.054430
v 1.099479 -0.022800 -0.163203
v 1.046514 -0.022800 -0.374565
v 0.953331 -0.022800 -0.571533
v 0.823513 -0.022800 -0.746537
v 0.662047 -0.022800 -0.892852
v 0.475139 -0.022800 -1.004855
v 0.269972 -0.022800 -1.078242
v 0.054430 -0.022800 -1.110192
v -0.097545 -0.033000 -0.990393
v -0.194466 -0.033000 -0.977644
v -0.288887 -0.033000 -0.952333
v -0.381458 -0.033000 -0.920921
v -0.469127 -0.033000 -0.877675
v -0.553791 -0.033000 -0.828807
v -0.631339 -0.033000 -0.769288
v -0.704842 -0.033000 -0.704842
v -0.769288 -0.033000 -0.631339
v -0.828807 -0.033000 -0.553791
v -0.877675 -0.033000 -0.469127
v -0.920921 -0.033000 -0.381458
v -0.952332 -0.033000 -0.288887
v -0.977645 -0.033000 -0.194466
v -0.990393 -0.033000 -0.097545
v -0.996798 -0.033000 0.000000
v -0.990393 -0.033000 0.097545
v -0.977644 -0.033000 0.194466
v -0.952333 -0.033000 0.288887
v -0.920921 -0.033000 0.381458
v -0.877675 -0.033000 0.469127
v -0.828807 -0.033000 0.553791
v -0.769288 -0.033000 0.631339
v -0.704842 -0.033000 0.704842
v -0.631339 -0.033000 0.769288
v -0.553791 -0.033000 0.828807
v -0.469127 -0.033000 0.877675
v -0.381458 -0.033000 0.920921
v -0.288887 -0.033000 0.952332
v -0.194466 -0.033000 0.977645
v -0.097545 -0.033000 0.990393
v 0.000000 -0.033000 0.996798
v 0.097545 -0.033000 0.990393
v 0.194466 -0.033000 0.977644
v 0.288887 -0.033000 0.952333
v 0.381458 -0.033000 0.920921
v 0.469127 -0.033000 0.877675
v 0.553791 -0.033000 0.828807
v 0.631339 -0.033000 0.769288
v 0.704842 -0.033000 0.704842
v 0.769288 -0.033000 0.631339
v 0.828807 -0.033000 0.553791
v 0.877675 -0.033000 0.469127
v 0.920921 -0.033000 0.381458
v 0.952332 -0.033000 0.288887
v 0.977645 -0.033000 0.194466
v 0.990393 -0.033000 0.097545
v 0.996798 -0.033000 0.000000
v 0.990393 -0.033000 -0.097545
v 0.977644 -0.033000 -0.194466
v 0.952333 -0.033000 -0.288887
v 0.920921 -0.033000 -0.381458
v 0.877675 -0.033000 -0.469127
v 0.828807 -0.033000 -0.553791
v 0.769288 -0.033000 -0.631339
v 0.704842 -0.033000 -0.704842
v 0.631339 -0.033000 -0.769288
v 0.553791 -0.033000 -0.828807
v 0.469127 -0.033000 -0.877675
v 0.381458 -0.033000 -0.920921
v 0.288887 -0.033000 -0.952332
v 0.194466 -0.033000 -0.977645
v 0.097545 -0.033000 -0.990393
v 0.000000 -0.033000 -0.996798
v -0.044481 0.027200 -0.907254
v -0.220622 0.027200 -0.881144
v -0.388286 0.027200 -0.821172
v -0.541028 0.027200 -0.729642
v -0.672978 0.027200 -0.610073
v -0.779066 0.027200 -0.467059
v -0.855215 0.027200 -0.306096
v -0.898499 0.027200 -0.133371
v -0.907254 0.027200 0.044481
v -0.881144 0.027200 0.220622
v -0.821172 0.027200 0.388286
v -0.729642 0.027200 0.541028
v -0.610073 0.027200 0.672978
v -0.467059 0.027200 0.779066
v -0.306096 0.027200 0.855215
v -0.133371 0.027200 0.898499
v 0.044481 0.027200 0.907254
v 0.220622 0.027200 0.881144
v 0.388286 0.027200 0.821172
v 0.541028 0.027200 0.729642
v 0.672978 0.027200 0.610073
v 0.779066 0.027200 0.467059
v 0.855215 0.027200 0.306096
v 0.898499 0.027200 0.133371
v 0.907254 0.027200 -0.044481
v 0.881144 0.027200 -0.220622
v 0.821172 0.027200 -0.388286
v 0.729642 0.027200 -0.541028
v 0.610073 0.027200 -0.672978
v 0.467059 0.027200 -0.779066
v 0.306096 0.027200 -0.855215
v 0.133371 0.027200 -0.898499
v -0.133371 0.027200 -0.898499
v -0.306096 0.027200 -0.855215
v -0.467059 0.027200 -0.779066
v -0.610073 0.027200 -0.672978
v -0.729642 0.027200 -0.541028
v -0.821172 0.027200 -0.388286
v -0.881144 0.027200 -0.220622
v -0.907254 0.027200 -0.044481
v -0.898499 0.027200 0.133371
v -0.855215 0.027200 0.306096
v -0.779066 0.027200 0.467059
v -0.672978 0.027200 0.610073
v -0.541028 0.027200 0.729642
v -0.388286 0.027200 0.821172
v -0.220622 0.027200 0.881144
v -0.044481 0.027200 0.907254
v 0.133371 0.027200 0.898499
v 0.306096 0.027200 0.855215
v 0.467059 0.027200 0.779066
v 0.610073 0.027200 0.672978
v 0.729642 0.027200 0.541028
v 0.821172 0.027200 0.388286
v 0.881144 0.027200 0.220622
v 0.907254 0.027200 0.044481
v 0.898499 0.027200 -0.133371
v 0.855215 0.027200 -0.306096
v 0.779066 0.027200 -0.467059
v 0.672978 0.027200 -0.610073
v 0.541028 0.027200 -0.729642
v 0.388286 0.027200 -0.821172
v 0.220622 0.027200 -0.881144
v 0.044481 0.027200 -0.907254
v -0.054430 0.022800 -1.110193
v -0.269972 0.022800 -1.078242
v -0.475139 0.022800 -1.004855
v -0.662047 0.022800 -0.892852
v -0.823513 0.022800 -0.746537
v -0.953331 0.022800 -0.571533
v -1.046514 0.022800 -0.374565
v -1.099479 0.022800 -0.163203
v -1.110193 0.022800 0.054430
v -1.078242 0.022800 0.269972
v -1.004855 0.022800 0.475139
v -0.892852 0.022800 0.662047
v -0.746537 0.022800 0.823513
v -0.571533 0.022800 0.953331
v -0.374565 0.022800 1.046514
v -0.163203 0.022800 1.099479
v 0.054430 0.022800 1.110193
v 0.269972 0.022800 1.078242
v 0.475139 0.022800 1.004855
v 0.662047 0.022800 0.892852
v 0.823513 0.022800 0.746537
v 0.953331 0.022800 0.571533
v 1.046514 0.022800 0.374565
v 1.099479 0.022800 0.163204
v 1.110193 0.022800 -0.054430
v 1.078242 0.022800 -0.269972
v 1.004855 0.022800 -0.475139
v 0.892852 0.022800 -0.662047
v 0.746537 0.022800 -0.823513
v 0.571533 0.022800 -0.953331
v 0.374565 0.022800 -1.046514
v 0.163204 0.022800 -1.099479
v -0.163203 0.022800 -1.099479
v -0.374565 0.022800 -1.046514
v -0.571533 0.022800 -0.953331
v -0.746537 0.022800 -0.823513
v -0.892852 0.022800 -0.662047
v -1.004855 0.022800 -0.475139
v -1.078242 0.022800 -0.269972
v -1.110192 0.022800 -0.054430
v -1.099479 0.022800 0.163204
v -1.046514 0.022800 0.374565
v -0.953331 0.022800 0.571533
v -0.823513 0.022800 0.746537
v -0.662047 0.022800 0.892852
v -0.475139 0.022800 1.004855
v -0.269972 0.022800 1.078242
v -0.054430 0.022800 1.110192
v 0.163204 0.022800 1.099479
v 0.374565 0.022800 1.046514
v 0.571533 0.022800 0.953331
v 0.746537 0.022800 0.823513
v 0.892852 0.022800 0.662047
v 1.004855 0.022800 0.475139
v 1.078242 0.022800 0.269972
v 1.110192 0.022800 0.054430
v 1.099479 0.022800 -0.163203
v 1.046514 0.022800 -0.374565
v 0.953331 0.022800 -0.571533
v 0.823513 0.022800 -0.746537
v 0.662047 0.022800 -0.892852
v 0.475139 0.022800 -1.004855
v 0.269972 0.022800 -1.078242
v 0.054430 0.022800 -1.110192
v -0.097545 0.033000 -0.990393
v -0.194466 0.033000 -0.977645
v -0.288887 0.033000 -0.952332
v -0.381458 0.033000 -0.920921
v -0.469127 0.033000 -0.877675
v -0.553791 0.033000 -0.828807
v -0.631339 0.033000 -0.769288
v -0.704842 0.033000 -0.704842
v -0.769288 0.033000 -0.631339
v -0.828807 0.033000 -0.553791
v -0.877675 0.033000 -0.469127
v -0.920921 0.033000 -0.381458
v -0.952332 0.033000 -0.288887
v -0.977645 0.033000 -0.194466
v -0.990393 0.033000 -0.097545
v -0.996798 0.033000 0.000000
v -0.990393 0.033000 0.097545
v -0.977645 0.033000 0.194466
v -0.952332 0.033000 0.288887
v -0.920921 0.033000 0.381458
v -0.877675 0.033000 0.469127
v -0.828807 0.033000 0.553791
v -0.769288 0.033000 0.631339
v -0.704842 0.033000 0.704842
v -0.631339 0.033000 0.769288
v -0.553791 0.033000 0.828807
v -0.469127 0.033000 0.877675
v -0.381458 0.033000 0.920921
v -0.288887 0.033000 0.952332
v -0.194466 0.033000 0.977645
v -0.097545 0.033000 0.990393
v 0.000000 0.033000 0.996798
v 0.097545 0.033000 0.990393
v 0.194466 0.033000 0.977645
v 0.288887 0.033000 0.952332
v 0.381458 0.033000 0.920921
v 0.469127 0.033000 0.877675
v 0.553791 0.033000 0.828807
v 0.631339 0.033000 0.769288
v 0.704842 0.033000 0.704842
v 0.769288 0.033000 0.631339
v 0.828807 0.033000 0.553791
v 0.877675 0.033000 0.469127
v 0.920921 0.033000 0.381458
v 0.952332 0.033000 0.288887
v 0.977645 0.033000 0.194466
v 0.990393 0.033000 0.097545
v 0.996798 0.033000 0.000000
v 0.990393 0.033000 -0.097545
v 0.977645 0.033000 -0.194466
v 0.952332 0.033000 -0.288887
v 0.920921 0.033000 -0.381458
v 0.877675 0.033000 -0.469127
v 0.828807 0.033000 -0.553791
v 0.769288 0.033000 -0.631339
v 0.704842 0.033000 -0.704842
v 0.631339 0.033000 -0.769288
v 0.553791 0.033000 -0.828807
v 0.469127 0.033000 -0.877675
v 0.381458 0.033000 -0.920921
v 0.288887 0.033000 -0.952332
v 0.194466 0.033000 -0.977645
v 0.097545 0.033000 -0.990393
v 0.000000 0.033000 -0.996798
v 0.705651 0.000000 0.377178
v 0.740420 0.000000 0.306692
v -0.306692 0.000000 -0.740420
v -0.377178 0.000000 -0.705651
v -1.102342 0.000000 0.456605
v -1.139942 0.000000 0.345798
v 0.765675 0.000000 0.232265
v 0.786026 0.000000 0.156350
v -0.445248 0.000000 -0.666361
v -0.507596 0.000000 -0.618508
v -0.992082 0.000000 0.662888
v -1.050577 0.000000 0.561545
v 0.796276 0.000000 0.078426
v 0.801426 0.000000 -0.000000
v -0.566693 0.000000 -0.566693
v -0.618508 0.000000 -0.507596
v -0.843696 0.000000 0.843696
v -0.920838 0.000000 0.755712
v 0.796276 0.000000 -0.078426
v 0.786026 0.000000 -0.156350
v -0.666361 0.000000 -0.445248
v -0.705651 0.000000 -0.377178
v -0.662888 0.000000 0.992082
v -0.755712 0.000000 0.920838
v 0.765675 0.000000 -0.232265
v 0.740420 0.000000 -0.306692
v -0.740420 0.000000 -0.306692
v -0.765675 0.000000 -0.232265
v -0.456605 0.000000 1.102342
v -0.561545 0.000000 1.050577
v 0.705651 0.000000 -0.377178
v 0.666361 0.000000 -0.445248
v -0.786026 0.000000 -0.156350
v -0.796276 0.000000 -0.078426
v -0.232775 0.000000 1.170240
v -0.345798 0.000000 1.139942
v 0.618508 0.000000 -0.507596
v 0.566693 0.000000 -0.566693
v -0.801426 0.000000 -0.000000
v -0.796276 0.000000 0.078426
v 0.000000 0.000000 1.193167
v -0.116762 0.000000 1.185500
v 0.507596 0.000000 -0.618508
v 0.445248 0.000000 -0.666361
v -0.786026 0.000000 0.156350
v -0.765675 0.000000 0.232265
v 0.232775 0.000000 1.170240
v 0.116762 0.000000 1.185500
v 0.377178 0.000000 -0.705651
v 0.306692 0.000000 -0.740420
v -0.740420 0.000000 0.306692
v -0.705651 0.000000 0.377178
v 0.456605 0.000000 1.102342
v 0.345798 0.000000 1.139942
v 0.232265 0.000000 -0.765675
v 0.156350 0.000000 -0.786026
v -0.666361 0.000000 0.445248
v -0.618508 0.000000 0.507596
v 0.662888 0.000000 0.992082
v 0.561545 0.000000 1.050577
v 0.078426 0.000000 -0.796276
v -0.000000 0.000000 -0.801426
v -0.566693 0.000000 0.566693
v -0.507596 0.000000 0.618508
v 0.843696 0.000000 0.843696
v 0.755712 0.000000 0.920838
v -0.116762 0.000000 -1.185500
v 0.000000 0.000000 -1.193167
v -0.445248 0.000000 0.666361
v -0.377178 0.000000 0.705651
v 0.992082 0.000000 0.662888
v 0.920838 0.000000 0.755712
v -0.345798 0.000000 -1.139942
v -0.232775 0.000000 -1.170240
v -0.306692 0.000000 0.740420
v -0.232265 0.000000 0.765675
v 1.102342 0.000000 0.456605
v 1.050577 0.000000 0.561545
v -0.561545 0.000000 -1.050577
v -0.456605 0.000000 -1.102342
v -0.156350 0.000000 0.786026
v -0.078426 0.000000 0.796276
v 1.170240 0.000000 0.232775
v 1.139942 0.000000 0.345798
v -0.755712 0.000000 -0.920838
v -0.662888 0.000000 -0.992082
v -0.000000 0.000000 0.801426
v 0.078426 0.000000 0.796276
v 1.193167 0.000000 0.000000
v 1.185500 0.000000 0.116762
v -0.920838 0.000000 -0.755712
v -0.843696 0.000000 -0.843696
v 0.156350 0.000000 0.786026
v 0.232265 0.000000 0.765675
v 1.170240 0.000000 -0.232775
v 1.185500 0.000000 -0.116762
v -1.050577 0.000000 -0.561545
v -0.992082 0.000000 -0.662888
v 0.306692 0.000000 0.740420
v 0.377178 0.000000 0.705651
v 1.102342 0.000000 -0.456605
v 1.139942 0.000000 -0.345798
v -1.139942 0.000000 -0.345798
v -1.102342 0.000000 -0.456605
v 0.445248 0.000000 0.666361
v 0.507596 0.000000 0.618508
v 0.992082 0.000000 -0.662888
v 1.050577 0.000000 -0.561545
v -1.185500 0.000000 -0.116762
v -1.170240 0.000000 -0.232775
v 0.566693 0.000000 0.566693
v 0.618508 0.000000 0.507596
v 0.843696 0.000000 -0.843696
v 0.920838 0.000000 -0.755712
v -1.185500 0.000000 0.116762
v -1.193167 0.000000 0.000000
v 0.666361 0.000000 0.445248
v 0.662888 0.000000 -0.992082
v 0.755712 0.000000 -0.920838
v -1.170240 0.000000 0.232775
v 0.456605 0.000000 -1.102342
v 0.561545 0.000000 -1.050577
v 0.232775 0.000000 -1.170240
v 0.345798 0.000000 -1.139942
v 0.116762 0.000000 -1.185500
v -0.078426 0.000000 -0.796276
v -0.156350 0.000000 -0.786026
v -0.232265 0.000000 -0.765675
v -0.146240 -0.033000 -0.985196
v -0.241911 -0.033000 -0.966166
v -0.335632 -0.033000 -0.937736
v -0.425752 -0.033000 -0.900407
v -0.512126 -0.033000 -0.854239
v -0.593232 -0.033000 -0.800046
v -0.668940 -0.033000 -0.737915
v -0.737914 -0.033000 -0.668940
v -0.800046 -0.033000 -0.593232
v -0.854239 -0.033000 -0.512126
v -0.900407 -0.033000 -0.425752
v -0.937736 -0.033000 -0.335632
v -0.966166 -0.033000 -0.241911
v -0.985196 -0.033000 -0.146240
v -0.994796 -0.033000 -0.048773
v -0.994796 -0.033000 0.048773
v -0.985196 -0.033000 0.146240
v -0.966166 -0.033000 0.241911
v -0.937736 -0.033000 0.335632
v -0.900407 -0.033000 0.425752
v -0.854239 -0.033000 0.512126
v -0.800046 -0.033000 0.593232
v -0.737915 -0.033000 0.668940
v -0.668940 -0.033000 0.737914
v -0.593232 -0.033000 0.800046
v -0.512126 -0.033000 0.854239
v -0.425752 -0.033000 0.900407
v -0.335632 -0.033000 0.937736
v -0.241911 -0.033000 0.966166
v -0.146240 -0.033000 0.985196
v -0.048773 -0.033000 0.994796
v 0.048773 -0.033000 0.994796
v 0.146240 -0.033000 0.985196
v 0.241911 -0.033000 0.966166
v 0.335632 -0.033000 0.937736
v 0.425752 -0.033000 0.900407
v 0.512126 -0.033000 0.854239
v 0.593232 -0.033000 0.800046
v 0.668940 -0.033000 0.737915
v 0.737914 -0.033000 0.668940
v 0.800046 -0.033000 0.593232
v 0.854239 -0.033000 0.512126
v 0.900407 -0.033000 0.425752
v 0.937736 -0.033000 0.335632
v 0.966166 -0.033000 0.241911
v 0.985196 -0.033000 0.146240
v 0.994796 -0.033000 0.048773
v 0.994796 -0.033000 -0.048773
v 0.985196 -0.033000 -0.146240
v 0.966166 -0.033000 -0.241911
v 0.937736 -0.033000 -0.335632
v 0.900407 -0.033000 -0.425752
v 0.854239 -0.033000 -0.512126
v 0.800046 -0.033000 -0.593232
v 0.737915 -0.033000 -0.668940
v 0.668940 -0.033000 -0.737914
v 0.593232 -0.033000 -0.800046
v 0.512126 -0.033000 -0.854239
v 0.425752 -0.033000 -0.900407
v 0.335632 -0.033000 -0.937736
v 0.241911 -0.033000 -0.966166
v 0.146240 -0.033000 -0.985196
v 0.048773 -0.033000 -0.994796
v -0.048773 -0.033000 -0.994796
v -0.146240 0.033000 -0.985196
v -0.241911 0.033000 -0.966166
v -0.335632 0.033000 -0.937736
v -0.425752 0.033000 -0.900407
v -0.512126 0.033000 -0.854239
v -0.593232 0.033000 -0.800046
v -0.668940 0.033000 -0.737915
v -0.737915 0.033000 -0.668940
v -0.800046 0.033000 -0.593232
v -0.854239 0.033000 -0.512126
v -0.900407 0.033000 -0.425752
v -0.937736 0.033000 -0.335632
v -0.966166 0.033000 -0.241911
v -0.985196 0.033000 -0.146240
v -0.994796 0.033000 -0.048773
v -0.994796 0.033000 0.048773
v -0.985196 0.033000 0.146240
v -0.966166 0.033000 0.241911
v -0.937736 0.033000 0.335632
v -0.900407 0.033000 0.425752
v -0.854239 0.033000 0.512126
v -0.800046 0.033000 0.593232
v -0.737915 0.033000 0.668940
v -0.668940 0.033000 0.737915
v -0.593232 0.033000 0.800046
v -0.512126 0.033000 0.854239
v -0.425752 0.033000 0.900407
v -0.335632 0.033000 0.937736
v -0.241911 0.033000 0.966166
v -0.146240 0.033000 0.985196
v -0.048773 0.033000 0.994796
v 0.048773 0.033000 0.994796
v 0.146240 0.033000 0.985196
v 0.241911 0.033000 0.966166
v 0.335632 0.033000 0.937736
v 0.425752 0.033000 0.900407
v 0.512126 0.033000 0.854239
v 0.593232 0.033000 0.800046
v 0.668940 0.033000 0.737915
v 0.737915 0.033000 0.668940
v 0.800046 0.033000 0.593232
v 0.854239 0.033000 0.512126
v 0.900407 0.033000 0.425752
v 0.937736 0.033000 0.335632
v 0.966166 0.033000 0.241911
v 0.985196 0.033000 0.146240
v 0.994796 0.033000 0.048773
v 0.994796 0.033000 -0.048773
v 0.985196 0.033000 -0.146240
v 0.966166 0.033000 -0.241911
v 0.937736 0.033000 -0.335632
v 0.900407 0.033000 -0.425752
v 0.854239 0.033000 -0.512126
v 0.800046 0.033000 -0.593232
v 0.737915 0.033000 -0.668940
v 0.668940 0.033000 -0.737915
v 0.593232 0.033000 -0.800046
v 0.512126 0.033000 -0.854239
v 0.425752 0.033000 -0.900407
v 0.335632 0.033000 -0.937736
v 0.241911 0.033000 -0.966166
v 0.146240 0.033000 -0.985196
v 0.048773 0.033000 -0.994796
v -0.048773 0.033000 -0.994796
v 0.723927 0.000000 0.342305
v -0.342305 0.000000 -0.723927
v -1.122470 0.000000 0.401752
v 0.776798 0.000000 0.194496
v -0.476959 0.000000 -0.643237
v -1.022525 0.000000 0.613015
v 0.799816 0.000000 0.039213
v -0.593283 0.000000 -0.537827
v -0.883284 0.000000 0.800721
v 0.792098 0.000000 -0.117577
v -0.686808 0.000000 -0.411750
v -0.710099 0.000000 0.957655
v 0.753940 0.000000 -0.269848
v -0.753940 0.000000 -0.269848
v -0.509625 0.000000 1.077788
v 0.686808 0.000000 -0.411750
v -0.792098 0.000000 -0.117577
v -0.289567 0.000000 1.156501
v 0.593283 0.000000 -0.537827
v -0.799816 0.000000 0.039213
v -0.058381 0.000000 1.190771
v 0.476959 0.000000 -0.643237
v -0.776798 0.000000 0.194496
v 0.175049 0.000000 1.179280
v 0.342305 0.000000 -0.723927
v -0.723927 0.000000 0.342305
v 0.401752 0.000000 1.122470
v 0.194496 0.000000 -0.776798
v -0.643237 0.000000 0.476959
v 0.613015 0.000000 1.022525
v 0.039213 0.000000 -0.799816
v -0.537827 0.000000 0.593283
v 0.800721 0.000000 0.883284
v -0.058381 0.000000 -1.190771
v -0.411750 0.000000 0.686808
v 0.957655 0.000000 0.710099
v -0.289567 0.000000 -1.156501
v -0.269848 0.000000 0.753940
v 1.077788 0.000000 0.509625
v -0.509625 0.000000 -1.077788
v -0.117577 0.000000 0.792098
v 1.156501 0.000000 0.289567
v -0.710099 0.000000 -0.957655
v 0.039213 0.000000 0.799816
v 1.190771 0.000000 0.058381
v -0.883284 0.000000 -0.800721
v 0.194496 0.000000 0.776798
v 1.179280 0.000000 -0.175049
v -1.022525 0.000000 -0.613015
v 0.342305 0.000000 0.723927
v 1.122470 0.000000 -0.401752
v -1.122470 0.000000 -0.401752
v 0.476959 0.000000 0.643237
v 1.022525 0.000000 -0.613015
v -1.179280 0.000000 -0.175049
v 0.593283 0.000000 0.537827
v 0.883284 0.000000 -0.800721
v -1.190771 0.000000 0.058381
v 0.686808 0.000000 0.411750
v 0.710099 0.000000 -0.957655
v -1.156501 0.000000 0.289567
v 0.753940 0.000000 0.269848
v 0.509625 0.000000 -1.077788
v -1.077788 0.000000 0.509625
v 0.792098 0.000000 0.117577
v 0.289567 0.000000 -1.156501
v -0.957655 0.000000 0.710099
v 0.799816 0.000000 -0.039213
v 0.058381 0.000000 -1.190771
v -0.800721 0.000000 0.883284
v 0.776798 0.000000 -0.194496
v -0.613015 0.000000 1.022525
v 0.723927 0.000000 -0.342305
v -0.401752 0.000000 1.122470
v 0.643237 0.000000 -0.476959
v -0.175049 0.000000 1.179280
v 0.537827 0.000000 -0.593283
v 0.058381 0.000000 1.190771
v 0.411750 0.000000 -0.686808
v 0.289567 0.000000 1.156501
v 0.269848 0.000000 -0.753940
v 0.509625 0.000000 1.077788
v 0.117577 0.000000 -0.792098
v 0.710099 0.000000 0.957655
v -0.117577 0.000000 -0.792098
v 0.883284 0.000000 0.800721
v -0.269848 0.000000 -0.753940
v 1.022525 0.000000 0.613015
v -0.411750 0.000000 -0.686808
v 1.122470 0.000000 0.401752
v -0.537827 0.000000 -0.593283
v 1.179280 0.000000 0.175049
v -0.643237 0.000000 -0.476959
v 1.190771 0.000000 -0.058381
v -0.723927 0.000000 -0.342305
v 1.156501 0.000000 -0.289567
v -0.776798 0.000000 -0.194496
v 1.077788 0.000000 -0.509625
v -0.799816 0.000000 -0.039213
v 0.957655 0.000000 -0.710099
v -0.792098 0.000000 0.117577
v 0.800721 0.000000 -0.883284
v -0.753940 0.000000 0.269848
v 0.613015 0.000000 -1.022525
v -0.686808 0.000000 0.411750
v 0.401752 0.000000 -1.122470
v -0.593283 0.000000 0.537827
v 0.175049 0.000000 -1.179280
v -0.476959 0.000000 0.643237
v -0.175049 0.000000 -1.179280
v -0.342305 0.000000 0.723927
v -0.401752 0.000000 -1.122470
v -0.194496 0.000000 0.776798
v -0.613015 0.000000 -1.022525
v -0.039213 0.000000 0.799816
v -0.800721 0.000000 -0.883284
v 0.117577 0.000000 0.792098
v -0.957655 0.000000 -0.710099
v 0.269848 0.000000 0.753940
v -1.077788 0.000000 -0.509625
v 0.411750 0.000000 0.686808
v -1.156501 0.000000 -0.289567
v 0.537827 0.000000 0.593283
v -0.039213 0.000000 -0.799816
v -1.190771 0.000000 -0.058381
v 0.643237 0.000000 0.476959
v -0.194496 0.000000 -0.776798
v -1.179280 0.000000 0.175049
vn -0.0178 -0.9834 -0.1805
vn -0.0011 -0.9999 -0.0113
vn -0.0016 -0.9999 -0.0121
vn -0.0237 -0.9833 -0.1806
vn 0.0153 -0.9878 0.1551
vn 0.0202 -0.9879 0.1535
vn 0.0300 -0.9881 0.1508
vn -0.0025 -0.9999 -0.0127
vn -0.0357 -0.9831 -0.1794
vn -0.0032 -0.9999 -0.0118
vn -0.0472 -0.9833 -0.1760
vn 0.0401 -0.9879 0.1496
vn 0.0453 -0.9878 0.1492
vn -0.0033 -0.9999 -0.0109
vn -0.0526 -0.9834 -0.1735
vn -0.0039 -0.9999 -0.0116
vn -0.0585 -0.9833 -0.1725
vn 0.0498 -0.9879 0.1467
vn 0.0589 -0.9881 0.1421
vn -0.0050 -0.9999 -0.0120
vn -0.0700 -0.9831 -0.1690
vn -0.0054 -0.9999 -0.0109
vn -0.0806 -0.9833 -0.1634
vn 0.0685 -0.9879 0.1389
vn 0.0735 -0.9878 0.1375
vn -0.0054 -0.9999 -0.0101
vn -0.0855 -0.9834 -0.1599
vn -0.0061 -0.9999 -0.0106
vn -0.0911 -0.9833 -0.1578
vn 0.0774 -0.9879 0.1341
vn 0.0854 -0.9881 0.1279
vn -0.0072 -0.9999 -0.0108
vn -0.1016 -0.9831 -0.1521
vn -0.0074 -0.9999 -0.0097
vn -0.1109 -0.9833 -0.1445
vn 0.0943 -0.9879 0.1229
vn 0.0989 -0.9878 0.1205
vn -0.0072 -0.9999 -0.0088
vn -0.1150 -0.9834 -0.1402
vn -0.0080 -0.9999 -0.0092
vn -0.1201 -0.9833 -0.1370
vn 0.1021 -0.9879 0.1164
vn 0.1088 -0.9881 0.1088
vn -0.0092 -0.9999 -0.0092
vn -0.1294 -0.9831 -0.1294
vn -0.0092 -0.9999 -0.0080
vn -0.1370 -0.9833 -0.1201
vn 0.1164 -0.9879 0.1021
vn 0.1205 -0.9878 0.0989
vn -0.0088 -0.9999 -0.0072
vn -0.1402 -0.9834 -0.1150
vn -0.0097 -0.9999 -0.0074
vn -0.1445 -0.9833 -0.1109
vn 0.1229 -0.9879 0.0943
vn 0.1279 -0.9881 0.0854
vn -0.0108 -0.9999 -0.0072
vn -0.1521 -0.9831 -0.1016
vn -0.0106 -0.9999 -0.0061
vn -0.1578 -0.9833 -0.0911
vn 0.1341 -0.9879 0.0774
vn 0.1375 -0.9878 0.0735
vn -0.0101 -0.9999 -0.0054
vn -0.1599 -0.9834 -0.0855
vn -0.0109 -0.9999 -0.0054
vn -0.1634 -0.9833 -0.0806
vn 0.1389 -0.9879 0.0685
vn 0.1421 -0.9881 0.0589
vn -0.0120 -0.9999 -0.0050
vn -0.1690 -0.9831 -0.0700
vn -0.0116 -0.9999 -0.0039
vn -0.1725 -0.9833 -0.0585
vn 0.1467 -0.9879 0.0498
vn 0.1492 -0.9878 0.0453
vn -0.0109 -0.9999 -0.0033
vn -0.1735 -0.9834 -0.0526
vn -0.0118 -0.9999 -0.0032
vn -0.1760 -0.9833 -0.0472
vn 0.1496 -0.9879 0.0401
vn 0.1508 -0.9881 0.0300
vn -0.0127 -0.9999 -0.0025
vn -0.1794 -0.9831 -0.0357
vn -0.0121 -0.9999 -0.0016
vn -0.1806 -0.9833 -0.0237
vn 0.1535 -0.9879 0.0202
vn 0.1551 -0.9878 0.0153
vn -0.0113 -0.9999 -0.0011
vn -0.1805 -0.9834 -0.0178
vn -0.0122 -0.9999 -0.0008
vn -0.1818 -0.9833 -0.0120
vn 0.1545 -0.9879 0.0101
vn 0.1538 -0.9881 -0.0000
vn -0.0130 -0.9999 -0.0000
vn -0.1830 -0.9831 -0.0000
vn -0.0122 -0.9999 0.0008
vn -0.1818 -0.9833 0.0120
vn 0.1545 -0.9879 -0.0101
vn 0.1551 -0.9878 -0.0153
vn -0.0113 -0.9999 0.0011
vn -0.1805 -0.9834 0.0178
vn -0.0121 -0.9999 0.0016
vn -0.1806 -0.9833 0.0237
vn 0.1535 -0.9879 -0.0202
vn 0.1508 -0.9881 -0.0300
vn -0.0127 -0.9999 0.0025
vn -0.1794 -0.9831 0.0357
vn -0.0118 -0.9999 0.0032
vn -0.1760 -0.9833 0.0472
vn 0.1496 -0.9879 -0.0401
vn 0.1492 -0.9878 -0.0453
vn -0.0109 -0.9999 0.0033
vn -0.1735 -0.9834 0.0526
vn -0.0116 -0.9999 0.0039
vn -0.1725 -0.9833 0.0585
vn 0.1467 -0.9879 -0.0498
vn 0.1421 -0.9881 -0.0589
vn -0.0120 -0.9999 0.0050
vn -0.1690 -0.9831 0.0700
vn -0.0109 -0.9999 0.0054
vn -0.1634 -0.9833 0.0806
vn 0.1389 -0.9879 -0.0685
vn 0.1375 -0.9878 -0.0735
vn -0.0101 -0.9999 0.0054
vn -0.1599 -0.9834 0.0855
vn -0.0106 -0.9999 0.0061
vn -0.1578 -0.9833 0.0911
vn 0.1341 -0.9879 -0.0774
vn 0.1279 -0.9881 -0.0854
vn -0.0108 -0.9999 0.0072
vn -0.1521 -0.9831 0.1016
vn -0.0097 -0.9999 0.0074
vn -0.1445 -0.9833 0.1109
vn 0.1229 -0.9879 -0.0943
vn 0.1205 -0.9878 -0.0989
vn -0.0088 -0.9999 0.0072
vn -0.1402 -0.9834 0.1150
vn -0.0092 -0.9999 0.0080
vn -0.1370 -0.9833 0.1201
vn 0.1164 -0.9879 -0.1021
vn 0.1088 -0.9881 -0.1088
vn -0.0092 -0.9999 0.0092
vn -0.1294 -0.9831 0.1294
vn -0.0080 -0.9999 0.0092
vn -0.1201 -0.9833 0.1370
vn 0.1021 -0.9879 -0.1164
vn 0.0989 -0.9878 -0.1205
vn -0.0072 -0.9999 0.0088
vn -0.1150 -0.9834 0.1402
vn -0.0074 -0.9999 0.0097
vn -0.1109 -0.9833 0.1445
vn 0.0943 -0.9879 -0.1229
vn 0.0854 -0.9881 -0.1279
vn -0.0072 -0.9999 0.0108
vn -0.1016 -0.9831 0.1521
vn -0.0061 -0.9999 0.0106
vn -0.0911 -0.9833 0.1578
vn 0.0774 -0.9879 -0.1341
vn 0.0735 -0.9878 -0.1375
vn -0.0054 -0.9999 0.0101
vn -0.0855 -0.9834 0.1599
vn -0.0054 -0.9999 0.0109
vn -0.0806 -0.9833 0.1634
vn 0.0685 -0.9879 -0.1389
vn 0.0589 -0.9881 -0.1421
vn -0.0050 -0.9999 0.0120
vn -0.0700 -0.9831 0.1690
vn -0.0039 -0.9999 0.0116
vn -0.0585 -0.9833 0.1725
vn 0.0498 -0.9879 -0.1467
vn 0.0453 -0.9878 -0.1492
vn -0.0033 -0.9999 0.0109
vn -0.0526 -0.9834 0.1735
vn -0.0032 -0.9999 0.0118
vn -0.0472 -0.9833 0.1760
vn 0.0401 -0.9879 -0.1496
vn 0.0300 -0.9881 -0.1508
vn -0.0025 -0.9999 0.0127
vn -0.0357 -0.9831 0.1794
vn -0.0016 -0.9999 0.0121
vn -0.0237 -0.9833 0.1806
vn 0.0202 -0.9879 -0.1535
vn 0.0153 -0.9878 -0.1551
vn -0.0011 -0.9999 0.0113
vn -0.0178 -0.9834 0.1805
vn -0.0008 -0.9999 0.0122
vn -0.0120 -0.9833 0.1818
vn 0.0101 -0.9879 -0.1545
vn -0.0000 -0.9881 -0.1538
vn -0.0000 -0.9999 0.0130
vn -0.0000 -0.9831 0.1830
vn 0.0008 -0.9999 0.0122
vn 0.0120 -0.9833 0.1818
vn -0.0101 -0.9879 -0.1545
vn -0.0153 -0.9878 -0.1551
vn 0.0011 -0.9999 0.0113
vn 0.0178 -0.9834 0.1805
vn 0.0016 -0.9999 0.0121
vn 0.0237 -0.9833 0.1806
vn -0.0202 -0.9879 -0.1535
vn -0.0300 -0.9881 -0.1508
vn 0.0025 -0.9999 0.0127
vn 0.0357 -0.9831 0.1794
vn 0.0032 -0.9999 0.0118
vn 0.0472 -0.9833 0.1760
vn -0.0401 -0.9879 -0.1496
vn -0.0453 -0.9878 -0.1492
vn 0.0033 -0.9999 0.0109
vn 0.0526 -0.9834 0.1735
vn 0.0039 -0.9999 0.0116
vn 0.0585 -0.9833 0.1725
vn -0.0498 -0.9879 -0.1467
vn -0.0589 -0.9881 -0.1421
vn 0.0050 -0.9999 0.0120
vn 0.0700 -0.9831 0.1690
vn 0.0054 -0.9999 0.0109
vn 0.0806 -0.9833 0.1634
vn -0.0685 -0.9879 -0.1389
vn -0.0735 -0.9878 -0.1375
vn 0.0054 -0.9999 0.0101
vn 0.0855 -0.9834 0.1599
vn 0.0061 -0.9999 0.0106
vn 0.0911 -0.9833 0.1578
vn -0.0774 -0.9879 -0.1341
vn -0.0854 -0.9881 -0.1279
vn 0.0072 -0.9999 0.0108
vn 0.1016 -0.9831 0.1521
vn 0.0074 -0.9999 0.0097
vn 0.1109 -0.9833 0.1445
vn -0.0943 -0.9879 -0.1229
vn -0.0989 -0.9878 -0.1205
vn 0.0072 -0.9999 0.0088
vn 0.1150 -0.9834 0.1402
vn 0.0080 -0.9999 0.0092
vn 0.1201 -0.9833 0.1370
vn -0.1021 -0.9879 -0.1164
vn -0.1088 -0.9881 -0.1088
vn 0.0092 -0.9999 0.0092
vn 0.1294 -0.9831 0.1294
vn 0.0092 -0.9999 0.0080
vn 0.1370 -0.9833 0.1201
vn -0.1164 -0.9879 -0.1021
vn -0.1205 -0.9878 -0.0989
vn 0.0088 -0.9999 0.0072
vn 0.1402 -0.9834 0.1150
vn 0.0097 -0.9999 0.0074
vn 0.1445 -0.9833 0.1109
vn -0.1229 -0.9879 -0.0943
vn -0.1279 -0.9881 -0.0854
vn 0.0108 -0.9999 0.0072
vn 0.1521 -0.9831 0.1016
vn 0.0106 -0.9999 0.0061
vn 0.1578 -0.9833 0.0911
vn -0.1341 -0.9879 -0.0774
vn -0.1375 -0.9878 -0.0735
vn 0.0101 -0.9999 0.0054
vn 0.1599 -0.9834 0.0855
vn 0.0109 -0.9999 0.0054
vn 0.1634 -0.9833 0.0806
vn -0.1389 -0.9879 -0.0685
vn -0.1421 -0.9881 -0.0589
vn 0.0120 -0.9999 0.0050
vn 0.1690 -0.9831 0.0700
vn 0.0116 -0.9999 0.0039
vn 0.1725 -0.9833 0.0585
vn -0.1467 -0.9879 -0.0498
vn -0.1492 -0.9878 -0.0453
vn 0.0109 -0.9999 0.0033
vn 0.1735 -0.9834 0.0526
vn 0.0118 -0.9999 0.0032
vn 0.1760 -0.9833 0.0472
vn -0.1496 -0.9879 -0.0401
vn -0.1508 -0.9881 -0.0300
vn 0.0127 -0.9999 0.0025
vn 0.1794 -0.9831 0.0357
vn 0.0121 -0.9999 0.0016
vn 0.1806 -0.9833 0.0237
vn -0.1535 -0.9879 -0.0202
vn -0.1551 -0.9878 -0.0153
vn 0.0113 -0.9999 0.0011
vn 0.1805 -0.9834 0.0178
vn 0.0122 -0.9999 0.0008
vn 0.1818 -0.9833 0.0120
vn -0.1545 -0.9879 -0.0101
vn -0.1538 -0.9881 -0.0000
vn 0.0130 -0.9999 -0.0000
vn 0.1830 -0.9831 -0.0000
vn 0.0122 -0.9999 -0.0008
vn 0.1818 -0.9833 -0.0120
vn -0.1545 -0.9879 0.0101
vn -0.1551 -0.9878 0.0153
vn 0.0113 -0.9999 -0.0011
vn 0.1805 -0.9834 -0.0178
vn 0.0121 -0.9999 -0.0016
vn 0.1806 -0.9833 -0.0237
vn -0.1535 -0.9879 0.0202
vn -0.1508 -0.9881 0.0300
vn 0.0127 -0.9999 -0.0025
vn 0.1794 -0.9831 -0.0357
vn 0.0118 -0.9999 -0.0032
vn 0.1760 -0.9833 -0.0472
vn -0.1496 -0.9879 0.0401
vn -0.1492 -0.9878 0.0453
vn 0.0109 -0.9999 -0.0033
vn 0.1735 -0.9834 -0.0526
vn 0.0116 -0.9999 -0.0039
vn 0.1725 -0.9833 -0.0585
vn -0.1467 -0.9879 0.0498
vn -0.1421 -0.9881 0.0589
vn 0.0120 -0.9999 -0.0050
vn 0.1690 -0.9831 -0.0700
vn 0.0109 -0.9999 -0.0054
vn 0.1634 -0.9833 -0.0806
vn -0.1389 -0.9879 0.0685
vn -0.1375 -0.9878 0.0735
vn 0.0101 -0.9999 -0.0054
vn 0.1599 -0.9834 -0.0855
vn 0.0106 -0.9999 -0.0061
vn 0.1578 -0.9833 -0.0911
vn -0.1341 -0.9879 0.0774
vn -0.1279 -0.9881 0.0854
vn 0.0108 -0.9999 -0.0072
vn 0.1521 -0.9831 -0.1016
vn 0.0097 -0.9999 -0.0074
vn 0.1445 -0.9833 -0.1109
vn -0.1229 -0.9879 0.0943
vn -0.1205 -0.9878 0.0989
vn 0.0088 -0.9999 -0.0072
vn 0.1402 -0.9834 -0.1150
vn 0.0092 -0.9999 -0.0080
vn 0.1370 -0.9833 -0.1201
vn -0.1164 -0.9879 0.1021
vn -0.1088 -0.9881 0.1088
vn 0.0092 -0.9999 -0.0092
vn 0.1294 -0.9831 -0.1294
vn 0.0080 -0.9999 -0.0092
vn 0.1201 -0.9833 -0.1370
vn -0.1021 -0.9879 0.1164
vn -0.0989 -0.9878 0.1205
vn 0.0072 -0.9999 -0.0088
vn 0.1150 -0.9834 -0.1402
vn 0.0074 -0.9999 -0.0097
vn 0.1109 -0.9833 -0.1445
vn -0.0943 -0.9879 0.1229
vn -0.0854 -0.9881 0.1279
vn 0.0072 -0.9999 -0.0108
vn 0.1016 -0.9831 -0.1521
vn 0.0061 -0.9999 -0.0106
vn 0.0911 -0.9833 -0.1578
vn -0.0774 -0.9879 0.1341
vn -0.0735 -0.9878 0.1375
vn 0.0054 -0.9999 -0.0101
vn 0.0855 -0.9834 -0.1599
vn 0.0054 -0.9999 -0.0109
vn 0.0806 -0.9833 -0.1634
vn -0.0685 -0.9879 0.1389
vn -0.0589 -0.9881 0.1421
vn 0.0050 -0.9999 -0.0120
vn 0.0700 -0.9831 -0.1690
vn 0.0039 -0.9999 -0.0116
vn 0.0585 -0.9833 -0.1725
vn -0.0498 -0.9879 0.1467
vn -0.0453 -0.9878 0.1492
vn 0.0033 -0.9999 -0.0109
vn 0.0526 -0.9834 -0.1735
vn 0.0032 -0.9999 -0.0118
vn 0.0472 -0.9833 -0.1760
vn -0.0401 -0.9879 0.1496
vn -0.0300 -0.9881 0.1508
vn 0.0025 -0.9999 -0.0127
vn 0.0357 -0.9831 -0.1794
vn 0.0016 -0.9999 -0.0121
vn 0.0237 -0.9833 -0.1806
vn -0.0202 -0.9879 0.1535
vn -0.0153 -0.9878 0.1551
vn 0.0011 -0.9999 -0.0113
vn 0.0178 -0.9834 -0.1805
vn 0.0008 -0.9999 -0.0122
vn 0.0120 -0.9833 -0.1818
vn -0.0101 -0.9879 0.1545
vn -0.0000 -0.9881 0.1538
vn -0.0000 -0.9999 -0.0130
vn -0.0000 -0.9831 -0.1830
vn -0.0008 -0.9999 -0.0122
vn -0.0120 -0.9833 -0.1818
vn 0.0101 -0.9879 0.1545
vn -0.0178 0.9834 -0.1805
vn -0.0237 0.9833 -0.1806
vn -0.0016 0.9999 -0.0121
vn -0.0011 0.9999 -0.0113
vn -0.0357 0.9831 -0.1794
vn -0.0025 0.9999 -0.0127
vn 0.0300 0.9881 0.1508
vn 0.0202 0.9879 0.1535
vn 0.0153 0.9878 0.1551
vn -0.0472 0.9833 -0.1760
vn -0.0032 0.9999 -0.0118
vn -0.0526 0.9834 -0.1735
vn -0.0033 0.9999 -0.0109
vn 0.0453 0.9878 0.1492
vn 0.0401 0.9879 0.1496
vn -0.0585 0.9833 -0.1725
vn -0.0039 0.9999 -0.0116
vn -0.0700 0.9831 -0.1690
vn -0.0050 0.9999 -0.0120
vn 0.0589 0.9881 0.1421
vn 0.0498 0.9879 0.1467
vn -0.0806 0.9833 -0.1634
vn -0.0054 0.9999 -0.0109
vn -0.0855 0.9834 -0.1599
vn -0.0054 0.9999 -0.0101
vn 0.0735 0.9878 0.1375
vn 0.0685 0.9879 0.1389
vn -0.0911 0.9833 -0.1578
vn -0.0061 0.9999 -0.0106
vn -0.1016 0.9831 -0.1521
vn -0.0072 0.9999 -0.0108
vn 0.0854 0.9881 0.1279
vn 0.0774 0.9879 0.1341
vn -0.1109 0.9833 -0.1445
vn -0.0074 0.9999 -0.0097
vn -0.1150 0.9834 -0.1402
vn -0.0072 0.9999 -0.0088
vn 0.0989 0.9878 0.1205
vn 0.0943 0.9879 0.1229
vn -0.1201 0.9833 -0.1370
vn -0.0080 0.9999 -0.0092
vn -0.1294 0.9831 -0.1294
vn -0.0092 0.9999 -0.0092
vn 0.1088 0.9881 0.1088
vn 0.1021 0.9879 0.1164
vn -0.1370 0.9833 -0.1201
vn -0.0092 0.9999 -0.0080
vn -0.1402 0.9834 -0.1150
vn -0.0088 0.9999 -0.0072
vn 0.1205 0.9878 0.0989
vn 0.1164 0.9879 0.1021
vn -0.1445 0.9833 -0.1109
vn -0.0097 0.9999 -0.0074
vn -0.1521 0.9831 -0.1016
vn -0.0108 0.9999 -0.0072
vn 0.1279 0.9881 0.0854
vn 0.1229 0.9879 0.0943
vn -0.1578 0.9833 -0.0911
vn -0.0106 0.9999 -0.0061
vn -0.1599 0.9834 -0.0855
vn -0.0101 0.9999 -0.0054
vn 0.1375 0.9878 0.0735
vn 0.1341 0.9879 0.0774
vn -0.1634 0.9833 -0.0806
vn -0.0109 0.9999 -0.0054
vn -0.1690 0.9831 -0.0700
vn -0.0120 0.9999 -0.0050
vn 0.1421 0.9881 0.0589
vn 0.1389 0.9879 0.0685
vn -0.1725 0.9833 -0.0585
vn -0.0116 0.9999 -0.0039
vn -0.1735 0.9834 -0.0526
vn -0.0109 0.9999 -0.0033
vn 0.1492 0.9878 0.0453
vn 0.1467 0.9879 0.0498
vn -0.1760 0.9833 -0.0472
vn -0.0118 0.9999 -0.0032
vn -0.1794 0.9831 -0.0357
vn -0.0127 0.9999 -0.0025
vn 0.1508 0.9881 0.0300
vn 0.1496 0.9879 0.0401
vn -0.1806 0.9833 -0.0237
vn -0.0121 0.9999 -0.0016
vn -0.1805 0.9834 -0.0178
vn -0.0113 0.9999 -0.0011
vn 0.1551 0.9878 0.0153
vn 0.1535 0.9879 0.0202
vn -0.1818 0.9833 -0.0120
vn -0.0122 0.9999 -0.0008
vn -0.1830 0.9831 -0.0000
vn -0.0130 0.9999 -0.0000
vn 0.1538 0.9881 -0.0000
vn 0.1545 0.9879 0.0101
vn -0.1818 0.9833 0.0120
vn -0.0122 0.9999 0.0008
vn -0.1805 0.9834 0.0178
vn -0.0113 0.9999 0.0011
vn 0.1551 0.9878 -0.0153
vn 0.1545 0.9879 -0.0101
vn -0.1806 0.9833 0.0237
vn -0.0121 0.9999 0.0016
vn -0.1794 0.9831 0.0357
vn -0.0127 0.9999 0.0025
vn 0.1508 0.9881 -0.0300
vn 0.1535 0.9879 -0.0202
vn -0.1760 0.9833 0.0472
vn -0.0118 0.9999 0.0032
vn -0.1735 0.9834 0.0526
vn -0.0109 0.9999 0.0033
vn 0.1492 0.9878 -0.0453
vn 0.1496 0.9879 -0.0401
vn -0.1725 0.9833 0.0585
vn -0.0116 0.9999 0.0039
vn -0.1690 0.9831 0.0700
vn -0.0120 0.9999 0.0050
vn 0.1421 0.9881 -0.0589
vn 0.1467 0.9879 -0.0498
vn -0.1634 0.9833 0.0806
vn -0.0109 0.9999 0.0054
vn -0.1599 0.9834 0.0855
vn -0.0101 0.9999 0.0054
vn 0.1375 0.9878 -0.0735
vn 0.1389 0.9879 -0.0685
vn -0.1578 0.9833 0.0911
vn -0.0106 0.9999 0.0061
vn -0.1521 0.9831 0.1016
vn -0.0108 0.9999 0.0072
vn 0.1279 0.9881 -0.0854
vn 0.1341 0.9879 -0.0774
vn -0.1445 0.9833 0.1109
vn -0.0097 0.9999 0.0074
vn -0.1402 0.9834 0.1150
vn -0.0088 0.9999 0.0072
vn 0.1205 0.9878 -0.0989
vn 0.1229 0.9879 -0.0943
vn -0.1370 0.9833 0.1201
vn -0.0092 0.9999 0.0080
vn -0.1294 0.9831 0.1294
vn -0.0092 0.9999 0.0092
vn 0.1088 0.9881 -0.1088
vn 0.1164 0.9879 -0.1021
vn -0.1201 0.9833 0.1370
vn -0.0080 0.9999 0.0092
vn -0.1150 0.9834 0.1402
vn -0.0072 0.9999 0.0088
vn 0.0989 0.9878 -0.1205
vn 0.1021 0.9879 -0.1164
vn -0.1109 0.9833 0.1445
vn -0.0074 0.9999 0.0097
vn -0.1016 0.9831 0.1521
vn -0.0072 0.9999 0.0108
vn 0.0854 0.9881 -0.1279
vn 0.0943 0.9879 -0.1229
vn -0.0911 0.9833 0.1578
vn -0.0061 0.9999 0.0106
vn -0.0855 0.9834 0.1599
vn -0.0054 0.9999 0.0101
vn 0.0735 0.9878 -0.1375
vn 0.0774 0.9879 -0.1341
vn -0.0806 0.9833 0.1634
vn -0.0054 0.9999 0.0109
vn -0.0700 0.9831 0.1690
vn -0.0050 0.9999 0.0120
vn 0.0589 0.9881 -0.1421
vn 0.0685 0.9879 -0.1389
vn -0.0585 0.9833 0.1725
vn -0.0039 0.9999 0.0116
vn -0.0526 0.9834 0.1735
vn -0.0033 0.9999 0.0109
vn 0.0453 0.9878 -0.1492
vn 0.0498 0.9879 -0.1467
vn -0.0472 0.9833 0.1760
vn -0.0032 0.9999 0.0118
vn -0.0357 0.9831 0.1794
vn -0.0025 0.9999 0.0127
vn 0.0300 0.9881 -0.1508
vn 0.0401 0.9879 -0.1496
vn -0.0237 0.9833 0.1806
vn -0.0016 0.9999 0.0121
vn -0.0178 0.9834 0.1805
vn -0.0011 0.9999 0.0113
vn 0.0153 0.9878 -0.1551
vn 0.0202 0.9879 -0.1535
vn -0.0120 0.9833 0.1818
vn -0.0008 0.9999 0.0122
vn -0.0000 0.9831 0.1830
vn -0.0000 0.9999 0.0130
vn -0.0000 0.9881 -0.1538
vn 0.0101 0.9879 -0.1545
vn 0.0120 0.9833 0.1818
vn 0.0008 0.9999 0.0122
vn 0.0178 0.9834 0.1805
vn 0.0011 0.9999 0.0113
vn -0.0153 0.9878 -0.1551
vn -0.0101 0.9879 -0.1545
vn 0.0237 0.9833 0.1806
vn 0.0016 0.9999 0.0121
vn 0.0357 0.9831 0.1794
vn 0.0025 0.9999 0.0127
vn -0.0300 0.9881 -0.1508
vn -0.0202 0.9879 -0.1535
vn 0.0472 0.9833 0.1760
vn 0.0032 0.9999 0.0118
vn 0.0526 0.9834 0.1735
vn 0.0033 0.9999 0.0109
vn -0.0453 0.9878 -0.1492
vn -0.0401 0.9879 -0.1496
vn 0.0585 0.9833 0.1725
vn 0.0039 0.9999 0.0116
vn 0.0700 0.9831 0.1690
vn 0.0050 0.9999 0.0120
vn -0.0589 0.9881 -0.1421
vn -0.0498 0.9879 -0.1467
vn 0.0806 0.9833 0.1634
vn 0.0054 0.9999 0.0109
vn 0.0855 0.9834 0.1599
vn 0.0054 0.9999 0.0101
vn -0.0735 0.9878 -0.1375
vn -0.0685 0.9879 -0.1389
vn 0.0911 0.9833 0.1578
vn 0.0061 0.9999 0.0106
vn 0.1016 0.9831 0.1521
vn 0.0072 0.9999 0.0108
vn -0.0854 0.9881 -0.1279
vn -0.0774 0.9879 -0.1341
vn 0.1109 0.9833 0.1445
vn 0.0074 0.9999 0.0097
vn 0.1150 0.9834 0.1402
vn 0.0072 0.9999 0.0088
vn -0.0989 0.9878 -0.1205
vn -0.0943 0.9879 -0.1229
vn 0.1201 0.9833 0.1370
vn 0.0080 0.9999 0.0092
vn 0.1294 0.9831 0.1294
vn 0.0092 0.9999 0.0092
vn -0.1088 0.9881 -0.1088
vn -0.1021 0.9879 -0.1164
vn 0.1370 0.9833 0.1201
vn 0.0092 0.9999 0.0080
vn 0.1402 0.9834 0.1150
vn 0.0088 0.9999 0.0072
vn -0.1205 0.9878 -0.0989
vn -0.1164 0.9879 -0.1021
vn 0.1445 0.9833 0.1109
vn 0.0097 0.9999 0.0074
vn 0.1521 0.9831 0.1016
vn 0.0108 0.9999 0.0072
vn -0.1279 0.9881 -0.0854
vn -0.1229 0.9879 -0.0943
vn 0.1578 0.9833 0.0911
vn 0.0106 0.9999 0.0061
vn 0.1599 0.9834 0.0855
vn 0.0101 0.9999 0.0054
vn -0.1375 0.9878 -0.0735
vn -0.1341 0.9879 -0.0774
vn 0.1634 0.9833 0.0806
vn 0.0109 0.9999 0.0054
vn 0.1690 0.9831 0.0700
vn 0.0120 0.9999 0.0050
vn -0.1421 0.9881 -0.0589
vn -0.1389 0.9879 -0.0685
vn 0.1725 0.9833 0.0585
vn 0.0116 0.9999 0.0039
vn 0.1735 0.9834 0.0526
vn 0.0109 0.9999 0.0033
vn -0.1492 0.9878 -0.0453
vn -0.1467 0.9879 -0.0498
vn 0.1760 0.9833 0.0472
vn 0.0118 0.9999 0.0032
vn 0.1794 0.9831 0.0357
vn 0.0127 0.9999 0.0025
vn -0.1508 0.9881 -0.0300
vn -0.1496 0.9879 -0.0401
vn 0.1806 0.9833 0.0237
vn 0.0121 0.9999 0.0016
vn 0.1805 0.9834 0.0178
vn 0.0113 0.9999 0.0011
vn -0.1551 0.9878 -0.0153
vn -0.1535 0.9879 -0.0202
vn 0.1818 0.9833 0.0120
vn 0.0122 0.9999 0.0008
vn 0.1830 0.9831 -0.0000
vn 0.0130 0.9999 -0.0000
vn -0.1538 0.9881 -0.0000
vn -0.1545 0.9879 -0.0101
vn 0.1818 0.9833 -0.0120
vn 0.0122 0.9999 -0.0008
vn 0.1805 0.9834 -0.0178
vn 0.0113 0.9999 -0.0011
vn -0.1551 0.9878 0.0153
vn -0.1545 0.9879 0.0101
vn 0.1806 0.9833 -0.0237
vn 0.0121 0.9999 -0.0016
vn 0.1794 0.9831 -0.0357
vn 0.0127 0.9999 -0.0025
vn -0.1508 0.9881 0.0300
vn -0.1535 0.9879 0.0202
vn 0.1760 0.9833 -0.0472
vn 0.0118 0.9999 -0.0032
vn 0.1735 0.9834 -0.0526
vn 0.0109 0.9999 -0.0033
vn -0.1492 0.9878 0.0453
vn -0.1496 0.9879 0.0401
vn 0.1725 0.9833 -0.0585
vn 0.0116 0.9999 -0.0039
vn 0.1690 0.9831 -0.0700
vn 0.0120 0.9999 -0.0050
vn -0.1421 0.9881 0.0589
vn -0.1467 0.9879 0.0498
vn 0.1634 0.9833 -0.0806
vn 0.0109 0.9999 -0.0054
vn 0.1599 0.9834 -0.0855
vn 0.0101 0.9999 -0.0054
vn -0.1375 0.9878 0.0735
vn -0.1389 0.9879 0.0685
vn 0.1578 0.9833 -0.0911
vn 0.0106 0.9999 -0.0061
vn 0.1521 0.9831 -0.1016
vn 0.0108 0.9999 -0.0072
vn -0.1279 0.9881 0.0854
vn -0.1341 0.9879 0.0774
vn 0.1445 0.9833 -0.1109
vn 0.0097 0.9999 -0.0074
vn 0.1402 0.9834 -0.1150
vn 0.0088 0.9999 -0.0072
vn -0.1205 0.9878 0.0989
vn -0.1229 0.9879 0.0943
vn 0.1370 0.9833 -0.1201
vn 0.0092 0.9999 -0.0080
vn 0.1294 0.9831 -0.1294
vn 0.0092 0.9999 -0.0092
vn -0.1088 0.9881 0.1088
vn -0.1164 0.9879 0.1021
vn 0.1201 0.9833 -0.1370
vn 0.0080 0.9999 -0.0092
vn 0.1150 0.9834 -0.1402
vn 0.0072 0.9999 -0.0088
vn -0.0989 0.9878 0.1205
vn -0.1021 0.9879 0.1164
vn 0.1109 0.9833 -0.1445
vn 0.0074 0.9999 -0.0097
vn 0.1016 0.9831 -0.1521
vn 0.0072 0.9999 -0.0108
vn -0.0854 0.9881 0.1279
vn -0.0943 0.9879 0.1229
vn 0.0911 0.9833 -0.1578
vn 0.0061 0.9999 -0.0106
vn 0.0855 0.9834 -0.1599
vn 0.0054 0.9999 -0.0101
vn -0.0735 0.9878 0.1375
vn -0.0774 0.9879 0.1341
vn 0.0806 0.9833 -0.1634
vn 0.0054 0.9999 -0.0109
vn 0.0700 0.9831 -0.1690
vn 0.0050 0.9999 -0.0120
vn -0.0589 0.9881 0.1421
vn -0.0685 0.9879 0.1389
vn 0.0585 0.9833 -0.1725
vn 0.0039 0.9999 -0.0116
vn 0.0526 0.9834 -0.1735
vn 0.0033 0.9999 -0.0109
vn -0.0453 0.9878 0.1492
vn -0.0498 0.9879 0.1467
vn 0.0472 0.9833 -0.1760
vn 0.0032 0.9999 -0.0118
vn 0.0357 0.9831 -0.1794
vn 0.0025 0.9999 -0.0127
vn -0.0300 0.9881 0.1508
vn -0.0401 0.9879 0.1496
vn 0.0237 0.9833 -0.1806
vn 0.0016 0.9999 -0.0121
vn 0.0178 0.9834 -0.1805
vn 0.0011 0.9999 -0.0113
vn -0.0153 0.9878 0.1551
vn -0.0202 0.9879 0.1535
vn 0.0120 0.9833 -0.1818
vn 0.0008 0.9999 -0.0122
vn -0.0000 0.9831 -0.1830
vn -0.0000 0.9999 -0.0130
vn -0.0000 0.9881 0.1538
vn -0.0101 0.9879 0.1545
vn -0.0120 0.9833 -0.1818
vn -0.0008 0.9999 -0.0122
vn 0.0101 0.9879 0.1545
vn -0.2199 -0.9695 -0.1085
vn -0.2263 -0.9695 -0.0937
vn -0.2164 -0.9694 -0.1157
vn -0.2199 0.9695 -0.1085
vn -0.2164 0.9694 -0.1157
vn -0.2263 0.9695 -0.0937
vn 0.1085 -0.9695 0.2199
vn 0.1157 -0.9694 0.2164
vn 0.0937 -0.9695 0.2263
vn 0.1085 0.9695 0.2199
vn 0.0937 0.9695 0.2263
vn 0.1157 0.9694 0.2164
vn -0.2575 -0.9623 0.0875
vn -0.2604 -0.9623 0.0790
vn -0.2511 -0.9624 0.1040
vn -0.2575 0.9623 0.0875
vn -0.2511 0.9624 0.1040
vn -0.2604 0.9623 0.0790
vn -0.2368 -0.9695 -0.0635
vn -0.2403 -0.9695 -0.0478
vn -0.2348 -0.9694 -0.0712
vn -0.2368 0.9695 -0.0635
vn -0.2348 0.9694 -0.0712
vn -0.2403 0.9695 -0.0478
vn 0.1493 -0.9695 0.1945
vn 0.1556 -0.9694 0.1896
vn 0.1361 -0.9695 0.2037
vn 0.1493 0.9695 0.1945
vn 0.1361 0.9695 0.2037
vn 0.1556 0.9694 0.1896
vn -0.2355 -0.9623 0.1360
vn -0.2400 -0.9623 0.1283
vn -0.2260 -0.9624 0.1510
vn -0.2355 0.9623 0.1360
vn -0.2260 0.9624 0.1510
vn -0.2400 0.9623 0.1283
vn -0.2447 -0.9695 -0.0161
vn -0.2450 -0.9695 -0.0000
vn -0.2442 -0.9694 -0.0240
vn -0.2447 0.9695 -0.0161
vn -0.2442 0.9694 -0.0240
vn -0.2450 0.9695 -0.0000
vn 0.1844 -0.9695 0.1616
vn 0.1896 -0.9694 0.1556
vn 0.1732 -0.9695 0.1732
vn 0.1844 0.9695 0.1616
vn 0.1732 0.9695 0.1732
vn 0.1896 0.9694 0.1556
vn -0.2045 -0.9623 0.1794
vn -0.2104 -0.9623 0.1727
vn -0.1922 -0.9624 0.1922
vn -0.2045 0.9623 0.1794
vn -0.1922 0.9624 0.1922
vn -0.2104 0.9623 0.1727
vn -0.2431 -0.9695 0.0319
vn -0.2403 -0.9695 0.0478
vn -0.2442 -0.9694 0.0240
vn -0.2431 0.9695 0.0319
vn -0.2442 0.9694 0.0240
vn -0.2403 0.9695 0.0478
vn 0.2124 -0.9695 0.1225
vn 0.2164 -0.9694 0.1157
vn 0.2037 -0.9695 0.1361
vn 0.2124 0.9695 0.1225
vn 0.2037 0.9695 0.1361
vn 0.2164 0.9694 0.1157
vn -0.1655 -0.9623 0.2158
vn -0.1727 -0.9623 0.2104
vn -0.1510 -0.9624 0.2260
vn -0.1655 0.9623 0.2158
vn -0.1510 0.9624 0.2260
vn -0.1727 0.9623 0.2104
vn -0.2322 -0.9695 0.0787
vn -0.2263 -0.9695 0.0937
vn -0.2348 -0.9694 0.0712
vn -0.2322 0.9695 0.0787
vn -0.2348 0.9694 0.0712
vn -0.2263 0.9695 0.0937
vn 0.2322 -0.9695 0.0787
vn 0.2348 -0.9694 0.0712
vn 0.2263 -0.9695 0.0937
vn 0.2322 0.9695 0.0787
vn 0.2263 0.9695 0.0937
vn 0.2348 0.9694 0.0712
vn -0.1203 -0.9623 0.2440
vn -0.1283 -0.9623 0.2400
vn -0.1040 -0.9624 0.2511
vn -0.1203 0.9623 0.2440
vn -0.1040 0.9624 0.2511
vn -0.1283 0.9623 0.2400
vn -0.2124 -0.9695 0.1225
vn -0.2037 -0.9695 0.1361
vn -0.2164 -0.9694 0.1157
vn -0.2124 0.9695 0.1225
vn -0.2164 0.9694 0.1157
vn -0.2037 0.9695 0.1361
vn 0.2431 -0.9695 0.0319
vn 0.2442 -0.9694 0.0240
vn 0.2403 -0.9695 0.0478
vn 0.2431 0.9695 0.0319
vn 0.2403 0.9695 0.0478
vn 0.2442 0.9694 0.0240
vn -0.0704 -0.9623 0.2627
vn -0.0790 -0.9623 0.2604
vn -0.0530 -0.9624 0.2665
vn -0.0704 0.9623 0.2627
vn -0.0530 0.9624 0.2665
vn -0.0790 0.9623 0.2604
vn -0.1844 -0.9695 0.1616
vn -0.1732 -0.9695 0.1732
vn -0.1896 -0.9694 0.1556
vn -0.1844 0.9695 0.1616
vn -0.1896 0.9694 0.1556
vn -0.1732 0.9695 0.1732
vn 0.2447 -0.9695 -0.0161
vn 0.2442 -0.9694 -0.0240
vn 0.2450 -0.9695 -0.0000
vn 0.2447 0.9695 -0.0161
vn 0.2450 0.9695 -0.0000
vn 0.2442 0.9694 -0.0240
vn -0.0177 -0.9623 0.2714
vn -0.0267 -0.9623 0.2709
vn -0.0000 -0.9624 0.2718
vn -0.0177 0.9623 0.2714
vn -0.0000 0.9624 0.2718
vn -0.0267 0.9623 0.2709
vn -0.1493 -0.9695 0.1945
vn -0.1361 -0.9695 0.2037
vn -0.1556 -0.9694 0.1896
vn -0.1493 0.9695 0.1945
vn -0.1556 0.9694 0.1896
vn -0.1361 0.9695 0.2037
vn 0.2368 -0.9695 -0.0635
vn 0.2348 -0.9694 -0.0712
vn 0.2403 -0.9695 -0.0478
vn 0.2368 0.9695 -0.0635
vn 0.2403 0.9695 -0.0478
vn 0.2348 0.9694 -0.0712
vn 0.0355 -0.9623 0.2697
vn 0.0267 -0.9623 0.2709
vn 0.0530 -0.9624 0.2665
vn 0.0355 0.9623 0.2697
vn 0.0530 0.9624 0.2665
vn 0.0267 0.9623 0.2709
vn -0.1085 -0.9695 0.2199
vn -0.0937 -0.9695 0.2263
vn -0.1157 -0.9694 0.2164
vn -0.1085 0.9695 0.2199
vn -0.1157 0.9694 0.2164
vn -0.0937 0.9695 0.2263
vn 0.2199 -0.9695 -0.1085
vn 0.2164 -0.9694 -0.1157
vn 0.2263 -0.9695 -0.0937
vn 0.2199 0.9695 -0.1085
vn 0.2263 0.9695 -0.0937
vn 0.2164 0.9694 -0.1157
vn 0.0875 -0.9623 0.2575
vn 0.0790 -0.9623 0.2604
vn 0.1040 -0.9624 0.2511
vn 0.0875 0.9623 0.2575
vn 0.1040 0.9624 0.2511
vn 0.0790 0.9623 0.2604
vn -0.0635 -0.9695 0.2368
vn -0.0478 -0.9695 0.2403
vn -0.0712 -0.9694 0.2348
vn -0.0635 0.9695 0.2368
vn -0.0712 0.9694 0.2348
vn -0.0478 0.9695 0.2403
vn 0.1945 -0.9695 -0.1493
vn 0.1896 -0.9694 -0.1556
vn 0.2037 -0.9695 -0.1361
vn 0.1945 0.9695 -0.1493
vn 0.2037 0.9695 -0.1361
vn 0.1896 0.9694 -0.1556
vn 0.1360 -0.9623 0.2355
vn 0.1283 -0.9623 0.2400
vn 0.1510 -0.9624 0.2260
vn 0.1360 0.9623 0.2355
vn 0.1510 0.9624 0.2260
vn 0.1283 0.9623 0.2400
vn -0.0161 -0.9695 0.2447
vn -0.0000 -0.9695 0.2450
vn -0.0240 -0.9694 0.2442
vn -0.0161 0.9695 0.2447
vn -0.0240 0.9694 0.2442
vn -0.0000 0.9695 0.2450
vn 0.1616 -0.9695 -0.1844
vn 0.1556 -0.9694 -0.1896
vn 0.1732 -0.9695 -0.1732
vn 0.1616 0.9695 -0.1844
vn 0.1732 0.9695 -0.1732
vn 0.1556 0.9694 -0.1896
vn 0.1794 -0.9623 0.2045
vn 0.1727 -0.9623 0.2104
vn 0.1922 -0.9624 0.1922
vn 0.1794 0.9623 0.2045
vn 0.1922 0.9624 0.1922
vn 0.1727 0.9623 0.2104
vn -0.0177 -0.9623 -0.2714
vn -0.0000 -0.9624 -0.2718
vn -0.0267 -0.9623 -0.2709
vn -0.0177 0.9623 -0.2714
vn -0.0267 0.9623 -0.2709
vn -0.0000 0.9624 -0.2718
vn 0.1225 -0.9695 -0.2124
vn 0.1157 -0.9694 -0.2164
vn 0.1361 -0.9695 -0.2037
vn 0.1225 0.9695 -0.2124
vn 0.1361 0.9695 -0.2037
vn 0.1157 0.9694 -0.2164
vn 0.2158 -0.9623 0.1655
vn 0.2104 -0.9623 0.1727
vn 0.2260 -0.9624 0.1510
vn 0.2158 0.9623 0.1655
vn 0.2260 0.9624 0.1510
vn 0.2104 0.9623 0.1727
vn -0.0704 -0.9623 -0.2627
vn -0.0530 -0.9624 -0.2665
vn -0.0790 -0.9623 -0.2604
vn -0.0704 0.9623 -0.2627
vn -0.0790 0.9623 -0.2604
vn -0.0530 0.9624 -0.2665
vn 0.0787 -0.9695 -0.2322
vn 0.0712 -0.9694 -0.2348
vn 0.0937 -0.9695 -0.2263
vn 0.0787 0.9695 -0.2322
vn 0.0937 0.9695 -0.2263
vn 0.0712 0.9694 -0.2348
vn 0.2440 -0.9623 0.1203
vn 0.2400 -0.9623 0.1283
vn 0.2511 -0.9624 0.1040
vn 0.2440 0.9623 0.1203
vn 0.2511 0.9624 0.1040
vn 0.2400 0.9623 0.1283
vn -0.1203 -0.9623 -0.2440
vn -0.1040 -0.9624 -0.2511
vn -0.1283 -0.9623 -0.2400
vn -0.1203 0.9623 -0.2440
vn -0.1283 0.9623 -0.2400
vn -0.1040 0.9624 -0.2511
vn 0.0319 -0.9695 -0.2431
vn 0.0240 -0.9694 -0.2442
vn 0.0478 -0.9695 -0.2403
vn 0.0319 0.9695 -0.2431
vn 0.0478 0.9695 -0.2403
vn 0.0240 0.9694 -0.2442
vn 0.2627 -0.9623 0.0704
vn 0.2604 -0.9623 0.0790
vn 0.2665 -0.9624 0.0530
vn 0.2627 0.9623 0.0704
vn 0.2665 0.9624 0.0530
vn 0.2604 0.9623 0.0790
vn -0.1655 -0.9623 -0.2158
vn -0.1510 -0.9624 -0.2260
vn -0.1727 -0.9623 -0.2104
vn -0.1655 0.9623 -0.2158
vn -0.1727 0.9623 -0.2104
vn -0.1510 0.9624 -0.2260
vn -0.0161 -0.9695 -0.2447
vn -0.0240 -0.9694 -0.2442
vn -0.0000 -0.9695 -0.2450
vn -0.0161 0.9695 -0.2447
vn -0.0000 0.9695 -0.2450
vn -0.0240 0.9694 -0.2442
vn 0.2714 -0.9623 0.0177
vn 0.2709 -0.9623 0.0267
vn 0.2718 -0.9624 -0.0000
vn 0.2714 0.9623 0.0177
vn 0.2718 0.9624 -0.0000
vn 0.2709 0.9623 0.0267
vn -0.2045 -0.9623 -0.1794
vn -0.1922 -0.9624 -0.1922
vn -0.2104 -0.9623 -0.1727
vn -0.2045 0.9623 -0.1794
vn -0.2104 0.9623 -0.1727
vn -0.1922 0.9624 -0.1922
vn -0.0635 -0.9695 -0.2368
vn -0.0712 -0.9694 -0.2348
vn -0.0478 -0.9695 -0.2403
vn -0.0635 0.9695 -0.2368
vn -0.0478 0.9695 -0.2403
vn -0.0712 0.9694 -0.2348
vn 0.2697 -0.9623 -0.0355
vn 0.2709 -0.9623 -0.0267
vn 0.2665 -0.9624 -0.0530
vn 0.2697 0.9623 -0.0355
vn 0.2665 0.9624 -0.0530
vn 0.2709 0.9623 -0.0267
vn -0.2355 -0.9623 -0.1360
vn -0.2260 -0.9624 -0.1510
vn -0.2400 -0.9623 -0.1283
vn -0.2355 0.9623 -0.1360
vn -0.2400 0.9623 -0.1283
vn -0.2260 0.9624 -0.1510
vn -0.1085 -0.9695 -0.2199
vn -0.1157 -0.9694 -0.2164
vn -0.0937 -0.9695 -0.2263
vn -0.1085 0.9695 -0.2199
vn -0.0937 0.9695 -0.2263
vn -0.1157 0.9694 -0.2164
vn 0.2575 -0.9623 -0.0875
vn 0.2604 -0.9623 -0.0790
vn 0.2511 -0.9624 -0.1040
vn 0.2575 0.9623 -0.0875
vn 0.2511 0.9624 -0.1040
vn 0.2604 0.9623 -0.0790
vn -0.2575 -0.9623 -0.0875
vn -0.2511 -0.9624 -0.1040
vn -0.2604 -0.9623 -0.0790
vn -0.2575 0.9623 -0.0875
vn -0.2604 0.9623 -0.0790
vn -0.2511 0.9624 -0.1040
vn -0.1493 -0.9695 -0.1945
vn -0.1556 -0.9694 -0.1896
vn -0.1361 -0.9695 -0.2037
vn -0.1493 0.9695 -0.1945
vn -0.1361 0.9695 -0.2037
vn -0.1556 0.9694 -0.1896
vn 0.2355 -0.9623 -0.1360
vn 0.2400 -0.9623 -0.1283
vn 0.2260 -0.9624 -0.1510
vn 0.2355 0.9623 -0.1360
vn 0.2260 0.9624 -0.1510
vn 0.2400 0.9623 -0.1283
vn -0.2697 -0.9623 -0.0355
vn -0.2665 -0.9624 -0.0530
vn -0.2709 -0.9623 -0.0267
vn -0.2697 0.9623 -0.0355
vn -0.2709 0.9623 -0.0267
vn -0.2665 0.9624 -0.0530
vn -0.1844 -0.9695 -0.1616
vn -0.1896 -0.9694 -0.1556
vn -0.1732 -0.9695 -0.1732
vn -0.1844 0.9695 -0.1616
vn -0.1732 0.9695 -0.1732
vn -0.1896 0.9694 -0.1556
vn 0.2045 -0.9623 -0.1794
vn 0.2104 -0.9623 -0.1727
vn 0.1922 -0.9624 -0.1922
vn 0.2045 0.9623 -0.1794
vn 0.1922 0.9624 -0.1922
vn 0.2104 0.9623 -0.1727
vn -0.2714 -0.9623 0.0177
vn -0.2718 -0.9624 -0.0000
vn -0.2709 -0.9623 0.0267
vn -0.2714 0.9623 0.0177
vn -0.2709 0.9623 0.0267
vn -0.2718 0.9624 -0.0000
vn -0.2124 -0.9695 -0.1225
vn -0.2037 -0.9695 -0.1361
vn -0.2124 0.9695 -0.1225
vn -0.2037 0.9695 -0.1361
vn 0.1655 -0.9623 -0.2158
vn 0.1727 -0.9623 -0.2104
vn 0.1510 -0.9624 -0.2260
vn 0.1655 0.9623 -0.2158
vn 0.1510 0.9624 -0.2260
vn 0.1727 0.9623 -0.2104
vn -0.2627 -0.9623 0.0704
vn -0.2665 -0.9624 0.0530
vn -0.2627 0.9623 0.0704
vn -0.2665 0.9624 0.0530
vn -0.2322 -0.9695 -0.0787
vn -0.2322 0.9695 -0.0787
vn 0.1203 -0.9623 -0.2440
vn 0.1283 -0.9623 -0.2400
vn 0.1040 -0.9624 -0.2511
vn 0.1203 0.9623 -0.2440
vn 0.1040 0.9624 -0.2511
vn 0.1283 0.9623 -0.2400
vn -0.2440 -0.9623 0.1203
vn -0.2440 0.9623 0.1203
vn -0.2431 -0.9695 -0.0319
vn -0.2431 0.9695 -0.0319
vn 0.0704 -0.9623 -0.2627
vn 0.0790 -0.9623 -0.2604
vn 0.0530 -0.9624 -0.2665
vn 0.0704 0.9623 -0.2627
vn 0.0530 0.9624 -0.2665
vn 0.0790 0.9623 -0.2604
vn -0.2158 -0.9623 0.1655
vn -0.2158 0.9623 0.1655
vn -0.2447 -0.9695 0.0161
vn -0.2447 0.9695 0.0161
vn 0.0177 -0.9623 -0.2714
vn 0.0267 -0.9623 -0.2709
vn 0.0177 0.9623 -0.2714
vn 0.0267 0.9623 -0.2709
vn -0.1794 -0.9623 0.2045
vn -0.1794 0.9623 0.2045
vn -0.2368 -0.9695 0.0635
vn -0.2368 0.9695 0.0635
vn -0.1360 -0.9623 0.2355
vn -0.1360 0.9623 0.2355
vn -0.2199 -0.9695 0.1085
vn -0.2199 0.9695 0.1085
vn -0.0875 -0.9623 0.2575
vn -0.0875 0.9623 0.2575
vn -0.1945 -0.9695 0.1493
vn -0.1945 0.9695 0.1493
vn -0.0355 -0.9623 0.2697
vn -0.0355 0.9623 0.2697
vn -0.1616 -0.9695 0.1844
vn -0.1616 0.9695 0.1844
vn 0.0177 -0.9623 0.2714
vn 0.0177 0.9623 0.2714
vn -0.1225 -0.9695 0.2124
vn -0.1225 0.9695 0.2124
vn 0.0704 -0.9623 0.2627
vn 0.0704 0.9623 0.2627
vn -0.0787 -0.9695 0.2322
vn -0.0787 0.9695 0.2322
vn 0.1203 -0.9623 0.2440
vn 0.1203 0.9623 0.2440
vn -0.0319 -0.9695 0.2431
vn -0.0319 0.9695 0.2431
vn 0.1655 -0.9623 0.2158
vn 0.1655 0.9623 0.2158
vn 0.0319 -0.9695 0.2431
vn 0.0478 -0.9695 0.2403
vn 0.0240 -0.9694 0.2442
vn 0.0319 0.9695 0.2431
vn 0.0240 0.9694 0.2442
vn 0.0478 0.9695 0.2403
vn 0.2045 -0.9623 0.1794
vn 0.2045 0.9623 0.1794
vn 0.0787 -0.9695 0.2322
vn 0.0712 -0.9694 0.2348
vn 0.0787 0.9695 0.2322
vn 0.0712 0.9694 0.2348
vn 0.2355 -0.9623 0.1360
vn 0.2355 0.9623 0.1360
vn 0.1225 -0.9695 0.2124
vn 0.1225 0.9695 0.2124
vn 0.2575 -0.9623 0.0875
vn 0.2575 0.9623 0.0875
vn 0.1616 -0.9695 0.1844
vn 0.1616 0.9695 0.1844
vn 0.2697 -0.9623 0.0355
vn 0.2697 0.9623 0.0355
vn 0.1945 -0.9695 0.1493
vn 0.1945 0.9695 0.1493
vn 0.2714 -0.9623 -0.0177
vn 0.2714 0.9623 -0.0177
vn 0.2199 -0.9695 0.1085
vn 0.2199 0.9695 0.1085
vn 0.2627 -0.9623 -0.0704
vn 0.2627 0.9623 -0.0704
vn 0.2368 -0.9695 0.0635
vn 0.2368 0.9695 0.0635
vn 0.2440 -0.9623 -0.1203
vn 0.2440 0.9623 -0.1203
vn 0.2447 -0.9695 0.0161
vn 0.2447 0.9695 0.0161
vn 0.2158 -0.9623 -0.1655
vn 0.2158 0.9623 -0.1655
vn 0.2431 -0.9695 -0.0319
vn 0.2431 0.9695 -0.0319
vn 0.1794 -0.9623 -0.2045
vn 0.1794 0.9623 -0.2045
vn 0.2322 -0.9695 -0.0787
vn 0.2322 0.9695 -0.0787
vn 0.1360 -0.9623 -0.2355
vn 0.1360 0.9623 -0.2355
vn 0.2124 -0.9695 -0.1225
vn 0.2124 0.9695 -0.1225
vn 0.0875 -0.9623 -0.2575
vn 0.0875 0.9623 -0.2575
vn 0.1844 -0.9695 -0.1616
vn 0.1844 0.9695 -0.1616
vn 0.0355 -0.9623 -0.2697
vn 0.0355 0.9623 -0.2697
vn 0.1493 -0.9695 -0.1945
vn 0.1493 0.9695 -0.1945
vn -0.0355 -0.9623 -0.2697
vn -0.0355 0.9623 -0.2697
vn 0.1085 -0.9695 -0.2199
vn 0.1085 0.9695 -0.2199
vn -0.0875 -0.9623 -0.2575
vn -0.0875 0.9623 -0.2575
vn 0.0635 -0.9695 -0.2368
vn 0.0635 0.9695 -0.2368
vn -0.1360 -0.9623 -0.2355
vn -0.1360 0.9623 -0.2355
vn 0.0161 -0.9695 -0.2447
vn 0.0161 0.9695 -0.2447
vn -0.1794 -0.9623 -0.2045
vn -0.1794 0.9623 -0.2045
vn -0.0319 -0.9695 -0.2431
vn -0.0319 0.9695 -0.2431
vn -0.2158 -0.9623 -0.1655
vn -0.2158 0.9623 -0.1655
vn -0.0787 -0.9695 -0.2322
vn -0.0787 0.9695 -0.2322
vn -0.2440 -0.9623 -0.1203
vn -0.2440 0.9623 -0.1203
vn -0.1225 -0.9695 -0.2124
vn -0.1225 0.9695 -0.2124
vn -0.2627 -0.9623 -0.0704
vn -0.2627 0.9623 -0.0704
vn -0.1616 -0.9695 -0.1844
vn -0.1616 0.9695 -0.1844
vn 0.0161 -0.9695 0.2447
vn 0.0161 0.9695 0.2447
vn -0.2714 -0.9623 -0.0177
vn -0.2714 0.9623 -0.0177
vn -0.1945 -0.9695 -0.1493
vn -0.1945 0.9695 -0.1493
vn 0.0635 -0.9695 0.2368
vn 0.0635 0.9695 0.2368
vn -0.2697 -0.9623 0.0355
vn -0.2697 0.9623 0.0355
vt -0.045618 0.463170
vt -0.040877 0.415027
vt -0.061282 0.412849
vt -0.068391 0.460740
vt -0.037279 0.378505
vt -0.055889 0.376519
vt -0.074320 0.373633
vt -0.081491 0.409685
vt -0.090944 0.457208
vt -0.101373 0.404875
vt -0.113133 0.451840
vt -0.092452 0.369246
vt -0.110406 0.363959
vt -0.121059 0.399078
vt -0.135102 0.445371
vt -0.140648 0.392961
vt -0.156963 0.438545
vt -0.128271 0.358380
vt -0.145784 0.351954
vt -0.159851 0.385915
vt -0.178394 0.430681
vt -0.178413 0.377318
vt -0.199108 0.421087
vt -0.162712 0.344114
vt -0.179289 0.335426
vt -0.196589 0.367792
vt -0.219393 0.410456
vt -0.214608 0.357971
vt -0.239503 0.399496
vt -0.195722 0.326470
vt -0.211646 0.316750
vt -0.232068 0.347314
vt -0.258988 0.387602
vt -0.248596 0.335262
vt -0.277433 0.374152
vt -0.226719 0.305759
vt -0.241283 0.294004
vt -0.264564 0.322373
vt -0.295254 0.359768
vt -0.280321 0.309225
vt -0.312838 0.345095
vt -0.255653 0.282013
vt -0.269374 0.269374
vt -0.295366 0.295366
vt -0.329629 0.329629
vt -0.309225 0.280321
vt -0.345095 0.312838
vt -0.282013 0.255653
vt -0.294004 0.241283
vt -0.322372 0.264564
vt -0.359768 0.295254
vt -0.335262 0.248596
vt -0.374152 0.277433
vt -0.305759 0.226719
vt -0.316750 0.211646
vt -0.347314 0.232068
vt -0.387602 0.258988
vt -0.357972 0.214608
vt -0.399496 0.239503
vt -0.326470 0.195723
vt -0.335426 0.179289
vt -0.367792 0.196589
vt -0.410456 0.219393
vt -0.377318 0.178413
vt -0.421087 0.199108
vt -0.344114 0.162712
vt -0.351954 0.145784
vt -0.385915 0.159851
vt -0.430681 0.178394
vt -0.392961 0.140648
vt -0.438545 0.156963
vt -0.358380 0.128271
vt -0.363959 0.110406
vt -0.399078 0.121059
vt -0.445371 0.135102
vt -0.404875 0.101373
vt -0.451840 0.113133
vt -0.369246 0.092452
vt -0.373633 0.074320
vt -0.409685 0.081491
vt -0.457208 0.090944
vt -0.412849 0.061282
vt -0.460740 0.068391
vt -0.376519 0.055889
vt -0.378505 0.037279
vt -0.415027 0.040877
vt -0.463170 0.045618
vt -0.416872 0.020438
vt -0.465229 0.022809
vt -0.380188 0.018640
vt -0.380952 -0.000000
vt -0.417711 -0.000000
vt -0.466165 -0.000000
vt -0.416872 -0.020438
vt -0.465229 -0.022809
vt -0.380188 -0.018640
vt -0.378505 -0.037279
vt -0.415027 -0.040877
vt -0.463170 -0.045618
vt -0.412849 -0.061282
vt -0.460740 -0.068391
vt -0.376519 -0.055889
vt -0.373633 -0.074320
vt -0.409685 -0.081491
vt -0.457208 -0.090944
vt -0.404875 -0.101373
vt -0.451840 -0.113133
vt -0.369246 -0.092452
vt -0.363959 -0.110406
vt -0.399078 -0.121059
vt -0.445371 -0.135102
vt -0.392961 -0.140648
vt -0.438545 -0.156963
vt -0.358380 -0.128271
vt -0.351954 -0.145784
vt -0.385915 -0.159851
vt -0.430681 -0.178394
vt -0.377318 -0.178413
vt -0.421087 -0.199108
vt -0.344114 -0.162712
vt -0.335426 -0.179289
vt -0.367792 -0.196589
vt -0.410456 -0.219393
vt -0.357971 -0.214608
vt -0.399496 -0.239503
vt -0.326470 -0.195722
vt -0.316750 -0.211646
vt -0.347314 -0.232068
vt -0.387602 -0.258988
vt -0.335262 -0.248596
vt -0.374152 -0.277433
vt -0.305759 -0.226719
vt -0.294004 -0.241283
vt -0.322372 -0.264564
vt -0.359768 -0.295254
vt -0.309225 -0.280321
vt -0.345095 -0.312838
vt -0.282013 -0.255653
vt -0.269374 -0.269374
vt -0.295366 -0.295366
vt -0.329629 -0.329629
vt -0.280321 -0.309225
vt -0.312838 -0.345095
vt -0.255653 -0.282013
vt -0.241283 -0.294004
vt -0.264564 -0.322373
vt -0.295254 -0.359768
vt -0.248596 -0.335262
vt -0.277433 -0.374152
vt -0.226719 -0.305759
vt -0.211646 -0.316750
vt -0.232068 -0.347314
vt -0.258988 -0.387602
vt -0.214608 -0.357972
vt -0.239503 -0.399496
vt -0.195723 -0.326470
vt -0.179289 -0.335426
vt -0.196589 -0.367792
vt -0.219393 -0.410456
vt -0.178413 -0.377318
vt -0.199108 -0.421087
vt -0.162712 -0.344114
vt -0.145784 -0.351954
vt -0.159851 -0.385915
vt -0.178394 -0.430681
vt -0.140648 -0.392961
vt -0.156963 -0.438545
vt -0.128271 -0.358381
vt -0.110406 -0.363959
vt -0.121059 -0.399078
vt -0.135102 -0.445371
vt -0.101373 -0.404875
vt -0.113133 -0.451840
vt -0.092452 -0.369246
vt -0.074320 -0.373633
vt -0.081491 -0.409685
vt -0.090944 -0.457208
vt -0.061282 -0.412849
vt -0.068391 -0.460740
vt -0.055889 -0.376519
vt -0.037279 -0.378505
vt -0.040877 -0.415027
vt -0.045618 -0.463170
vt -0.020438 -0.416872
vt -0.022809 -0.465229
vt -0.018640 -0.380188
vt 0.000000 -0.380952
vt 0.000000 -0.417711
vt 0.000000 -0.466165
vt 0.020438 -0.416872
vt 0.022809 -0.465229
vt 0.018640 -0.380188
vt 0.037279 -0.378505
vt 0.040877 -0.415027
vt 0.045618 -0.463170
vt 0.061282 -0.412849
vt 0.068391 -0.460740
vt 0.055889 -0.376519
vt 0.074320 -0.373633
vt 0.081491 -0.409685
vt 0.090944 -0.457208
vt 0.101373 -0.404875
vt 0.113133 -0.451840
vt 0.092452 -0.369246
vt 0.110406 -0.363959
vt 0.121059 -0.399078
vt 0.135102 -0.445371
vt 0.140648 -0.392961
vt 0.156963 -0.438545
vt 0.128271 -0.358381
vt 0.145784 -0.351954
vt 0.159851 -0.385915
vt 0.178394 -0.430681
vt 0.178413 -0.377318
vt 0.199108 -0.421087
vt 0.162712 -0.344114
vt 0.179289 -0.335426
vt 0.196589 -0.367792
vt 0.219393 -0.410456
vt 0.214608 -0.357972
vt 0.239503 -0.399496
vt 0.195722 -0.326470
vt 0.211646 -0.316750
vt 0.232068 -0.347314
vt 0.258988 -0.387602
vt 0.248596 -0.335262
vt 0.277433 -0.374152
vt 0.226719 -0.305759
vt 0.241283 -0.294004
vt 0.264564 -0.322373
vt 0.295254 -0.359768
vt 0.280321 -0.309225
vt 0.312838 -0.345095
vt 0.255653 -0.282013
vt 0.269374 -0.269374
vt 0.295366 -0.295366
vt 0.329629 -0.329629
vt 0.309225 -0.280321
vt 0.345095 -0.312838
vt 0.282013 -0.255653
vt 0.294004 -0.241283
vt 0.322372 -0.264564
vt 0.359768 -0.295254
vt 0.335262 -0.248596
vt 0.374152 -0.277433
vt 0.305759 -0.226719
vt 0.316750 -0.211646
vt 0.347314 -0.232068
vt 0.387602 -0.258988
vt 0.357972 -0.214608
vt 0.399496 -0.239503
vt 0.326470 -0.195722
vt 0.335426 -0.179289
vt 0.367792 -0.196589
vt 0.410456 -0.219393
vt 0.377318 -0.178413
vt 0.421087 -0.199108
vt 0.344114 -0.162712
vt 0.351954 -0.145784
vt 0.385915 -0.159851
vt 0.430681 -0.178394
vt 0.392961 -0.140648
vt 0.438545 -0.156963
vt 0.358380 -0.128271
vt 0.363959 -0.110406
vt 0.399078 -0.121059
vt 0.445371 -0.135102
vt 0.404875 -0.101373
vt 0.451840 -0.113133
vt 0.369246 -0.092452
vt 0.373633 -0.074320
vt 0.409685 -0.081491
vt 0.457208 -0.090944
vt 0.412849 -0.061282
vt 0.460740 -0.068391
vt 0.376519 -0.055889
vt 0.378505 -0.037279
vt 0.415027 -0.040877
vt 0.463170 -0.045618
vt 0.416872 -0.020438
vt 0.465229 -0.022809
vt 0.380188 -0.018640
vt 0.380952 -0.000000
vt 0.417711 -0.000000
vt 0.466165 -0.000000
vt 0.416872 0.020438
vt 0.465229 0.022809
vt 0.380188 0.018640
vt 0.378505 0.037279
vt 0.415027 0.040877
vt 0.463170 0.045618
vt 0.412849 0.061282
vt 0.460740 0.068391
vt 0.376519 0.055889
vt 0.373633 0.074320
vt 0.409685 0.081491
vt 0.457208 0.090944
vt 0.404875 0.101373
vt 0.451840 0.113133
vt 0.369246 0.092452
vt 0.363959 0.110406
vt 0.399078 0.121059
vt 0.445371 0.135102
vt 0.392961 0.140648
vt 0.438545 0.156963
vt 0.358380 0.128271
vt 0.351954 0.145784
vt 0.385915 0.159851
vt 0.430681 0.178394
vt 0.377318 0.178413
vt 0.421087 0.199108
vt 0.344114 0.162712
vt 0.335426 0.179289
vt 0.367792 0.196589
vt 0.410456 0.219393
vt 0.357971 0.214608
vt 0.399496 0.239503
vt 0.326470 0.195722
vt 0.316750 0.211646
vt 0.347314 0.232068
vt 0.387602 0.258988
vt 0.335262 0.248596
vt 0.374152 0.277433
vt 0.305759 0.226719
vt 0.294004 0.241283
vt 0.322373 0.264564
vt 0.359768 0.295254
vt 0.309225 0.280321
vt 0.345095 0.312838
vt 0.282013 0.255653
vt 0.269374 0.269374
vt 0.295366 0.295366
vt 0.329629 0.329629
vt 0.280321 0.309225
vt 0.312838 0.345095
vt 0.255653 0.282013
vt 0.241283 0.294004
vt 0.264564 0.322372
vt 0.295254 0.359768
vt 0.248596 0.335262
vt 0.277433 0.374152
vt 0.226719 0.305759
vt 0.211646 0.316750
vt 0.232068 0.347314
vt 0.258988 0.387602
vt 0.214608 0.357972
vt 0.239503 0.399496
vt 0.195723 0.326470
vt 0.179289 0.335426
vt 0.196589 0.367792
vt 0.219393 0.410456
vt 0.178413 0.377318
vt 0.199108 0.421087
vt 0.162712 0.344114
vt 0.145784 0.351954
vt 0.159851 0.385915
vt 0.178394 0.430681
vt 0.140648 0.392961
vt 0.156963 0.438545
vt 0.128271 0.358380
vt 0.110406 0.363959
vt 0.121059 0.399078
vt 0.135102 0.445371
vt 0.101373 0.404875
vt 0.113133 0.451840
vt 0.092452 0.369246
vt 0.074320 0.373633
vt 0.081491 0.409685
vt 0.090944 0.457208
vt 0.061282 0.412849
vt 0.068391 0.460740
vt 0.055889 0.376519
vt 0.037279 0.378505
vt 0.040877 0.415027
vt 0.045618 0.463170
vt 0.020438 0.416872
vt 0.022809 0.465229
vt 0.018640 0.380187
vt 0.000000 0.380952
vt 0.000000 0.417711
vt 0.000000 0.466165
vt -0.020438 0.416872
vt -0.022809 0.465229
vt -0.018640 0.380187
vt -0.055889 0.376519
vt -0.113133 0.451840
vt -0.135102 0.445371
vt -0.121059 0.399078
vt -0.110406 0.363959
vt -0.156963 0.438545
vt -0.140648 0.392961
vt -0.159851 0.385915
vt -0.128271 0.358381
vt -0.199108 0.421087
vt -0.178413 0.377318
vt -0.239502 0.399496
vt -0.214608 0.357972
vt -0.232068 0.347314
vt -0.211646 0.316750
vt -0.248596 0.335262
vt -0.264564 0.322372
vt -0.280321 0.309225
vt -0.255653 0.282013
vt -0.282013 0.255653
vt -0.316750 0.211646
vt -0.367792 0.196589
vt -0.326470 0.195722
vt -0.399078 0.121059
vt -0.363959 0.110406
vt -0.457208 0.090944
vt -0.373632 0.074320
vt -0.463170 0.045618
vt -0.415027 0.040877
vt -0.376519 0.055889
vt -0.380952 -0.000000
vt -0.376519 -0.055889
vt -0.451840 -0.113133
vt -0.445371 -0.135102
vt -0.399078 -0.121059
vt -0.363959 -0.110406
vt -0.438545 -0.156963
vt -0.392961 -0.140648
vt -0.385915 -0.159851
vt -0.358381 -0.128271
vt -0.377318 -0.178413
vt -0.344114 -0.162712
vt -0.399496 -0.239502
vt -0.357972 -0.214608
vt -0.347314 -0.232068
vt -0.316750 -0.211646
vt -0.335262 -0.248596
vt -0.309225 -0.280321
vt -0.269374 -0.269374
vt -0.282013 -0.255653
vt -0.280321 -0.309225
vt -0.255653 -0.282013
vt -0.211646 -0.316750
vt -0.214608 -0.357972
vt -0.196589 -0.367792
vt -0.195722 -0.326470
vt -0.199108 -0.421087
vt -0.121059 -0.399078
vt -0.110406 -0.363959
vt -0.074320 -0.373632
vt -0.092452 -0.369246
vt -0.045618 -0.463170
vt -0.040877 -0.415027
vt -0.055889 -0.376519
vt 0.000000 -0.380952
vt 0.055889 -0.376519
vt 0.113133 -0.451840
vt 0.135102 -0.445371
vt 0.121059 -0.399078
vt 0.110406 -0.363959
vt 0.156963 -0.438545
vt 0.140648 -0.392961
vt 0.159851 -0.385915
vt 0.128271 -0.358381
vt 0.178413 -0.377318
vt 0.239503 -0.399496
vt 0.214608 -0.357972
vt 0.232068 -0.347314
vt 0.211646 -0.316750
vt 0.248596 -0.335262
vt 0.280321 -0.309225
vt 0.295366 -0.295366
vt 0.269374 -0.269374
vt 0.255653 -0.282014
vt 0.309225 -0.280321
vt 0.335262 -0.248596
vt 0.316750 -0.211646
vt 0.357972 -0.214608
vt 0.367792 -0.196589
vt 0.326470 -0.195722
vt 0.351954 -0.145784
vt 0.392961 -0.140648
vt 0.399078 -0.121059
vt 0.363959 -0.110406
vt 0.373632 -0.074320
vt 0.463170 -0.045618
vt 0.415027 -0.040877
vt 0.376519 -0.055889
vt 0.380952 -0.000000
vt 0.376519 0.055889
vt 0.451840 0.113133
vt 0.445371 0.135102
vt 0.399078 0.121059
vt 0.363959 0.110406
vt 0.438545 0.156963
vt 0.392961 0.140648
vt 0.385915 0.159851
vt 0.358381 0.128271
vt 0.377318 0.178413
vt 0.399496 0.239502
vt 0.357972 0.214608
vt 0.347314 0.232068
vt 0.316750 0.211646
vt 0.335262 0.248596
vt 0.322372 0.264564
vt 0.309225 0.280321
vt 0.295366 0.295366
vt 0.282013 0.255653
vt 0.248596 0.335262
vt 0.211646 0.316750
vt 0.196589 0.367792
vt 0.195722 0.326470
vt 0.135102 0.445371
vt 0.121059 0.399078
vt 0.110406 0.363959
vt 0.113133 0.451840
vt 0.090944 0.457208
vt 0.074320 0.373632
vt 0.045618 0.463170
vt 0.040877 0.415027
vt 0.055889 0.376519
vt 0.000000 0.380952
vt -0.020438 0.416872
vt 0.303364 -0.143444
vt 0.310275 -0.128520
vt 0.295705 -0.158058
vt -0.143444 0.303364
vt -0.158058 0.295705
vt -0.128520 0.310275
vt -0.470374 -0.168355
vt -0.477696 -0.144908
vt -0.461940 -0.191342
vt 0.325519 -0.081504
vt 0.329387 -0.065519
vt 0.320858 -0.097331
vt -0.199871 0.269550
vt -0.212710 0.259187
vt -0.186582 0.279240
vt -0.428492 -0.256886
vt -0.440247 -0.235317
vt -0.415735 -0.277785
vt 0.335165 -0.016432
vt 0.335840 -0.000000
vt 0.333682 -0.032865
vt -0.248617 0.225378
vt -0.259187 0.212710
vt -0.237474 0.237475
vt -0.370143 -0.335544
vt -0.385880 -0.316684
vt -0.353553 -0.353553
vt 0.331931 0.049271
vt 0.329387 0.065519
vt 0.333682 0.032865
vt -0.287809 0.172545
vt -0.295705 0.158058
vt -0.279240 0.186583
vt -0.297569 -0.401308
vt -0.316683 -0.385880
vt -0.277785 -0.415735
vt 0.315941 0.113081
vt 0.310275 0.128520
vt 0.320858 0.097331
vt -0.315941 0.113081
vt -0.320858 0.097331
vt -0.310275 0.128520
vt -0.213560 -0.451650
vt -0.235317 -0.440247
vt -0.191342 -0.461940
vt 0.287809 0.172545
vt 0.279240 0.186583
vt 0.295705 0.158058
vt -0.331931 0.049271
vt -0.333682 0.032865
vt -0.329387 0.065519
vt -0.121344 -0.484635
vt -0.144908 -0.477696
vt -0.097545 -0.490393
vt 0.248617 0.225378
vt 0.237475 0.237475
vt 0.259187 0.212710
vt -0.335165 -0.016432
vt -0.333682 -0.032865
vt -0.335840 -0.000000
vt -0.024465 -0.498996
vt -0.048929 -0.496787
vt 0.000000 -0.500000
vt 0.199871 0.269550
vt 0.186583 0.279240
vt 0.212710 0.259187
vt -0.325519 -0.081504
vt -0.320858 -0.097331
vt -0.329387 -0.065519
vt 0.073355 -0.494181
vt 0.048929 -0.496787
vt 0.097545 -0.490393
vt 0.143444 0.303364
vt 0.128520 0.310275
vt 0.158058 0.295705
vt -0.303364 -0.143444
vt -0.295705 -0.158058
vt -0.310275 -0.128520
vt 0.168355 -0.470374
vt 0.144908 -0.477696
vt 0.191342 -0.461940
vt 0.081504 0.325519
vt 0.065519 0.329387
vt 0.097331 0.320858
vt -0.269550 -0.199871
vt -0.259187 -0.212710
vt -0.279240 -0.186583
vt 0.256886 -0.428492
vt 0.235317 -0.440247
vt 0.277785 -0.415735
vt 0.016432 0.335165
vt 0.000000 0.335840
vt 0.032865 0.333682
vt -0.225378 -0.248617
vt -0.212710 -0.259187
vt -0.237474 -0.237475
vt 0.335544 -0.370143
vt 0.316683 -0.385880
vt 0.353553 -0.353553
vt -0.024465 0.498996
vt 0.000000 0.500000
vt -0.048929 0.496787
vt -0.172545 -0.287809
vt -0.158058 -0.295705
vt -0.186582 -0.279240
vt 0.401308 -0.297569
vt 0.385880 -0.316684
vt 0.415735 -0.277785
vt -0.121344 0.484635
vt -0.097545 0.490393
vt -0.144908 0.477696
vt -0.113081 -0.315941
vt -0.097331 -0.320859
vt -0.128520 -0.310275
vt 0.451650 -0.213560
vt 0.440247 -0.235317
vt 0.461940 -0.191342
vt -0.213560 0.451650
vt -0.191342 0.461940
vt -0.235317 0.440247
vt -0.049271 -0.331931
vt -0.032865 -0.333682
vt -0.065519 -0.329387
vt 0.484635 -0.121344
vt 0.477696 -0.144908
vt 0.490393 -0.097545
vt -0.297569 0.401308
vt -0.277785 0.415735
vt -0.316683 0.385880
vt 0.016432 -0.335165
vt 0.032865 -0.333682
vt 0.000000 -0.335840
vt 0.498996 -0.024465
vt 0.496787 -0.048929
vt 0.500000 -0.000000
vt -0.370143 0.335544
vt -0.353553 0.353553
vt -0.385880 0.316683
vt 0.081504 -0.325519
vt 0.097331 -0.320859
vt 0.065519 -0.329387
vt 0.494181 0.073355
vt 0.496787 0.048929
vt 0.490393 0.097545
vt -0.428492 0.256886
vt -0.415735 0.277785
vt -0.440247 0.235317
vt 0.143444 -0.303364
vt 0.158058 -0.295705
vt 0.128520 -0.310275
vt 0.470374 0.168355
vt 0.477696 0.144908
vt 0.461940 0.191342
vt -0.470374 0.168355
vt -0.461940 0.191342
vt -0.477696 0.144908
vt 0.199871 -0.269550
vt 0.212710 -0.259187
vt 0.186583 -0.279240
vt 0.428492 0.256886
vt 0.440247 0.235317
vt 0.415735 0.277785
vt -0.494181 0.073355
vt -0.490393 0.097545
vt -0.496787 0.048929
vt 0.248617 -0.225378
vt 0.259187 -0.212710
vt 0.237475 -0.237475
vt 0.370143 0.335544
vt 0.385880 0.316683
vt 0.353553 0.353553
vt -0.498996 -0.024465
vt -0.500000 -0.000000
vt -0.496787 -0.048929
vt 0.287809 -0.172545
vt 0.279240 -0.186583
vt 0.297569 0.401308
vt 0.316683 0.385880
vt 0.277785 0.415735
vt -0.484635 -0.121344
vt -0.490393 -0.097545
vt 0.315941 -0.113081
vt 0.213560 0.451650
vt 0.235317 0.440247
vt 0.191342 0.461940
vt -0.451650 -0.213560
vt 0.331931 -0.049271
vt 0.121344 0.484635
vt 0.144908 0.477696
vt 0.097545 0.490393
vt -0.401308 -0.297569
vt 0.335165 0.016432
vt 0.024465 0.498996
vt 0.048929 0.496787
vt -0.335544 -0.370143
vt 0.325519 0.081504
vt -0.256886 -0.428492
vt 0.303364 0.143444
vt -0.168355 -0.470374
vt 0.269550 0.199871
vt -0.073355 -0.494181
vt 0.225378 0.248617
vt 0.024465 -0.498996
vt 0.172545 0.287809
vt 0.121344 -0.484635
vt 0.113081 0.315941
vt 0.213560 -0.451650
vt 0.049271 0.331931
vt 0.297569 -0.401308
vt -0.049271 0.331931
vt -0.065519 0.329387
vt -0.032865 0.333682
vt 0.370143 -0.335544
vt -0.113081 0.315941
vt -0.097331 0.320858
vt 0.428492 -0.256886
vt -0.172545 0.287809
vt 0.470374 -0.168355
vt -0.225378 0.248617
vt 0.494181 -0.073355
vt -0.269550 0.199871
vt 0.498996 0.024465
vt -0.303364 0.143444
vt 0.484635 0.121344
vt -0.325519 0.081504
vt 0.451650 0.213560
vt -0.335165 0.016432
vt 0.401308 0.297569
vt -0.331931 -0.049271
vt 0.335544 0.370143
vt -0.315941 -0.113081
vt 0.256886 0.428492
vt -0.287809 -0.172545
vt 0.168355 0.470374
vt -0.248617 -0.225378
vt 0.073355 0.494181
vt -0.199871 -0.269550
vt -0.073355 0.494181
vt -0.143444 -0.303364
vt -0.168355 0.470374
vt -0.081504 -0.325519
vt -0.256886 0.428492
vt -0.016432 -0.335165
vt -0.335544 0.370143
vt 0.049271 -0.331931
vt -0.401308 0.297569
vt 0.113081 -0.315941
vt -0.451650 0.213560
vt 0.172545 -0.287809
vt -0.484635 0.121344
vt 0.225378 -0.248617
vt -0.016432 0.335165
vt -0.498996 0.024465
vt 0.269550 -0.199871
vt -0.081504 0.325519
vt -0.494181 -0.073355
s 1
f 97/1/1 385/2/2 769/3/3 353/4/4
f 385/2/2 33/5/5 289/6/6 769/3/3
f 769/3/3 289/6/6 2/7/7 386/8/8
f 353/4/4 769/3/3 386/8/8 66/9/9
f 66/9/9 386/8/8 770/10/10 322/11/11
f 386/8/8 2/7/7 258/12/12 770/10/10
f 770/10/10 258/12/12 34/13/13 387/14/14
f 322/11/11 770/10/10 387/14/14 98/15/15
f 98/15/15 387/14/14 771/16/16 354/17/17
f 387/14/14 34/13/13 290/18/18 771/16/16
f 771/16/16 290/18/18 3/19/19 388/20/20
f 354/17/17 771/16/16 388/20/20 67/21/21
f 67/21/21 388/20/20 772/22/22 323/23/23
f 388/20/20 3/19/19 259/24/24 772/22/22
f 772/22/22 259/24/24 35/25/25 389/26/26
f 323/23/23 772/22/22 389/26/26 99/27/27
f 99/27/27 389/26/26 773/28/28 355/29/29
f 389/26/26 35/25/25 291/30/30 773/28/28
f 773/28/28 291/30/30 4/31/31 390/32/32
f 355/29/29 773/28/28 390/32/32 68/33/33
f 68/33/33 390/32/32 774/34/34 324/35/35
f 390/32/32 4/31/31 260/36/36 774/34/34
f 774/34/34 260/36/36 36/37/37 391/38/38
f 324/35/35 774/34/34 391/38/38 100/39/39
f 100/39/39 391/38/38 775/40/40 356/41/41
f 391/38/38 36/37/37 292/42/42 775/40/40
f 775/40/40 292/42/42 5/43/43 392/44/44
f 356/41/41 775/40/40 392/44/44 69/45/45
f 69/45/45 392/44/44 776/46/46 325/47/47
f 392/44/44 5/43/43 261/48/48 776/46/46
f 776/46/46 261/48/48 37/49/49 393/50/50
f 325/47/47 776/46/46 393/50/50 101/51/51
f 101/51/51 393/50/50 777/52/52 357/53/53
f 393/50/50 37/49/49 293/54/54 777/52/52
f 777/52/52 293/54/54 6/55/55 394/56/56
f 357/53/53 777/52/52 394/56/56 70/57/57
f 70/57/57 394/56/56 778/58/58 326/59/59
f 394/56/56 6/55/55 262/60/60 778/58/58
f 778/58/58 262/60/60 38/61/61 395/62/62
f 326/59/59 778/58/58 395/62/62 102/63/63
f 102/63/63 395/62/62 779/64/64 358/65/65
f 395/62/62 38/61/61 294/66/66 779/64/64
f 779/64/64 294/66/66 7/67/67 396/68/68
f 358/65/65 779/64/64 396/68/68 71/69/69
f 71/69/69 396/68/68 780/70/70 327/71/71
f 396/68/68 7/67/67 263/72/72 780/70/70
f 780/70/70 263/72/72 39/73/73 397/74/74
f 327/71/71 780/70/70 397/74/74 103/75/75
f 103/75/75 397/74/74 781/76/76 359/77/77
f 397/74/74 39/73/73 295/78/78 781/76/76
f 781/76/76 295/78/78 8/79/79 398/80/80
f 359/77/77 781/76/76 398/80/80 72/81/81
f 72/81/81 398/80/80 782/82/82 328/83/83
f 398/80/80 8/79/79 264/84/84 782/82/82
f 782/82/82 264/84/84 40/85/85 399/86/86
f 328/83/83 782/82/82 399/86/86 104/87/87
f 104/87/87 399/86/86 783/88/88 360/89/89
f 399/86/86 40/85/85 296/90/90 783/88/88
f 783/88/88 296/90/90 9/91/91 400/92/92
f 360/89/89 783/88/88 400/92/92 73/93/93
f 73/93/93 400/92/92 784/94/94 329/95/95
f 400/92/92 9/91/91 265/96/96 784/94/94
f 784/94/94 265/96/96 41/97/97 401/98/98
f 329/95/95 784/94/94 401/98/98 105/99/99
f 105/99/99 401/98/98 785/100/100 361/101/101
f 401/98/98 41/97/97 297/102/102 785/100/100
f 785/100/100 297/102/102 10/103/103 402/104/104
f 361/101/101 785/100/100 402/104/104 74/105/105
f 74/105/105 402/104/104 786/106/106 330/107/107
f 402/104/104 10/103/103 266/108/108 786/106/106
f 786/106/106 266/108/108 42/109/109 403/110/110
f 330/107/107 786/106/106 403/110/110 106/111/111
f 106/111/111 403/110/110 787/112/112 362/113/113
f 403/110/110 42/109/109 298/114/114 787/112/112
f 787/112/112 298/114/114 11/115/115 404/116/116
f 362/113/113 787/112/112 404/116/116 75/117/117
f 75/117/117 404/116/116 788/118/118 331/119/119
f 404/116/116 11/115/115 267/120/120 788/118/118
f 788/118/118 267/120/120 43/121/121 405/122/122
f 331/119/119 788/118/118 405/122/122 107/123/123
f 107/123/123 405/122/122 789/124/124 363/125/125
f 405/122/122 43/121/121 299/126/126 789/124/124
f 789/124/124 299/126/126 12/127/127 406/128/128
f 363/125/125 789/124/124 406/128/128 76/129/129
f 76/129/129 406/128/128 790/130/130 332/131/131
f 406/128/128 12/127/127 268/132/132 790/130/130
f 790/130/130 268/132/132 44/133/133 407/134/134
f 332/131/131 790/130/130 407/134/134 108/135/135
f 108/135/135 407/134/134 791/136/136 364/137/137
f 407/134/134 44/133/133 300/138/138 791/136/136
f 791/136/136 300/138/138 13/139/139 408/140/140
f 364/137/137 791/136/136 408/140/140 77/141/141
f 77/141/141 408/140/140 792/142/142 333/143/143
f 408/140/140 13/139/139 269/144/144 792/142/142
f 792/142/142 269/144/144 45/145/145 409/146/146
f 333/143/143 792/142/142 409/146/146 109/147/147
f 109/147/147 409/146/146 793/148/148 365/149/149
f 409/146/146 45/145/145 301/150/150 793/148/148
f 793/148/148 301/150/150 14/151/151 410/152/152
f 365/149/149 793/148/148 410/152/152 78/153/153
f 78/153/153 410/152/152 794/154/154 334/155/155
f 410/152/152 14/151/151 270/156/156 794/154/154
f 794/154/154 270/156/156 46/157/157 411/158/158
f 334/155/155 794/154/154 411/158/158 110/159/159
f 110/159/159 411/158/158 795/160/160 366/161/161
f 411/158/158 46/157/157 302/162/162 795/160/160
f 795/160/160 302/162/162 15/163/163 412/164/164
f 366/161/161 795/160/160 412/164/164 79/165/165
f 79/165/165 412/164/164 796/166/166 335/167/167
f 412/164/164 15/163/163 271/168/168 796/166/166
f 796/166/166 271/168/168 47/169/169 413/170/170
f 335/167/167 796/166/166 413/170/170 111/171/171
f 111/171/171 413/170/170 797/172/172 367/173/173
f 413/170/170 47/169/169 303/174/174 797/172/172
f 797/172/172 303/174/174 16/175/175 414/176/176
f 367/173/173 797/172/172 414/176/176 80/177/177
f 80/177/177 414/176/176 798/178/178 336/179/179
f 414/176/176 16/175/175 272/180/180 798/178/178
f 798/178/178 272/180/180 48/181/181 415/182/182
f 336/179/179 798/178/178 415/182/182 112/183/183
f 112/183/183 415/182/182 799/184/184 368/185/185
f 415/182/182 48/181/181 304/186/186 799/184/184
f 799/184/184 304/186/186 17/187/187 416/188/188
f 368/185/185 799/184/184 416/188/188 81/189/189
f 81/189/189 416/188/188 800/190/190 337/191/191
f 416/188/188 17/187/187 273/192/192 800/190/190
f 800/190/190 273/192/192 49/193/193 417/194/194
f 337/191/191 800/190/190 417/194/194 113/195/195
f 113/195/195 417/194/194 801/196/196 369/197/197
f 417/194/194 49/193/193 305/198/198 801/196/196
f 801/196/196 305/198/198 18/199/199 418/200/200
f 369/197/197 801/196/196 418/200/200 82/201/201
f 82/201/201 418/200/200 802/202/202 338/203/203
f 418/200/200 18/199/199 274/204/204 802/202/202
f 802/202/202 274/204/204 50/205/205 419/206/206
f 338/203/203 802/202/202 419/206/206 114/207/207
f 114/207/207 419/206/206 803/208/208 370/209/209
f 419/206/206 50/205/205 306/210/210 803/208/208
f 803/208/208 306/210/210 19/211/211 420/212/212
f 370/209/209 803/208/208 420/212/212 83/213/213
f 83/213/213 420/212/212 804/214/214 339/215/215
f 420/212/212 19/211/211 275/216/216 804/214/214
f 804/214/214 275/216/216 51/217/217 421/218/218
f 339/215/215 804/214/214 421/218/218 115/219/219
f 115/219/219 421/218/218 805/220/220 371/221/221
f 421/218/218 51/217/217 307/222/222 805/220/220
f 805/220/220 307/222/222 20/223/223 422/224/224
f 371/221/221 805/220/220 422/224/224 84/225/225
f 84/225/225 422/224/224 806/226/226 340/227/227
f 422/224/224 20/223/223 276/228/228 806/226/226
f 806/226/226 276/228/228 52/229/229 423/230/230
f 340/227/227 806/226/226 423/230/230 116/231/231
f 116/231/231 423/230/230 807/232/232 372/233/233
f 423/230/230 52/229/229 308/234/234 807/232/232
f 807/232/232 308/234/234 21/235/235 424/236/236
f 372/233/233 807/232/232 424/236/236 85/237/237
f 85/237/237 424/236/236 808/238/238 341/239/239
f 424/236/236 21/235/235 277/240/240 808/238/238
f 808/238/238 277/240/240 53/241/241 425/242/242
f 341/239/239 808/238/238 425/242/242 117/243/243
f 117/243/243 425/242/242 809/244/244 373/245/245
f 425/242/242 53/241/241 309/246/246 809/244/244
f 809/244/244 309/246/246 22/247/247 426/248/248
f 373/245/245 809/244/244 426/248/248 86/249/249
f 86/249/249 426/248/248 810/250/250 342/251/251
f 426/248/248 22/247/247 278/252/252 810/250/250
f 810/250/250 278/252/252 54/253/253 427/254/254
f 342/251/251 810/250/250 427/254/254 118/255/255
f 118/255/255 427/254/254 811/256/256 374/257/257
f 427/254/254 54/253/253 310/258/258 811/256/256
f 811/256/256 310/258/258 23/259/259 428/260/260
f 374/257/257 811/256/256 428/260/260 87/261/261
f 87/261/261 428/260/260 812/262/262 343/263/263
f 428/260/260 23/259/259 279/264/264 812/262/262
f 812/262/262 279/264/264 55/265/265 429/266/266
f 343/263/263 812/262/262 429/266/266 119/267/267
f 119/267/267 429/266/266 813/268/268 375/269/269
f 429/266/266 55/265/265 311/270/270 813/268/268
f 813/268/268 311/270/270 24/271/271 430/272/272
f 375/269/269 813/268/268 430/272/272 88/273/273
f 88/273/273 430/272/272 814/274/274 344/275/275
f 430/272/272 24/271/271 280/276/276 814/274/274
f 814/274/274 280/276/276 56/277/277 431/278/278
f 344/275/275 814/274/274 431/278/278 120/279/279
f 120/279/279 431/278/278 815/280/280 376/281/281
f 431/278/278 56/277/277 312/282/282 815/280/280
f 815/280/280 312/282/282 25/283/283 432/284/284
f 376/281/281 815/280/280 432/284/284 89/285/285
f 89/285/285 432/284/284 816/286/286 345/287/287
f 432/284/284 25/283/283 281/288/288 816/286/286
f 816/286/286 281/288/288 57/289/289 433/290/290
f 345/287/287 816/286/286 433/290/290 121/291/291
f 121/291/291 433/290/290 817/292/292 377/293/293
f 433/290/290 57/289/289 313/294/294 817/292/292
f 817/292/292 313/294/294 26/295/295 434/296/296
f 377/293/293 817/292/292 434/296/296 90/297/297
f 90/297/297 434/296/296 818/298/298 346/299/299
f 434/296/296 26/295/295 282/300/300 818/298/298
f 818/298/298 282/300/300 58/301/301 435/302/302
f 346/299/299 818/298/298 435/302/302 122/303/303
f 122/303/303 435/302/302 819/304/304 378/305/305
f 435/302/302 58/301/301 314/306/306 819/304/304
f 819/304/304 314/306/306 27/307/307 436/308/308
f 378/305/305 819/304/304 436/308/308 91/309/309
f 91/309/309 436/308/308 820/310/310 347/311/311
f 436/308/308 27/307/307 283/312/312 820/310/310
f 820/310/310 283/312/312 59/313/313 437/314/314
f 347/311/311 820/310/310 437/314/314 123/315/315
f 123/315/315 437/314/314 821/316/316 379/317/317
f 437/314/314 59/313/313 315/318/318 821/316/316
f 821/316/316 315/318/318 28/319/319 438/320/320
f 379/317/317 821/316/316 438/320/320 92/321/321
f 92/321/321 438/320/320 822/322/322 348/323/323
f 438/320/320 28/319/319 284/324/324 822/322/322
f 822/322/322 284/324/324 60/325/325 439/326/326
f 348/323/323 822/322/322 439/326/326 124/327/327
f 124/327/327 439/326/326 823/328/328 380/329/329
f 439/326/326 60/325/325 316/330/330 823/328/328
f 823/328/328 316/330/330 29/331/331 440/332/332
f 380/329/329 823/328/328 440/332/332 93/333/333
f 93/333/333 440/332/332 824/334/334 349/335/335
f 440/332/332 29/331/331 285/336/336 824/334/334
f 824/334/334 285/336/336 61/337/337 441/338/338
f 349/335/335 824/334/334 441/338/338 125/339/339
f 125/339/339 441/338/338 825/340/340 381/341/341
f 441/338/338 61/337/337 317/342/342 825/340/340
f 825/340/340 317/342/342 30/343/343 442/344/344
f 381/341/341 825/340/340 442/344/344 94/345/345
f 94/345/345 442/344/344 826/346/346 350/347/347
f 442/344/344 30/343/343 286/348/348 826/346/346
f 826/346/346 286/348/348 62/349/349 443/350/350
f 350/347/347 826/346/346 443/350/350 126/351/351
f 126/351/351 443/350/350 827/352/352 382/353/353
f 443/350/350 62/349/349 318/354/354 827/352/352
f 827/352/352 318/354/354 31/355/355 444/356/356
f 382/353/353 827/352/352 444/356/356 95/357/357
f 95/357/357 444/356/356 828/358/358 351/359/359
f 444/356/356 31/355/355 287/360/360 828/358/358
f 828/358/358 287/360/360 63/361/361 445/362/362
f 351/359/359 828/358/358 445/362/362 127/363/363
f 127/363/363 445/362/362 829/364/364 383/365/365
f 445/362/362 63/361/361 319/366/366 829/364/364
f 829/364/364 319/366/366 32/367/367 446/368/368
f 383/365/365 829/364/364 446/368/368 96/369/369
f 96/369/369 446/368/368 830/370/370 352/371/371
f 446/368/368 32/367/367 288/372/372 830/370/370
f 830/370/370 288/372/372 64/373/373 447/374/374
f 352/371/371 830/370/370 447/374/374 128/375/375
f 128/375/375 447/374/374 831/376/376 384/377/377
f 447/374/374 64/373/373 320/378/378 831/376/376
f 831/376/376 320/378/378 1/379/379 448/380/380
f 384/377/377 831/376/376 448/380/380 65/381/381
f 65/381/381 448/380/380 832/382/382 321/383/383
f 448/380/380 1/379/379 257/384/384 832/382/382
f 832/382/382 257/384/384 33/5/5 385/2/2
f 321/383/383 832/382/382 385/2/2 97/1/1
f 225/1/385 545/4/386 833/3/387 577/2/388
f 545/4/386 194/9/389 578/8/390 833/3/387
f 833/3/387 578/8/390 130/7/391 481/385/392
f 577/2/388 833/3/387 481/385/392 161/5/393
f 194/9/389 514/386/394 834/10/395 578/8/390
f 514/386/394 226/387/396 579/388/397 834/10/395
f 834/10/395 579/388/397 162/389/398 450/12/399
f 578/8/390 834/10/395 450/12/399 130/7/391
f 226/387/396 546/390/400 835/391/401 579/388/397
f 546/390/400 195/21/402 580/392/403 835/391/401
f 835/391/401 580/392/403 131/19/404 482/393/405
f 579/388/397 835/391/401 482/393/405 162/389/398
f 195/21/402 515/394/406 836/395/407 580/392/403
f 515/394/406 227/27/408 581/26/409 836/395/407
f 836/395/407 581/26/409 163/25/410 451/24/411
f 580/392/403 836/395/407 451/24/411 131/19/404
f 227/27/408 547/396/412 837/397/413 581/26/409
f 547/396/412 196/33/414 582/398/415 837/397/413
f 837/397/413 582/398/415 132/399/416 483/30/417
f 581/26/409 837/397/413 483/30/417 163/25/410
f 196/33/414 516/35/418 838/400/419 582/398/415
f 516/35/418 228/39/420 583/401/421 838/400/419
f 838/400/419 583/401/421 164/37/422 452/36/423
f 582/398/415 838/400/419 452/36/423 132/399/416
f 228/39/420 548/41/424 839/402/425 583/401/421
f 548/41/424 197/45/426 584/44/427 839/402/425
f 839/402/425 584/44/427 133/43/428 484/403/429
f 583/401/421 839/402/425 484/403/429 164/37/422
f 197/45/426 517/47/430 840/46/431 584/44/427
f 517/47/430 229/51/432 585/50/433 840/46/431
f 840/46/431 585/50/433 165/49/434 453/404/435
f 584/44/427 840/46/431 453/404/435 133/43/428
f 229/51/432 549/53/436 841/52/437 585/50/433
f 549/53/436 198/57/438 586/56/439 841/52/437
f 841/52/437 586/56/439 134/405/440 485/54/441
f 585/50/433 841/52/437 485/54/441 165/49/434
f 198/57/438 518/59/442 842/58/443 586/56/439
f 518/59/442 230/63/444 587/406/445 842/58/443
f 842/58/443 587/406/445 166/61/446 454/407/447
f 586/56/439 842/58/443 454/407/447 134/405/440
f 230/63/444 550/65/448 843/64/449 587/406/445
f 550/65/448 199/69/450 588/68/451 843/64/449
f 843/64/449 588/68/451 135/67/452 486/66/453
f 587/406/445 843/64/449 486/66/453 166/61/446
f 199/69/450 519/71/454 844/70/455 588/68/451
f 519/71/454 231/75/456 589/408/457 844/70/455
f 844/70/455 589/408/457 167/409/458 455/72/459
f 588/68/451 844/70/455 455/72/459 135/67/452
f 231/75/456 551/77/460 845/76/461 589/408/457
f 551/77/460 200/410/462 590/80/463 845/76/461
f 845/76/461 590/80/463 136/411/464 487/78/465
f 589/408/457 845/76/461 487/78/465 167/409/458
f 200/410/462 520/83/466 846/82/467 590/80/463
f 520/83/466 232/412/468 591/413/469 846/82/467
f 846/82/467 591/413/469 168/85/470 456/414/471
f 590/80/463 846/82/467 456/414/471 136/411/464
f 232/412/468 552/89/472 847/88/473 591/413/469
f 552/89/472 201/93/474 592/92/475 847/88/473
f 847/88/473 592/92/475 137/415/476 488/90/477
f 591/413/469 847/88/473 488/90/477 168/85/470
f 201/93/474 521/95/478 848/94/479 592/92/475
f 521/95/478 233/99/480 593/98/481 848/94/479
f 848/94/479 593/98/481 169/97/482 457/96/483
f 592/92/475 848/94/479 457/96/483 137/415/476
f 233/99/480 553/101/484 849/100/485 593/98/481
f 553/101/484 202/105/486 594/104/487 849/100/485
f 849/100/485 594/104/487 138/103/488 489/416/489
f 593/98/481 849/100/485 489/416/489 169/97/482
f 202/105/486 522/417/490 850/106/491 594/104/487
f 522/417/490 234/418/492 595/419/493 850/106/491
f 850/106/491 595/419/493 170/420/494 458/108/495
f 594/104/487 850/106/491 458/108/495 138/103/488
f 234/418/492 554/421/496 851/422/497 595/419/493
f 554/421/496 203/117/498 596/423/499 851/422/497
f 851/422/497 596/423/499 139/115/500 490/424/501
f 595/419/493 851/422/497 490/424/501 170/420/494
f 203/117/498 523/119/502 852/425/503 596/423/499
f 523/119/502 235/123/504 597/122/505 852/425/503
f 852/425/503 597/122/505 171/121/506 459/426/507
f 596/423/499 852/425/503 459/426/507 139/115/500
f 235/123/504 555/427/508 853/428/509 597/122/505
f 555/427/508 204/129/510 598/429/511 853/428/509
f 853/428/509 598/429/511 140/430/512 491/126/513
f 597/122/505 853/428/509 491/126/513 171/121/506
f 204/129/510 524/131/514 854/431/515 598/429/511
f 524/131/514 236/135/516 599/134/517 854/431/515
f 854/431/515 599/134/517 172/133/518 460/132/519
f 598/429/511 854/431/515 460/132/519 140/430/512
f 236/135/516 556/137/520 855/432/521 599/134/517
f 556/137/520 205/141/522 600/140/523 855/432/521
f 855/432/521 600/140/523 141/433/524 492/434/525
f 599/134/517 855/432/521 492/434/525 172/133/518
f 205/141/522 525/143/526 856/435/527 600/140/523
f 525/143/526 237/147/528 601/146/529 856/435/527
f 856/435/527 601/146/529 173/145/530 461/436/531
f 600/140/523 856/435/527 461/436/531 141/433/524
f 237/147/528 557/149/532 857/148/533 601/146/529
f 557/149/532 206/153/534 602/152/535 857/148/533
f 857/148/533 602/152/535 142/437/536 493/150/537
f 601/146/529 857/148/533 493/150/537 173/145/530
f 206/153/534 526/155/538 858/438/539 602/152/535
f 526/155/538 238/159/540 603/439/541 858/438/539
f 858/438/539 603/439/541 174/157/542 462/440/543
f 602/152/535 858/438/539 462/440/543 142/437/536
f 238/159/540 558/441/544 859/160/545 603/439/541
f 558/441/544 207/165/546 604/164/547 859/160/545
f 859/160/545 604/164/547 143/163/548 494/162/549
f 603/439/541 859/160/545 494/162/549 174/157/542
f 207/165/546 527/167/550 860/166/551 604/164/547
f 527/167/550 239/171/552 605/442/553 860/166/551
f 860/166/551 605/442/553 175/443/554 463/168/555
f 604/164/547 860/166/551 463/168/555 143/163/548
f 239/171/552 559/173/556 861/172/557 605/442/553
f 559/173/556 208/177/558 606/176/559 861/172/557
f 861/172/557 606/176/559 144/444/560 495/445/561
f 605/442/553 861/172/557 495/445/561 175/443/554
f 208/177/558 528/179/562 862/178/563 606/176/559
f 528/179/562 240/446/564 607/447/565 862/178/563
f 862/178/563 607/447/565 176/181/566 464/448/567
f 606/176/559 862/178/563 464/448/567 144/444/560
f 240/446/564 560/185/568 863/184/569 607/447/565
f 560/185/568 209/189/570 608/188/571 863/184/569
f 863/184/569 608/188/571 145/449/572 496/186/573
f 607/447/565 863/184/569 496/186/573 176/181/566
f 209/189/570 529/191/574 864/190/575 608/188/571
f 529/191/574 241/195/576 609/194/577 864/190/575
f 864/190/575 609/194/577 177/193/578 465/192/579
f 608/188/571 864/190/575 465/192/579 145/449/572
f 241/195/576 561/197/580 865/196/581 609/194/577
f 561/197/580 210/201/582 610/200/583 865/196/581
f 865/196/581 610/200/583 146/199/584 497/450/585
f 609/194/577 865/196/581 497/450/585 177/193/578
f 210/201/582 530/451/586 866/202/587 610/200/583
f 530/451/586 242/452/588 611/453/589 866/202/587
f 866/202/587 611/453/589 178/454/590 466/204/591
f 610/200/583 866/202/587 466/204/591 146/199/584
f 242/452/588 562/455/592 867/456/593 611/453/589
f 562/455/592 211/213/594 612/457/595 867/456/593
f 867/456/593 612/457/595 147/211/596 498/458/597
f 611/453/589 867/456/593 498/458/597 178/454/590
f 211/213/594 531/215/598 868/459/599 612/457/595
f 531/215/598 243/219/600 613/218/601 868/459/599
f 868/459/599 613/218/601 179/217/602 467/216/603
f 612/457/595 868/459/599 467/216/603 147/211/596
f 243/219/600 563/460/604 869/461/605 613/218/601
f 563/460/604 212/225/606 614/462/607 869/461/605
f 869/461/605 614/462/607 148/463/608 499/222/609
f 613/218/601 869/461/605 499/222/609 179/217/602
f 212/225/606 532/227/610 870/464/611 614/462/607
f 532/227/610 244/231/612 615/230/613 870/464/611
f 870/464/611 615/230/613 180/229/614 468/228/615
f 614/462/607 870/464/611 468/228/615 148/463/608
f 244/231/612 564/233/616 871/465/617 615/230/613
f 564/233/616 213/237/618 616/466/619 871/465/617
f 871/465/617 616/466/619 149/467/620 500/468/621
f 615/230/613 871/465/617 500/468/621 180/229/614
f 213/237/618 533/239/622 872/469/623 616/466/619
f 533/239/622 245/243/624 617/242/625 872/469/623
f 872/469/623 617/242/625 181/241/626 469/240/627
f 616/466/619 872/469/623 469/240/627 149/467/620
f 245/243/624 565/245/628 873/470/629 617/242/625
f 565/245/628 214/249/630 618/248/631 873/470/629
f 873/470/629 618/248/631 150/471/632 501/246/633
f 617/242/625 873/470/629 501/246/633 181/241/626
f 214/249/630 534/251/634 874/472/635 618/248/631
f 534/251/634 246/255/636 619/473/637 874/472/635
f 874/472/635 619/473/637 182/253/638 470/474/639
f 618/248/631 874/472/635 470/474/639 150/471/632
f 246/255/636 566/257/640 875/256/641 619/473/637
f 566/257/640 215/261/642 620/260/643 875/256/641
f 875/256/641 620/260/643 151/475/644 502/258/645
f 619/473/637 875/256/641 502/258/645 182/253/638
f 215/261/642 535/263/646 876/476/647 620/260/643
f 535/263/646 247/267/648 621/477/649 876/476/647
f 876/476/647 621/477/649 183/478/650 471/264/651
f 620/260/643 876/476/647 471/264/651 151/475/644
f 247/267/648 567/269/652 877/268/653 621/477/649
f 567/269/652 216/273/654 622/272/655 877/268/653
f 877/268/653 622/272/655 152/479/656 503/270/657
f 621/477/649 877/268/653 503/270/657 183/478/650
f 216/273/654 536/275/658 878/274/659 622/272/655
f 536/275/658 248/480/660 623/481/661 878/274/659
f 878/274/659 623/481/661 184/277/662 472/482/663
f 622/272/655 878/274/659 472/482/663 152/479/656
f 248/480/660 568/281/664 879/280/665 623/481/661
f 568/281/664 217/285/666 624/284/667 879/280/665
f 879/280/665 624/284/667 153/483/668 504/282/669
f 623/481/661 879/280/665 504/282/669 184/277/662
f 217/285/666 537/287/670 880/286/671 624/284/667
f 537/287/670 249/291/672 625/290/673 880/286/671
f 880/286/671 625/290/673 185/289/674 473/288/675
f 624/284/667 880/286/671 473/288/675 153/483/668
f 249/291/672 569/293/676 881/292/677 625/290/673
f 569/293/676 218/297/678 626/296/679 881/292/677
f 881/292/677 626/296/679 154/295/680 505/484/681
f 625/290/673 881/292/677 505/484/681 185/289/674
f 218/297/678 538/485/682 882/298/683 626/296/679
f 538/485/682 250/486/684 627/487/685 882/298/683
f 882/298/683 627/487/685 186/488/686 474/300/687
f 626/296/679 882/298/683 474/300/687 154/295/680
f 250/486/684 570/489/688 883/490/689 627/487/685
f 570/489/688 219/309/690 628/491/691 883/490/689
f 883/490/689 628/491/691 155/307/692 506/492/693
f 627/487/685 883/490/689 506/492/693 186/488/686
f 219/309/690 539/311/694 884/493/695 628/491/691
f 539/311/694 251/315/696 629/314/697 884/493/695
f 884/493/695 629/314/697 187/313/698 475/312/699
f 628/491/691 884/493/695 475/312/699 155/307/692
f 251/315/696 571/494/700 885/495/701 629/314/697
f 571/494/700 220/321/702 630/496/703 885/495/701
f 885/495/701 630/496/703 156/497/704 507/318/705
f 629/314/697 885/495/701 507/318/705 187/313/698
f 220/321/702 540/323/706 886/498/707 630/496/703
f 540/323/706 252/327/708 631/499/709 886/498/707
f 886/498/707 631/499/709 188/325/710 476/324/711
f 630/496/703 886/498/707 476/324/711 156/497/704
f 252/327/708 572/329/712 887/500/713 631/499/709
f 572/329/712 221/333/714 632/501/715 887/500/713
f 887/500/713 632/501/715 157/331/716 508/502/717
f 631/499/709 887/500/713 508/502/717 188/325/710
f 221/333/714 541/335/718 888/334/719 632/501/715
f 541/335/718 253/339/720 633/338/721 888/334/719
f 888/334/719 633/338/721 189/337/722 477/336/723
f 632/501/715 888/334/719 477/336/723 157/331/716
f 253/339/720 573/341/724 889/503/725 633/338/721
f 573/341/724 222/345/726 634/344/727 889/503/725
f 889/503/725 634/344/727 158/504/728 509/342/729
f 633/338/721 889/503/725 509/342/729 189/337/722
f 222/345/726 542/347/730 890/346/731 634/344/727
f 542/347/730 254/351/732 635/505/733 890/346/731
f 890/346/731 635/505/733 190/349/734 478/506/735
f 634/344/727 890/346/731 478/506/735 158/504/728
f 254/351/732 574/353/736 891/352/737 635/505/733
f 574/353/736 223/357/738 636/356/739 891/352/737
f 891/352/737 636/356/739 159/355/740 510/354/741
f 635/505/733 891/352/737 510/354/741 190/349/734
f 223/357/738 543/359/742 892/358/743 636/356/739
f 543/359/742 255/507/744 637/508/745 892/358/743
f 892/358/743 637/508/745 191/509/746 479/360/747
f 636/356/739 892/358/743 479/360/747 159/355/740
f 255/507/744 575/510/748 893/364/749 637/508/745
f 575/510/748 224/511/750 638/368/751 893/364/749
f 893/364/749 638/368/751 160/512/752 511/366/753
f 637/508/745 893/364/749 511/366/753 191/509/746
f 224/511/750 544/371/754 894/370/755 638/368/751
f 544/371/754 256/513/756 639/514/757 894/370/755
f 894/370/755 639/514/757 192/373/758 480/515/759
f 638/368/751 894/370/755 480/515/759 160/512/752
f 256/513/756 576/377/760 895/376/761 639/514/757
f 576/377/760 193/381/762 640/380/763 895/376/761
f 895/376/761 640/380/763 129/516/764 512/378/765
f 639/514/757 895/376/761 512/378/765 192/373/758
f 193/381/762 513/383/766 896/517/767 640/380/763
f 513/383/766 225/1/385 577/2/388 896/517/767
f 896/517/767 577/2/388 161/5/393 449/384/768
f 640/380/763 896/517/767 449/384/768 129/516/764
f 23/259/259 310/258/258 897/518/769 642/519/770
f 310/258/258 54/253/253 641/520/771 897/518/769
f 897/518/772 641/520/773 182/253/638 502/258/645
f 642/519/774 897/518/772 502/258/645 151/475/644
f 35/25/25 259/24/24 898/521/775 644/522/776
f 259/24/24 3/19/19 643/523/777 898/521/775
f 898/521/778 643/523/779 131/19/404 451/24/411
f 644/522/780 898/521/778 451/24/411 163/25/410
f 106/111/111 362/113/113 899/524/781 646/525/782
f 362/113/113 75/117/117 645/526/783 899/524/781
f 899/524/784 645/526/785 203/117/498 554/421/496
f 646/525/786 899/524/784 554/421/496 234/418/492
f 24/271/271 311/270/270 900/527/787 648/528/788
f 311/270/270 55/265/265 647/529/789 900/527/787
f 900/527/790 647/529/791 183/478/650 503/270/657
f 648/528/792 900/527/790 503/270/657 152/479/656
f 36/37/37 260/36/36 901/530/793 650/531/794
f 260/36/36 4/31/31 649/532/795 901/530/793
f 901/530/796 649/532/797 132/399/416 452/36/423
f 650/531/798 901/530/796 452/36/423 164/37/422
f 107/123/123 363/125/125 902/533/799 652/534/800
f 363/125/125 76/129/129 651/535/801 902/533/799
f 902/533/802 651/535/803 204/129/510 555/427/508
f 652/534/804 902/533/802 555/427/508 235/123/504
f 25/283/283 312/282/282 903/536/805 654/537/806
f 312/282/282 56/277/277 653/538/807 903/536/805
f 903/536/808 653/538/809 184/277/662 504/282/669
f 654/537/810 903/536/808 504/282/669 153/483/668
f 37/49/49 261/48/48 904/539/811 656/540/812
f 261/48/48 5/43/43 655/541/813 904/539/811
f 904/539/814 655/541/815 133/43/428 453/404/435
f 656/540/816 904/539/814 453/404/435 165/49/434
f 108/135/135 364/137/137 905/542/817 658/543/818
f 364/137/137 77/141/141 657/544/819 905/542/817
f 905/542/820 657/544/821 205/141/522 556/137/520
f 658/543/822 905/542/820 556/137/520 236/135/516
f 26/295/295 313/294/294 906/545/823 660/546/824
f 313/294/294 57/289/289 659/547/825 906/545/823
f 906/545/826 659/547/827 185/289/674 505/484/681
f 660/546/828 906/545/826 505/484/681 154/295/680
f 38/61/61 262/60/60 907/548/829 662/549/830
f 262/60/60 6/55/55 661/550/831 907/548/829
f 907/548/832 661/550/833 134/405/440 454/407/447
f 662/549/834 907/548/832 454/407/447 166/61/446
f 109/147/147 365/149/149 908/551/835 664/552/836
f 365/149/149 78/153/153 663/553/837 908/551/835
f 908/551/838 663/553/839 206/153/534 557/149/532
f 664/552/840 908/551/838 557/149/532 237/147/528
f 27/307/307 314/306/306 909/554/841 666/555/842
f 314/306/306 58/301/301 665/556/843 909/554/841
f 909/554/844 665/556/845 186/488/686 506/492/693
f 666/555/846 909/554/844 506/492/693 155/307/692
f 39/73/73 263/72/72 910/557/847 668/558/848
f 263/72/72 7/67/67 667/559/849 910/557/847
f 910/557/850 667/559/851 135/67/452 455/72/459
f 668/558/852 910/557/850 455/72/459 167/409/458
f 110/159/159 366/161/161 911/560/853 670/561/854
f 366/161/161 79/165/165 669/562/855 911/560/853
f 911/560/856 669/562/857 207/165/546 558/441/544
f 670/561/858 911/560/856 558/441/544 238/159/540
f 28/319/319 315/318/318 912/563/859 672/564/860
f 315/318/318 59/313/313 671/565/861 912/563/859
f 912/563/862 671/565/863 187/313/698 507/318/705
f 672/564/864 912/563/862 507/318/705 156/497/704
f 40/85/85 264/84/84 913/566/865 674/567/866
f 264/84/84 8/79/79 673/568/867 913/566/865
f 913/566/868 673/568/869 136/411/464 456/414/471
f 674/567/870 913/566/868 456/414/471 168/85/470
f 111/171/171 367/173/173 914/569/871 676/570/872
f 367/173/173 80/177/177 675/571/873 914/569/871
f 914/569/874 675/571/875 208/177/558 559/173/556
f 676/570/876 914/569/874 559/173/556 239/171/552
f 29/331/331 316/330/330 915/572/877 678/573/878
f 316/330/330 60/325/325 677/574/879 915/572/877
f 915/572/880 677/574/881 188/325/710 508/502/717
f 678/573/882 915/572/880 508/502/717 157/331/716
f 41/97/97 265/96/96 916/575/883 680/576/884
f 265/96/96 9/91/91 679/577/885 916/575/883
f 916/575/886 679/577/887 137/415/476 457/96/483
f 680/576/888 916/575/886 457/96/483 169/97/482
f 112/183/183 368/185/185 917/578/889 682/579/890
f 368/185/185 81/189/189 681/580/891 917/578/889
f 917/578/892 681/580/893 209/189/570 560/185/568
f 682/579/894 917/578/892 560/185/568 240/446/564
f 30/343/343 317/342/342 918/581/895 684/582/896
f 317/342/342 61/337/337 683/583/897 918/581/895
f 918/581/898 683/583/899 189/337/722 509/342/729
f 684/582/900 918/581/898 509/342/729 158/504/728
f 42/109/109 266/108/108 919/584/901 686/585/902
f 266/108/108 10/103/103 685/586/903 919/584/901
f 919/584/904 685/586/905 138/103/488 458/108/495
f 686/585/906 919/584/904 458/108/495 170/420/494
f 113/195/195 369/197/197 920/587/907 688/588/908
f 369/197/197 82/201/201 687/589/909 920/587/907
f 920/587/910 687/589/911 210/201/582 561/197/580
f 688/588/912 920/587/910 561/197/580 241/195/576
f 31/355/355 318/354/354 921/590/913 690/591/914
f 318/354/354 62/349/349 689/592/915 921/590/913
f 921/590/916 689/592/917 190/349/734 510/354/741
f 690/591/918 921/590/916 510/354/741 159/355/740
f 43/121/121 267/120/120 922/593/919 692/594/920
f 267/120/120 11/115/115 691/595/921 922/593/919
f 922/593/922 691/595/923 139/115/500 459/426/507
f 692/594/924 922/593/922 459/426/507 171/121/506
f 114/207/207 370/209/209 923/596/925 694/597/926
f 370/209/209 83/213/213 693/598/927 923/596/925
f 923/596/928 693/598/929 211/213/594 562/455/592
f 694/597/930 923/596/928 562/455/592 242/452/588
f 32/367/367 319/366/366 924/599/931 696/600/932
f 319/366/366 63/361/361 695/601/933 924/599/931
f 924/599/934 695/601/935 191/509/746 511/366/753
f 696/600/936 924/599/934 511/366/753 160/512/752
f 44/133/133 268/132/132 925/602/937 698/603/938
f 268/132/132 12/127/127 697/604/939 925/602/937
f 925/602/940 697/604/941 140/430/512 460/132/519
f 698/603/942 925/602/940 460/132/519 172/133/518
f 115/219/219 371/221/221 926/605/943 700/606/944
f 371/221/221 84/225/225 699/607/945 926/605/943
f 926/605/946 699/607/947 212/225/606 563/460/604
f 700/606/948 926/605/946 563/460/604 243/219/600
f 1/379/379 320/378/378 927/608/949 702/609/950
f 320/378/378 64/373/373 701/610/951 927/608/949
f 927/608/952 701/610/953 192/373/758 512/378/765
f 702/609/954 927/608/952 512/378/765 129/516/764
f 45/145/145 269/144/144 928/611/955 704/612/956
f 269/144/144 13/139/139 703/613/957 928/611/955
f 928/611/958 703/613/959 141/433/524 461/436/531
f 704/612/960 928/611/958 461/436/531 173/145/530
f 116/231/231 372/233/233 929/614/961 706/615/962
f 372/233/233 85/237/237 705/616/963 929/614/961
f 929/614/964 705/616/965 213/237/618 564/233/616
f 706/615/966 929/614/964 564/233/616 244/231/612
f 65/381/381 321/383/383 930/617/967 708/618/968
f 321/383/383 97/1/1 707/619/969 930/617/967
f 930/617/970 707/619/971 225/1/385 513/383/766
f 708/618/972 930/617/970 513/383/766 193/381/762
f 46/157/157 270/156/156 931/620/973 710/621/974
f 270/156/156 14/151/151 709/622/975 931/620/973
f 931/620/976 709/622/977 142/437/536 462/440/543
f 710/621/978 931/620/976 462/440/543 174/157/542
f 117/243/243 373/245/245 932/623/979 712/624/980
f 373/245/245 86/249/249 711/625/981 932/623/979
f 932/623/982 711/625/983 214/249/630 565/245/628
f 712/624/984 932/623/982 565/245/628 245/243/624
f 66/9/9 322/11/11 933/626/985 714/627/986
f 322/11/11 98/15/15 713/628/987 933/626/985
f 933/626/988 713/628/989 226/387/396 514/386/394
f 714/627/990 933/626/988 514/386/394 194/9/389
f 47/169/169 271/168/168 934/629/991 716/630/992
f 271/168/168 15/163/163 715/631/993 934/629/991
f 934/629/994 715/631/995 143/163/548 463/168/555
f 716/630/996 934/629/994 463/168/555 175/443/554
f 118/255/255 374/257/257 935/632/997 718/633/998
f 374/257/257 87/261/261 717/634/999 935/632/997
f 935/632/1000 717/634/1001 215/261/642 566/257/640
f 718/633/1002 935/632/1000 566/257/640 246/255/636
f 67/21/21 323/23/23 936/635/1003 720/636/1004
f 323/23/23 99/27/27 719/637/1005 936/635/1003
f 936/635/1006 719/637/1007 227/27/408 515/394/406
f 720/636/1008 936/635/1006 515/394/406 195/21/402
f 48/181/181 272/180/180 937/638/1009 722/639/1010
f 272/180/180 16/175/175 721/640/1011 937/638/1009
f 937/638/1012 721/640/1013 144/444/560 464/448/567
f 722/639/1014 937/638/1012 464/448/567 176/181/566
f 119/267/267 375/269/269 938/641/1015 724/642/1016
f 375/269/269 88/273/273 723/643/1017 938/641/1015
f 938/641/1018 723/643/1019 216/273/654 567/269/652
f 724/642/1020 938/641/1018 567/269/652 247/267/648
f 68/33/33 324/35/35 939/644/1021 726/645/1022
f 324/35/35 100/39/39 725/646/1023 939/644/1021
f 939/644/1024 725/646/1025 228/39/420 516/35/418
f 726/645/1026 939/644/1024 516/35/418 196/33/414
f 49/193/193 273/192/192 940/647/1027 728/648/1028
f 273/192/192 17/187/187 727/649/1029 940/647/1027
f 940/647/1030 727/649/1031 145/449/572 465/192/579
f 728/648/1032 940/647/1030 465/192/579 177/193/578
f 120/279/279 376/281/281 941/650/1033 730/651/1034
f 376/281/281 89/285/285 729/652/1035 941/650/1033
f 941/650/1036 729/652/1037 217/285/666 568/281/664
f 730/651/1038 941/650/1036 568/281/664 248/480/660
f 69/45/45 325/47/47 942/653/1039 732/654/1040
f 325/47/47 101/51/51 731/655/1041 942/653/1039
f 942/653/1042 731/655/1043 229/51/432 517/47/430
f 732/654/1044 942/653/1042 517/47/430 197/45/426
f 50/205/205 274/204/204 943/656/1045 734/657/1046
f 274/204/204 18/199/199 733/658/1047 943/656/1045
f 943/656/1048 733/658/1049 146/199/584 466/204/591
f 734/657/1050 943/656/1048 466/204/591 178/454/590
f 121/291/291 377/293/293 944/659/1051 736/660/1052
f 377/293/293 90/297/297 735/661/1053 944/659/1051
f 944/659/1054 735/661/1055 218/297/678 569/293/676
f 736/660/1056 944/659/1054 569/293/676 249/291/672
f 70/57/57 326/59/59 945/662/1057 738/663/1058
f 326/59/59 102/63/63 737/664/1059 945/662/1057
f 945/662/1060 737/664/1061 230/63/444 518/59/442
f 738/663/1062 945/662/1060 518/59/442 198/57/438
f 51/217/217 275/216/216 946/665/1063 740/666/1064
f 275/216/216 19/211/211 739/667/1065 946/665/1063
f 946/665/1066 739/667/1067 147/211/596 467/216/603
f 740/666/1068 946/665/1066 467/216/603 179/217/602
f 122/303/303 378/305/305 947/668/1069 742/669/1070
f 378/305/305 91/309/309 741/670/1071 947/668/1069
f 947/668/1072 741/670/1073 219/309/690 570/489/688
f 742/669/1074 947/668/1072 570/489/688 250/486/684
f 71/69/69 327/71/71 948/671/1075 744/672/1076
f 327/71/71 103/75/75 743/673/1077 948/671/1075
f 948/671/1078 743/673/1079 231/75/456 519/71/454
f 744/672/1080 948/671/1078 519/71/454 199/69/450
f 52/229/229 276/228/228 949/674/1081 746/675/1082
f 276/228/228 20/223/223 745/676/1083 949/674/1081
f 949/674/1084 745/676/1085 148/463/608 468/228/615
f 746/675/1086 949/674/1084 468/228/615 180/229/614
f 123/315/315 379/317/317 950/677/1087 748/678/1088
f 379/317/317 92/321/321 747/679/1089 950/677/1087
f 950/677/1090 747/679/1091 220/321/702 571/494/700
f 748/678/1092 950/677/1090 571/494/700 251/315/696
f 72/81/81 328/83/83 951/680/1093 750/681/1094
f 328/83/83 104/87/87 749/682/1095 951/680/1093
f 951/680/1096 749/682/1097 232/412/468 520/83/466
f 750/681/1098 951/680/1096 520/83/466 200/410/462
f 53/241/241 277/240/240 952/683/1099 752/684/1100
f 277/240/240 21/235/235 751/685/1101 952/683/1099
f 952/683/1102 751/685/1103 149/467/620 469/240/627
f 752/684/1104 952/683/1102 469/240/627 181/241/626
f 124/327/327 380/329/329 953/686/1105 754/687/1106
f 380/329/329 93/333/333 753/688/1107 953/686/1105
f 953/686/1108 753/688/1109 221/333/714 572/329/712
f 754/687/1110 953/686/1108 572/329/712 252/327/708
f 73/93/93 329/95/95 954/689/1111 756/690/1112
f 329/95/95 105/99/99 755/691/1113 954/689/1111
f 954/689/1114 755/691/1115 233/99/480 521/95/478
f 756/690/1116 954/689/1114 521/95/478 201/93/474
f 54/253/253 278/252/252 955/692/1117 641/520/771
f 278/252/252 22/247/247 757/693/1118 955/692/1117
f 955/692/1119 757/693/1120 150/471/632 470/474/639
f 641/520/773 955/692/1119 470/474/639 182/253/638
f 125/339/339 381/341/341 956/694/1121 759/695/1122
f 381/341/341 94/345/345 758/696/1123 956/694/1121
f 956/694/1124 758/696/1125 222/345/726 573/341/724
f 759/695/1126 956/694/1124 573/341/724 253/339/720
f 74/105/105 330/107/107 957/697/1127 760/698/1128
f 330/107/107 106/111/111 646/525/782 957/697/1127
f 957/697/1129 646/525/786 234/418/492 522/417/490
f 760/698/1130 957/697/1129 522/417/490 202/105/486
f 55/265/265 279/264/264 958/699/1131 647/529/789
f 279/264/264 23/259/259 642/519/770 958/699/1131
f 958/699/1132 642/519/774 151/475/644 471/264/651
f 647/529/791 958/699/1132 471/264/651 183/478/650
f 126/351/351 382/353/353 959/700/1133 762/701/1134
f 382/353/353 95/357/357 761/702/1135 959/700/1133
f 959/700/1136 761/702/1137 223/357/738 574/353/736
f 762/701/1138 959/700/1136 574/353/736 254/351/732
f 75/117/117 331/119/119 960/703/1139 645/526/783
f 331/119/119 107/123/123 652/534/800 960/703/1139
f 960/703/1140 652/534/804 235/123/504 523/119/502
f 645/526/785 960/703/1140 523/119/502 203/117/498
f 56/277/277 280/276/276 961/704/1141 653/538/807
f 280/276/276 24/271/271 648/528/788 961/704/1141
f 961/704/1142 648/528/792 152/479/656 472/482/663
f 653/538/809 961/704/1142 472/482/663 184/277/662
f 127/363/363 383/365/365 962/705/1143 764/706/1144
f 383/365/365 96/369/369 763/707/1145 962/705/1143
f 962/705/1146 763/707/1147 224/511/750 575/510/748
f 764/706/1148 962/705/1146 575/510/748 255/507/744
f 76/129/129 332/131/131 963/708/1149 651/535/801
f 332/131/131 108/135/135 658/543/818 963/708/1149
f 963/708/1150 658/543/822 236/135/516 524/131/514
f 651/535/803 963/708/1150 524/131/514 204/129/510
f 57/289/289 281/288/288 964/709/1151 659/547/825
f 281/288/288 25/283/283 654/537/806 964/709/1151
f 964/709/1152 654/537/810 153/483/668 473/288/675
f 659/547/827 964/709/1152 473/288/675 185/289/674
f 128/375/375 384/377/377 965/710/1153 765/711/1154
f 384/377/377 65/381/381 708/618/968 965/710/1153
f 965/710/1155 708/618/972 193/381/762 576/377/760
f 765/711/1156 965/710/1155 576/377/760 256/513/756
f 77/141/141 333/143/143 966/712/1157 657/544/819
f 333/143/143 109/147/147 664/552/836 966/712/1157
f 966/712/1158 664/552/840 237/147/528 525/143/526
f 657/544/821 966/712/1158 525/143/526 205/141/522
f 58/301/301 282/300/300 967/713/1159 665/556/843
f 282/300/300 26/295/295 660/546/824 967/713/1159
f 967/713/1160 660/546/828 154/295/680 474/300/687
f 665/556/845 967/713/1160 474/300/687 186/488/686
f 78/153/153 334/155/155 968/714/1161 663/553/837
f 334/155/155 110/159/159 670/561/854 968/714/1161
f 968/714/1162 670/561/858 238/159/540 526/155/538
f 663/553/839 968/714/1162 526/155/538 206/153/534
f 59/313/313 283/312/312 969/715/1163 671/565/861
f 283/312/312 27/307/307 666/555/842 969/715/1163
f 969/715/1164 666/555/846 155/307/692 475/312/699
f 671/565/863 969/715/1164 475/312/699 187/313/698
f 79/165/165 335/167/167 970/716/1165 669/562/855
f 335/167/167 111/171/171 676/570/872 970/716/1165
f 970/716/1166 676/570/876 239/171/552 527/167/550
f 669/562/857 970/716/1166 527/167/550 207/165/546
f 60/325/325 284/324/324 971/717/1167 677/574/879
f 284/324/324 28/319/319 672/564/860 971/717/1167
f 971/717/1168 672/564/864 156/497/704 476/324/711
f 677/574/881 971/717/1168 476/324/711 188/325/710
f 80/177/177 336/179/179 972/718/1169 675/571/873
f 336/179/179 112/183/183 682/579/890 972/718/1169
f 972/718/1170 682/579/894 240/446/564 528/179/562
f 675/571/875 972/718/1170 528/179/562 208/177/558
f 61/337/337 285/336/336 973/719/1171 683/583/897
f 285/336/336 29/331/331 678/573/878 973/719/1171
f 973/719/1172 678/573/882 157/331/716 477/336/723
f 683/583/899 973/719/1172 477/336/723 189/337/722
f 81/189/189 337/191/191 974/720/1173 681/580/891
f 337/191/191 113/195/195 688/588/908 974/720/1173
f 974/720/1174 688/588/912 241/195/576 529/191/574
f 681/580/893 974/720/1174 529/191/574 209/189/570
f 62/349/349 286/348/348 975/721/1175 689/592/915
f 286/348/348 30/343/343 684/582/896 975/721/1175
f 975/721/1176 684/582/900 158/504/728 478/506/735
f 689/592/917 975/721/1176 478/506/735 190/349/734
f 82/201/201 338/203/203 976/722/1177 687/589/909
f 338/203/203 114/207/207 694/597/926 976/722/1177
f 976/722/1178 694/597/930 242/452/588 530/451/586
f 687/589/911 976/722/1178 530/451/586 210/201/582
f 63/361/361 287/360/360 977/723/1179 695/601/933
f 287/360/360 31/355/355 690/591/914 977/723/1179
f 977/723/1180 690/591/918 159/355/740 479/360/747
f 695/601/935 977/723/1180 479/360/747 191/509/746
f 83/213/213 339/215/215 978/724/1181 693/598/927
f 339/215/215 115/219/219 700/606/944 978/724/1181
f 978/724/1182 700/606/948 243/219/600 531/215/598
f 693/598/929 978/724/1182 531/215/598 211/213/594
f 64/373/373 288/372/372 979/725/1183 701/610/951
f 288/372/372 32/367/367 696/600/932 979/725/1183
f 979/725/1184 696/600/936 160/512/752 480/515/759
f 701/610/953 979/725/1184 480/515/759 192/373/758
f 84/225/225 340/227/227 980/726/1185 699/607/945
f 340/227/227 116/231/231 706/615/962 980/726/1185
f 980/726/1186 706/615/966 244/231/612 532/227/610
f 699/607/947 980/726/1186 532/227/610 212/225/606
f 2/7/7 289/6/6 981/727/1187 767/728/1188
f 289/6/6 33/5/5 766/729/1189 981/727/1187
f 981/727/1190 766/729/1191 161/5/393 481/385/392
f 767/728/1192 981/727/1190 481/385/392 130/7/391
f 85/237/237 341/239/239 982/730/1193 705/616/963
f 341/239/239 117/243/243 712/624/980 982/730/1193
f 982/730/1194 712/624/984 245/243/624 533/239/622
f 705/616/965 982/730/1194 533/239/622 213/237/618
f 3/19/19 290/18/18 983/731/1195 643/523/777
f 290/18/18 34/13/13 768/732/1196 983/731/1195
f 983/731/1197 768/732/1198 162/389/398 482/393/405
f 643/523/779 983/731/1197 482/393/405 131/19/404
f 86/249/249 342/251/251 984/733/1199 711/625/981
f 342/251/251 118/255/255 718/633/998 984/733/1199
f 984/733/1200 718/633/1002 246/255/636 534/251/634
f 711/625/983 984/733/1200 534/251/634 214/249/630
f 4/31/31 291/30/30 985/734/1201 649/532/795
f 291/30/30 35/25/25 644/522/776 985/734/1201
f 985/734/1202 644/522/780 163/25/410 483/30/417
f 649/532/797 985/734/1202 483/30/417 132/399/416
f 87/261/261 343/263/263 986/735/1203 717/634/999
f 343/263/263 119/267/267 724/642/1016 986/735/1203
f 986/735/1204 724/642/1020 247/267/648 535/263/646
f 717/634/1001 986/735/1204 535/263/646 215/261/642
f 5/43/43 292/42/42 987/736/1205 655/541/813
f 292/42/42 36/37/37 650/531/794 987/736/1205
f 987/736/1206 650/531/798 164/37/422 484/403/429
f 655/541/815 987/736/1206 484/403/429 133/43/428
f 88/273/273 344/275/275 988/737/1207 723/643/1017
f 344/275/275 120/279/279 730/651/1034 988/737/1207
f 988/737/1208 730/651/1038 248/480/660 536/275/658
f 723/643/1019 988/737/1208 536/275/658 216/273/654
f 6/55/55 293/54/54 989/738/1209 661/550/831
f 293/54/54 37/49/49 656/540/812 989/738/1209
f 989/738/1210 656/540/816 165/49/434 485/54/441
f 661/550/833 989/738/1210 485/54/441 134/405/440
f 89/285/285 345/287/287 990/739/1211 729/652/1035
f 345/287/287 121/291/291 736/660/1052 990/739/1211
f 990/739/1212 736/660/1056 249/291/672 537/287/670
f 729/652/1037 990/739/1212 537/287/670 217/285/666
f 7/67/67 294/66/66 991/740/1213 667/559/849
f 294/66/66 38/61/61 662/549/830 991/740/1213
f 991/740/1214 662/549/834 166/61/446 486/66/453
f 667/559/851 991/740/1214 486/66/453 135/67/452
f 90/297/297 346/299/299 992/741/1215 735/661/1053
f 346/299/299 122/303/303 742/669/1070 992/741/1215
f 992/741/1216 742/669/1074 250/486/684 538/485/682
f 735/661/1055 992/741/1216 538/485/682 218/297/678
f 8/79/79 295/78/78 993/742/1217 673/568/867
f 295/78/78 39/73/73 668/558/848 993/742/1217
f 993/742/1218 668/558/852 167/409/458 487/78/465
f 673/568/869 993/742/1218 487/78/465 136/411/464
f 91/309/309 347/311/311 994/743/1219 741/670/1071
f 347/311/311 123/315/315 748/678/1088 994/743/1219
f 994/743/1220 748/678/1092 251/315/696 539/311/694
f 741/670/1073 994/743/1220 539/311/694 219/309/690
f 9/91/91 296/90/90 995/744/1221 679/577/885
f 296/90/90 40/85/85 674/567/866 995/744/1221
f 995/744/1222 674/567/870 168/85/470 488/90/477
f 679/577/887 995/744/1222 488/90/477 137/415/476
f 92/321/321 348/323/323 996/745/1223 747/679/1089
f 348/323/323 124/327/327 754/687/1106 996/745/1223
f 996/745/1224 754/687/1110 252/327/708 540/323/706
f 747/679/1091 996/745/1224 540/323/706 220/321/702
f 10/103/103 297/102/102 997/746/1225 685/586/903
f 297/102/102 41/97/97 680/576/884 997/746/1225
f 997/746/1226 680/576/888 169/97/482 489/416/489
f 685/586/905 997/746/1226 489/416/489 138/103/488
f 93/333/333 349/335/335 998/747/1227 753/688/1107
f 349/335/335 125/339/339 759/695/1122 998/747/1227
f 998/747/1228 759/695/1126 253/339/720 541/335/718
f 753/688/1109 998/747/1228 541/335/718 221/333/714
f 11/115/115 298/114/114 999/748/1229 691/595/921
f 298/114/114 42/109/109 686/585/902 999/748/1229
f 999/748/1230 686/585/906 170/420/494 490/424/501
f 691/595/923 999/748/1230 490/424/501 139/115/500
f 94/345/345 350/347/347 1000/749/1231 758/696/1123
f 350/347/347 126/351/351 762/701/1134 1000/749/1231
f 1000/749/1232 762/701/1138 254/351/732 542/347/730
f 758/696/1125 1000/749/1232 542/347/730 222/345/726
f 12/127/127 299/126/126 1001/750/1233 697/604/939
f 299/126/126 43/121/121 692/594/920 1001/750/1233
f 1001/750/1234 692/594/924 171/121/506 491/126/513
f 697/604/941 1001/750/1234 491/126/513 140/430/512
f 95/357/357 351/359/359 1002/751/1235 761/702/1135
f 351/359/359 127/363/363 764/706/1144 1002/751/1235
f 1002/751/1236 764/706/1148 255/507/744 543/359/742
f 761/702/1137 1002/751/1236 543/359/742 223/357/738
f 13/139/139 300/138/138 1003/752/1237 703/613/957
f 300/138/138 44/133/133 698/603/938 1003/752/1237
f 1003/752/1238 698/603/942 172/133/518 492/434/525
f 703/613/959 1003/752/1238 492/434/525 141/433/524
f 96/369/369 352/371/371 1004/753/1239 763/707/1145
f 352/371/371 128/375/375 765/711/1154 1004/753/1239
f 1004/753/1240 765/711/1156 256/513/756 544/371/754
f 763/707/1147 1004/753/1240 544/371/754 224/511/750
f 14/151/151 301/150/150 1005/754/1241 709/622/975
f 301/150/150 45/145/145 704/612/956 1005/754/1241
f 1005/754/1242 704/612/960 173/145/530 493/150/537
f 709/622/977 1005/754/1242 493/150/537 142/437/536
f 97/1/1 353/4/4 1006/755/1243 707/619/969
f 353/4/4 66/9/9 714/627/986 1006/755/1243
f 1006/755/1244 714/627/990 194/9/389 545/4/386
f 707/619/971 1006/755/1244 545/4/386 225/1/385
f 15/163/163 302/162/162 1007/756/1245 715/631/993
f 302/162/162 46/157/157 710/621/974 1007/756/1245
f 1007/756/1246 710/621/978 174/157/542 494/162/549
f 715/631/995 1007/756/1246 494/162/549 143/163/548
f 98/15/15 354/17/17 1008/757/1247 713/628/987
f 354/17/17 67/21/21 720/636/1004 1008/757/1247
f 1008/757/1248 720/636/1008 195/21/402 546/390/400
f 713/628/989 1008/757/1248 546/390/400 226/387/396
f 16/175/175 303/174/174 1009/758/1249 721/640/1011
f 303/174/174 47/169/169 716/630/992 1009/758/1249
f 1009/758/1250 716/630/996 175/443/554 495/445/561
f 721/640/1013 1009/758/1250 495/445/561 144/444/560
f 99/27/27 355/29/29 1010/759/1251 719/637/1005
f 355/29/29 68/33/33 726/645/1022 1010/759/1251
f 1010/759/1252 726/645/1026 196/33/414 547/396/412
f 719/637/1007 1010/759/1252 547/396/412 227/27/408
f 17/187/187 304/186/186 1011/760/1253 727/649/1029
f 304/186/186 48/181/181 722/639/1010 1011/760/1253
f 1011/760/1254 722/639/1014 176/181/566 496/186/573
f 727/649/1031 1011/760/1254 496/186/573 145/449/572
f 100/39/39 356/41/41 1012/761/1255 725/646/1023
f 356/41/41 69/45/45 732/654/1040 1012/761/1255
f 1012/761/1256 732/654/1044 197/45/426 548/41/424
f 725/646/1025 1012/761/1256 548/41/424 228/39/420
f 18/199/199 305/198/198 1013/762/1257 733/658/1047
f 305/198/198 49/193/193 728/648/1028 1013/762/1257
f 1013/762/1258 728/648/1032 177/193/578 497/450/585
f 733/658/1049 1013/762/1258 497/450/585 146/199/584
f 101/51/51 357/53/53 1014/763/1259 731/655/1041
f 357/53/53 70/57/57 738/663/1058 1014/763/1259
f 1014/763/1260 738/663/1062 198/57/438 549/53/436
f 731/655/1043 1014/763/1260 549/53/436 229/51/432
f 19/211/211 306/210/210 1015/764/1261 739/667/1065
f 306/210/210 50/205/205 734/657/1046 1015/764/1261
f 1015/764/1262 734/657/1050 178/454/590 498/458/597
f 739/667/1067 1015/764/1262 498/458/597 147/211/596
f 102/63/63 358/65/65 1016/765/1263 737/664/1059
f 358/65/65 71/69/69 744/672/1076 1016/765/1263
f 1016/765/1264 744/672/1080 199/69/450 550/65/448
f 737/664/1061 1016/765/1264 550/65/448 230/63/444
f 20/223/223 307/222/222 1017/766/1265 745/676/1083
f 307/222/222 51/217/217 740/666/1064 1017/766/1265
f 1017/766/1266 740/666/1068 179/217/602 499/222/609
f 745/676/1085 1017/766/1266 499/222/609 148/463/608
f 103/75/75 359/77/77 1018/767/1267 743/673/1077
f 359/77/77 72/81/81 750/681/1094 1018/767/1267
f 1018/767/1268 750/681/1098 200/410/462 551/77/460
f 743/673/1079 1018/767/1268 551/77/460 231/75/456
f 21/235/235 308/234/234 1019/768/1269 751/685/1101
f 308/234/234 52/229/229 746/675/1082 1019/768/1269
f 1019/768/1270 746/675/1086 180/229/614 500/468/621
f 751/685/1103 1019/768/1270 500/468/621 149/467/620
f 33/5/5 257/384/384 1020/769/1271 766/729/1189
f 257/384/384 1/379/379 702/609/950 1020/769/1271
f 1020/769/1272 702/609/954 129/516/764 449/384/768
f 766/729/1191 1020/769/1272 449/384/768 161/5/393
f 104/87/87 360/89/89 1021/770/1273 749/682/1095
f 360/89/89 73/93/93 756/690/1112 1021/770/1273
f 1021/770/1274 756/690/1116 201/93/474 552/89/472
f 749/682/1097 1021/770/1274 552/89/472 232/412/468
f 22/247/247 309/246/246 1022/771/1275 757/693/1118
f 309/246/246 53/241/241 752/684/1100 1022/771/1275
f 1022/771/1276 752/684/1104 181/241/626 501/246/633
f 757/693/1120 1022/771/1276 501/246/633 150/471/632
f 34/13/13 258/12/12 1023/772/1277 768/732/1196
f 258/12/12 2/7/7 767/728/1188 1023/772/1277
f 1023/772/1278 767/728/1192 130/7/391 450/12/399
f 768/732/1198 1023/772/1278 450/12/399 162/389/398
f 105/99/99 361/101/101 1024/773/1279 755/691/1113
f 361/101/101 74/105/105 760/698/1128 1024/773/1279
f 1024/773/1280 760/698/1130 202/105/486 553/101/484
f 755/691/1115 1024/773/1280 553/101/484 233/99/480
